--
-- PostgreSQL database dump
--

\restrict MMwtgQUIszLihu9wsCPTJrtKvtFbLrCDHXh125Jc2KaLYbShDUcTHZbMEU3PFaQ

-- Dumped from database version 17.6
-- Dumped by pg_dump version 17.9

SET statement_timeout = 0;
SET lock_timeout = 0;
SET idle_in_transaction_session_timeout = 0;
SET transaction_timeout = 0;
SET client_encoding = 'UTF8';
SET standard_conforming_strings = on;
SELECT pg_catalog.set_config('search_path', '', false);
SET check_function_bodies = false;
SET xmloption = content;
SET client_min_messages = warning;
SET row_security = off;

--
-- Data for Name: audit_log_entries; Type: TABLE DATA; Schema: auth; Owner: supabase_auth_admin
--

COPY auth.audit_log_entries (instance_id, id, payload, created_at, ip_address) FROM stdin;
\.


--
-- Data for Name: custom_oauth_providers; Type: TABLE DATA; Schema: auth; Owner: supabase_auth_admin
--

COPY auth.custom_oauth_providers (id, provider_type, identifier, name, client_id, client_secret, acceptable_client_ids, scopes, pkce_enabled, attribute_mapping, authorization_params, enabled, email_optional, issuer, discovery_url, skip_nonce_check, cached_discovery, discovery_cached_at, authorization_url, token_url, userinfo_url, jwks_uri, created_at, updated_at) FROM stdin;
\.


--
-- Data for Name: flow_state; Type: TABLE DATA; Schema: auth; Owner: supabase_auth_admin
--

COPY auth.flow_state (id, user_id, auth_code, code_challenge_method, code_challenge, provider_type, provider_access_token, provider_refresh_token, created_at, updated_at, authentication_method, auth_code_issued_at, invite_token, referrer, oauth_client_state_id, linking_target_id, email_optional) FROM stdin;
\.


--
-- Data for Name: users; Type: TABLE DATA; Schema: auth; Owner: supabase_auth_admin
--

COPY auth.users (instance_id, id, aud, role, email, encrypted_password, email_confirmed_at, invited_at, confirmation_token, confirmation_sent_at, recovery_token, recovery_sent_at, email_change_token_new, email_change, email_change_sent_at, last_sign_in_at, raw_app_meta_data, raw_user_meta_data, is_super_admin, created_at, updated_at, phone, phone_confirmed_at, phone_change, phone_change_token, phone_change_sent_at, email_change_token_current, email_change_confirm_status, banned_until, reauthentication_token, reauthentication_sent_at, is_sso_user, deleted_at, is_anonymous) FROM stdin;
00000000-0000-0000-0000-000000000000	cdbe65b4-50a5-4ae0-bbe9-dc360828f6c8	authenticated	authenticated	t841208t@gmail.com	$2a$10$qRlTkR/FAHc.C1twhct8/OkWceyLoY/VSn9A58llkMssa21jxWZg6	2026-03-27 12:22:02.295889+00	\N		\N		\N			\N	\N	{"provider": "email", "providers": ["email"]}	{"email_verified": true}	\N	2026-03-27 12:22:02.288003+00	2026-03-27 12:22:02.301203+00	\N	\N			\N		0	\N		\N	f	\N	f
00000000-0000-0000-0000-000000000000	4b405c3b-7ffe-49ff-8bf1-0e753c448b61	authenticated	authenticated	lumenred@gmail.com	$2a$10$tfEkDPFsCGlhfORCDW9kreC0qVXny.iJ8iPU1RUnHHA6KTZm/GPQu	2026-03-27 12:22:08.369234+00	\N		\N		\N			\N	\N	{"provider": "email", "providers": ["email"]}	{"email_verified": true}	\N	2026-03-27 12:22:08.366347+00	2026-03-27 12:22:08.369898+00	\N	\N			\N		0	\N		\N	f	\N	f
00000000-0000-0000-0000-000000000000	dd9fc277-0655-4dad-b01a-0b9f42e0ba73	authenticated	authenticated	gina0116@kimo.com	$2a$10$TKZ0bd5d/2gcGd3UH7NW.eVIrOXySyFR6cuP7vtxdCDP.MvtEoIMa	2026-03-27 12:22:07.324114+00	\N		\N		\N			\N	\N	{"provider": "email", "providers": ["email"]}	{"email_verified": true}	\N	2026-03-27 12:22:07.319098+00	2026-03-27 12:22:07.326674+00	\N	\N			\N		0	\N		\N	f	\N	f
00000000-0000-0000-0000-000000000000	0fbf94c9-b8f2-4388-b1ea-5dbe0007160d	authenticated	authenticated	j308882001@gmail.com	$2a$10$lm.ddJSgprsEQgcGkg2NZOWcs1xuzrxINHSfJYGSVXTbVpcxtuIu2	2026-03-27 12:22:02.792306+00	\N		\N		\N			\N	\N	{"provider": "email", "providers": ["email"]}	{"email_verified": true}	\N	2026-03-27 12:22:02.782631+00	2026-03-27 12:22:02.79424+00	\N	\N			\N		0	\N		\N	f	\N	f
00000000-0000-0000-0000-000000000000	2956b795-f3fb-4412-a490-d5b815505f7c	authenticated	authenticated	sunnysherry@hotmail.com	$2a$10$l4FDleWpyNXB7msych6YP.rOSuBhzb.Sfh4REsuV5GNuHt.rs/JHi	2026-03-27 12:22:05.221108+00	\N		\N		\N			\N	\N	{"provider": "email", "providers": ["email"]}	{"email_verified": true}	\N	2026-03-27 12:22:05.21741+00	2026-03-27 12:22:05.223844+00	\N	\N			\N		0	\N		\N	f	\N	f
00000000-0000-0000-0000-000000000000	628975a5-1332-4ee8-a020-c73a5beab784	authenticated	authenticated	gathertaiwan@gmail.com	$2a$10$5YsY0.FlBsUDY1ecyNx37OBEdZkuA0ty2kCBofmESfqpJxZWTq9yC	2026-03-27 12:22:00.214562+00	\N		\N		\N			\N	\N	{"provider": "email", "providers": ["email"]}	{"email_verified": true}	\N	2026-03-27 12:22:00.181918+00	2026-03-27 12:22:00.216451+00	\N	\N			\N		0	\N		\N	f	\N	f
00000000-0000-0000-0000-000000000000	fc39cdda-bbde-404e-82b6-447fb12bca03	authenticated	authenticated	kuei19960511@gmail.com	$2a$10$30R9Cwj4XUHimuNo94PQ7.F3OsIC8MqyIzLgCv2ebW8Xs14LVVY8e	2026-03-27 12:22:03.273121+00	\N		\N		\N			\N	\N	{"provider": "email", "providers": ["email"]}	{"email_verified": true}	\N	2026-03-27 12:22:03.269803+00	2026-03-27 12:22:03.27462+00	\N	\N			\N		0	\N		\N	f	\N	f
00000000-0000-0000-0000-000000000000	254e9782-e775-47bc-aff9-d46cd1caa68d	authenticated	authenticated	yinhsin.c@gmail.com	$2a$10$bdDtPYAEk0rnf0mA2UrWnuk1YsEEoNS2wCkYgYNfctUJT0m.cIu3.	2026-03-27 12:22:01.127354+00	\N		\N		\N			\N	\N	{"provider": "email", "providers": ["email"]}	{"email_verified": true}	\N	2026-03-27 12:22:01.111461+00	2026-03-27 12:22:01.129344+00	\N	\N			\N		0	\N		\N	f	\N	f
00000000-0000-0000-0000-000000000000	0c59e78d-11bf-4af2-9410-acb41e359051	authenticated	authenticated	hamburger0831@gmail.com	$2a$10$MYZxWMVChKszfPiFNt5ACuXvVAS7ws7AJdFyizk/BsXAvlHQEL0fi	2026-03-27 12:22:01.775858+00	\N		\N		\N			\N	\N	{"provider": "email", "providers": ["email"]}	{"email_verified": true}	\N	2026-03-27 12:22:01.769844+00	2026-03-27 12:22:01.77799+00	\N	\N			\N		0	\N		\N	f	\N	f
00000000-0000-0000-0000-000000000000	9c152663-98ac-4b13-8814-7f8233a630bd	authenticated	authenticated	sandi.liao@gmail.com	$2a$10$9WHP2LE8z7S2rbGjRzr.JuvhKYp9LqKKkImyssVj0yt/RycXhTIKC	2026-03-27 12:22:06.16518+00	\N		\N		\N			\N	\N	{"provider": "email", "providers": ["email"]}	{"email_verified": true}	\N	2026-03-27 12:22:06.162153+00	2026-03-27 12:22:06.167916+00	\N	\N			\N		0	\N		\N	f	\N	f
00000000-0000-0000-0000-000000000000	9f2595f7-00a5-49c4-bc8e-b26c750deebf	authenticated	authenticated	jojogirl0706@yahoo.com.tw	$2a$10$EjuQziJVEQc5MUZJZM45oeNE9V/5YON7IrcbnkBkssLptNntbjimC	2026-03-27 12:22:03.815392+00	\N		\N		\N			\N	\N	{"provider": "email", "providers": ["email"]}	{"email_verified": true}	\N	2026-03-27 12:22:03.811241+00	2026-03-27 12:22:03.816558+00	\N	\N			\N		0	\N		\N	f	\N	f
00000000-0000-0000-0000-000000000000	528fe118-5446-4114-8892-80e8a1b5643a	authenticated	authenticated	fall1600@gmail.com	$2a$10$3Bc2/yT.K7Bm6Yj3zAzKZ.7i2XIWtaTkptSWtF4.iw/uPZmpszQKe	2026-03-27 12:22:10.086987+00	\N		\N		\N			\N	\N	{"provider": "email", "providers": ["email"]}	{"email_verified": true}	\N	2026-03-27 12:22:10.083402+00	2026-03-27 12:22:10.088859+00	\N	\N			\N		0	\N		\N	f	\N	f
00000000-0000-0000-0000-000000000000	7aeb6632-7964-48a2-ab13-80ab533312da	authenticated	authenticated	warmflying@gmail.com	$2a$10$xPaJyInv8bKRLEtj8gC6T.IOv91ZGNCgk9lW7xIWP2unZOV2KkLy.	2026-03-27 12:22:04.701583+00	\N		\N		\N			\N	\N	{"provider": "email", "providers": ["email"]}	{"email_verified": true}	\N	2026-03-27 12:22:04.694123+00	2026-03-27 12:22:04.704564+00	\N	\N			\N		0	\N		\N	f	\N	f
00000000-0000-0000-0000-000000000000	3f8d301d-121a-47e0-9fce-1524a0d1e203	authenticated	authenticated	sarahdonnay@gmail.com	$2a$10$awNhzkemhysvJd0iwhAyGe/3seNPIzB.4eHuSL4nPRcqZgWeIGVNO	2026-03-27 12:22:07.850549+00	\N		\N		\N			\N	\N	{"provider": "email", "providers": ["email"]}	{"email_verified": true}	\N	2026-03-27 12:22:07.844095+00	2026-03-27 12:22:07.85116+00	\N	\N			\N		0	\N		\N	f	\N	f
00000000-0000-0000-0000-000000000000	41a83b63-903e-46b2-b3ee-1837cee9e24e	authenticated	authenticated	mimihuahuachuangchuang@gmail.com	$2a$10$HnMOGy1GAe9TNz/lqagZG.I7ZW/kAqa/v7XJr2dHkDlM/e9LYTM9W	2026-03-27 12:22:06.801218+00	\N		\N		\N			\N	\N	{"provider": "email", "providers": ["email"]}	{"email_verified": true}	\N	2026-03-27 12:22:06.798811+00	2026-03-27 12:22:06.802494+00	\N	\N			\N		0	\N		\N	f	\N	f
00000000-0000-0000-0000-000000000000	a29acdbd-0942-4333-92d2-5674a9d48597	authenticated	authenticated	9minda@gmail.com	$2a$10$iS4Oqf.MWBBC/jawl29KK.nNBR2fyJzU2.ixVrTvyR/x8U1mfue6a	2026-03-27 12:22:09.566787+00	\N		\N		\N			\N	\N	{"provider": "email", "providers": ["email"]}	{"email_verified": true}	\N	2026-03-27 12:22:09.563634+00	2026-03-27 12:22:09.567471+00	\N	\N			\N		0	\N		\N	f	\N	f
00000000-0000-0000-0000-000000000000	a4d578f3-b2f1-46c5-9f4e-173696d03371	authenticated	authenticated	andy09318jet@gmail.com	$2a$10$yXM5lQWRjdRQCmdAT0CLOuq8YDJvRxQsutjrrp53MI36wTkOqGn72	2026-03-27 12:22:09.032892+00	\N		\N		\N			\N	\N	{"provider": "email", "providers": ["email"]}	{"email_verified": true}	\N	2026-03-27 12:22:09.029902+00	2026-03-27 12:22:09.033561+00	\N	\N			\N		0	\N		\N	f	\N	f
00000000-0000-0000-0000-000000000000	c021a6d8-7db5-4aa7-bdd6-bd634b3e6983	authenticated	authenticated	pico33kong@gmail.com	$2a$10$0M2HMoEWl9ommb50xyUS5u2PLpa8mq6I2gz/IwGh9Cayiz2izEzd2	2026-03-27 12:22:10.618273+00	\N		\N		\N			\N	\N	{"provider": "email", "providers": ["email"]}	{"email_verified": true}	\N	2026-03-27 12:22:10.614147+00	2026-03-27 12:22:10.618972+00	\N	\N			\N		0	\N		\N	f	\N	f
00000000-0000-0000-0000-000000000000	1f9b88ef-1ca1-43c9-ac5a-5ed3d62c63fd	authenticated	authenticated	huah_0@yahoo.com.tw	$2a$10$M3zIkzNfOV93uLroaG3ZEueWq4sNNcbPVG156XKXK9UBbD4ta32I2	2026-03-27 12:22:11.141471+00	\N		\N		\N			\N	\N	{"provider": "email", "providers": ["email"]}	{"email_verified": true}	\N	2026-03-27 12:22:11.138481+00	2026-03-27 12:22:11.142106+00	\N	\N			\N		0	\N		\N	f	\N	f
00000000-0000-0000-0000-000000000000	b56e264e-93ba-4dfa-92af-1655af344cac	authenticated	authenticated	armand7951@gmail.com	$2a$10$LT/J9Tez238Xx7accJa79OAJxzWDhPKuYmOeGYQ9qdPh8mesN6dW.	2026-03-28 04:28:41.518983+00	\N		\N		\N			\N	2026-04-02 03:24:34.081684+00	{"provider": "email", "providers": ["email"]}	{"email_verified": true}	\N	2026-03-27 12:09:25.009517+00	2026-04-02 03:24:34.118314+00	\N	\N			\N		0	\N		\N	f	\N	f
00000000-0000-0000-0000-000000000000	4692bbe6-4f7e-4b41-81ff-7c61272966ac	authenticated	authenticated	tamago108@gmail.com	$2a$10$m3/wGN3mBqGNS0l2quzH6.RuymBzbT2ebK7FBG7IuSY9/BbDijTGS	2026-03-27 12:22:11.662255+00	\N		\N		\N			\N	\N	{"provider": "email", "providers": ["email"]}	{"email_verified": true}	\N	2026-03-27 12:22:11.658676+00	2026-03-27 12:22:11.662895+00	\N	\N			\N		0	\N		\N	f	\N	f
00000000-0000-0000-0000-000000000000	4a00a322-9221-408d-960e-c3100d9d254d	authenticated	authenticated	hchen7812@hotmail.com	$2a$10$jLxZxM7Ocm3u05YTzS5HYuxZ8C6uIr.MkL6WIOSq1edQCwKiJdhBm	2026-03-27 12:22:12.22822+00	\N		\N		\N			\N	\N	{"provider": "email", "providers": ["email"]}	{"email_verified": true}	\N	2026-03-27 12:22:12.224497+00	2026-03-27 12:22:12.228877+00	\N	\N			\N		0	\N		\N	f	\N	f
00000000-0000-0000-0000-000000000000	19f9e7b0-5058-423b-a68a-46c3e18b7e99	authenticated	authenticated	cynthiachang0113@gmail.com	$2a$10$XMIJ0bNsgnA9GOsaP67WKOP/sIlFxg9XFxs4YzCJzEQUhYvHOzIWe	2026-03-27 12:22:12.816729+00	\N		\N		\N			\N	\N	{"provider": "email", "providers": ["email"]}	{"email_verified": true}	\N	2026-03-27 12:22:12.812607+00	2026-03-27 12:22:12.817345+00	\N	\N			\N		0	\N		\N	f	\N	f
00000000-0000-0000-0000-000000000000	d941b8f2-5cd2-47aa-b328-346a0466fbba	authenticated	authenticated	reneecheng1229@gmail.com	$2a$10$e7IjPnyYQciAKkusEZOBLOJHpoDUVsOg9Ei4Z.mmELepdqyuIQhmG	2026-03-27 12:22:21.644557+00	\N		\N		\N			\N	\N	{"provider": "email", "providers": ["email"]}	{"email_verified": true}	\N	2026-03-27 12:22:21.642069+00	2026-03-27 12:22:21.645242+00	\N	\N			\N		0	\N		\N	f	\N	f
00000000-0000-0000-0000-000000000000	8c784bfd-d20d-475e-a4d0-a7f49d46b969	authenticated	authenticated	karso11188@gmail.com	$2a$10$TMEmPmbdDOjzEbSwMeuT8O927w7nitBdGRaVuXAsvPL4hQYSaIdHa	2026-03-27 12:22:16.394216+00	\N		\N		\N			\N	\N	{"provider": "email", "providers": ["email"]}	{"email_verified": true}	\N	2026-03-27 12:22:16.391986+00	2026-03-27 12:22:16.394845+00	\N	\N			\N		0	\N		\N	f	\N	f
00000000-0000-0000-0000-000000000000	8b843507-9f86-40f9-80be-6c2ee1cca47a	authenticated	authenticated	ac0212024@gmail.com	$2a$10$fGmv6qie2YgCLOj2ysmgCu/cxmjTWkxVfVziELvAayPzxzBbUBbbe	2026-03-27 12:22:13.524326+00	\N		\N		\N			\N	\N	{"provider": "email", "providers": ["email"]}	{"email_verified": true}	\N	2026-03-27 12:22:13.522117+00	2026-03-27 12:22:13.524947+00	\N	\N			\N		0	\N		\N	f	\N	f
00000000-0000-0000-0000-000000000000	c7641a03-927b-42de-9a87-43b251fb4016	authenticated	authenticated	de.i.dar.a.a.sui1.2@googlemail.com	$2a$10$lxkxbPvoo.WXewQz5yTx8.eAq8U65RUuTli9ZNVkAqpwhZ7rUeyEi	2026-03-27 12:22:18.480195+00	\N		\N		\N			\N	\N	{"provider": "email", "providers": ["email"]}	{"email_verified": true}	\N	2026-03-27 12:22:18.477912+00	2026-03-27 12:22:18.48079+00	\N	\N			\N		0	\N		\N	f	\N	f
00000000-0000-0000-0000-000000000000	a5f2af3a-4d66-46f0-9c10-d8eb967c94bd	authenticated	authenticated	zoo86430@gmail.com	$2a$10$5trZ9ASO/gSYYrfQSceDGeHcYWoDY5D1mHg27YUGetX.1T/9LhFOi	2026-03-27 12:22:14.133812+00	\N		\N		\N			\N	\N	{"provider": "email", "providers": ["email"]}	{"email_verified": true}	\N	2026-03-27 12:22:14.131614+00	2026-03-27 12:22:14.134446+00	\N	\N			\N		0	\N		\N	f	\N	f
00000000-0000-0000-0000-000000000000	056462bf-885b-4e91-b7fd-48b9c6480452	authenticated	authenticated	karso1122@yahoo.com.tw	$2a$10$jPotwqfYsIYyDrY9A.r2GO3fFe3ycbradaSdgoJ06MB23BndcE28i	2026-03-27 12:22:16.942791+00	\N		\N		\N			\N	\N	{"provider": "email", "providers": ["email"]}	{"email_verified": true}	\N	2026-03-27 12:22:16.940554+00	2026-03-27 12:22:16.943448+00	\N	\N			\N		0	\N		\N	f	\N	f
00000000-0000-0000-0000-000000000000	b62dbd5d-e976-4a4c-8d68-9a848f382fea	authenticated	authenticated	mime1008@gmail.com	$2a$10$UAofxXQLAjmfAqKkOFB2ceNejbTKkftrCyA2Kw8paVLWY2SpmIZQW	2026-03-27 12:22:14.675094+00	\N		\N		\N			\N	\N	{"provider": "email", "providers": ["email"]}	{"email_verified": true}	\N	2026-03-27 12:22:14.67188+00	2026-03-27 12:22:14.675753+00	\N	\N			\N		0	\N		\N	f	\N	f
00000000-0000-0000-0000-000000000000	e31da40a-640d-42e1-8c96-4cae16a7965a	authenticated	authenticated	lune1225noire@gmail.com	$2a$10$9b8zp8B4zH7jWqPCIC4ioeLATTBOgulvD1WjBauAc65KGXR4nU1ny	2026-03-27 12:22:15.214999+00	\N		\N		\N			\N	\N	{"provider": "email", "providers": ["email"]}	{"email_verified": true}	\N	2026-03-27 12:22:15.212345+00	2026-03-27 12:22:15.215598+00	\N	\N			\N		0	\N		\N	f	\N	f
00000000-0000-0000-0000-000000000000	17afc6ad-c6c0-4af8-9852-a3328f504ddb	authenticated	authenticated	applewindycandy@gmail.com	$2a$10$U.1UufE88OK0XUunghHfhunmDkL.jYHW9dOMm.htIbsguMcVG5gpS	2026-03-27 12:22:20.096382+00	\N		\N		\N			\N	\N	{"provider": "email", "providers": ["email"]}	{"email_verified": true}	\N	2026-03-27 12:22:20.093973+00	2026-03-27 12:22:20.097043+00	\N	\N			\N		0	\N		\N	f	\N	f
00000000-0000-0000-0000-000000000000	c020c636-ba9a-4252-b954-cce2ab67b1da	authenticated	authenticated	nix2by260x@scrap-transport-musical-hospital-brainstorm.com	$2a$10$V5ZHsdLg35v4wVdFQg0F7elrNai0RLjzBVALw2KlWNFaEN6.8o3Ue	2026-03-27 12:22:17.452555+00	\N		\N		\N			\N	\N	{"provider": "email", "providers": ["email"]}	{"email_verified": true}	\N	2026-03-27 12:22:17.450309+00	2026-03-27 12:22:17.453155+00	\N	\N			\N		0	\N		\N	f	\N	f
00000000-0000-0000-0000-000000000000	3afa562b-cc2b-4491-b658-cc411a1cad24	authenticated	authenticated	oocsoo@yahoo.com.tw	$2a$10$RN4h7IUUO6Xo1bRMPq1HROeWwAtleVTJxqcSn8NJdXCHzubuzCNyO	2026-03-27 12:22:15.894052+00	\N		\N		\N			\N	\N	{"provider": "email", "providers": ["email"]}	{"email_verified": true}	\N	2026-03-27 12:22:15.890024+00	2026-03-27 12:22:15.894749+00	\N	\N			\N		0	\N		\N	f	\N	f
00000000-0000-0000-0000-000000000000	e3ab1e7c-f206-4073-a695-bf1dfeb112ed	authenticated	authenticated	chouchenghui@gmail.com	$2a$10$4.1MU/xUp/vKodRem4vs1.rk1lTelr6hfIOa/UypTUcPPYXe8gqdO	2026-03-27 12:22:19.032611+00	\N		\N		\N			\N	\N	{"provider": "email", "providers": ["email"]}	{"email_verified": true}	\N	2026-03-27 12:22:19.030229+00	2026-03-27 12:22:19.033266+00	\N	\N			\N		0	\N		\N	f	\N	f
00000000-0000-0000-0000-000000000000	e514d964-bd5e-49e2-be7d-2a472f87730b	authenticated	authenticated	6yq3rzsuuk@scrap-transport-musical-hospital-brainstorm.com	$2a$10$dPNezFSYqKadIk4e8RTJ0usxSE7Wg50QSA6MRvFfJT37q5J84Xcky	2026-03-27 12:22:17.967801+00	\N		\N		\N			\N	\N	{"provider": "email", "providers": ["email"]}	{"email_verified": true}	\N	2026-03-27 12:22:17.963621+00	2026-03-27 12:22:17.968443+00	\N	\N			\N		0	\N		\N	f	\N	f
00000000-0000-0000-0000-000000000000	d25c8fb9-c327-4939-917b-5d081cbbde58	authenticated	authenticated	kennethchi8899@gmail.com	$2a$10$NPg8wGkrh9pNvc9vQtyCjOjAmNi.Cl3jOOMAjg7jzVfvdPzwyp3rC	2026-03-27 12:22:21.097393+00	\N		\N		\N			\N	\N	{"provider": "email", "providers": ["email"]}	{"email_verified": true}	\N	2026-03-27 12:22:21.094709+00	2026-03-27 12:22:21.097972+00	\N	\N			\N		0	\N		\N	f	\N	f
00000000-0000-0000-0000-000000000000	53b32698-f7de-460a-86b0-e731f1a97397	authenticated	authenticated	fff3dgqb5r@scrap-transport-musical-hospital-brainstorm.com	$2a$10$5dckUsN8DbIFHETxGVnTs.THfpo.aoCtq7uCI/.mvzPSQXkcQ.nwC	2026-03-27 12:22:19.556501+00	\N		\N		\N			\N	\N	{"provider": "email", "providers": ["email"]}	{"email_verified": true}	\N	2026-03-27 12:22:19.553652+00	2026-03-27 12:22:19.557082+00	\N	\N			\N		0	\N		\N	f	\N	f
00000000-0000-0000-0000-000000000000	0a95f1f7-9b10-448f-ab1b-337ab1bab15b	authenticated	authenticated	joseph.mc.chiang@gmail.com	$2a$10$.AflXi/zCdbYdFR1KfXHnuI8DREdtmwRZEAyoD.9nF5ucz0BTLfPq	2026-03-27 12:22:20.598644+00	\N		\N		\N			\N	\N	{"provider": "email", "providers": ["email"]}	{"email_verified": true}	\N	2026-03-27 12:22:20.596292+00	2026-03-27 12:22:20.599272+00	\N	\N			\N		0	\N		\N	f	\N	f
00000000-0000-0000-0000-000000000000	77bac16d-d1cb-49c8-8bd2-5846b3859f0d	authenticated	authenticated	jennie.huang@panditms.com.tw	$2a$10$V1wVPRlVTfenTVCeXxo5Ce7D2xSxt6GEywQ5HqUzLQPPrap7.R2i2	2026-03-27 12:22:22.15868+00	\N		\N		\N			\N	\N	{"provider": "email", "providers": ["email"]}	{"email_verified": true}	\N	2026-03-27 12:22:22.154559+00	2026-03-27 12:22:22.159656+00	\N	\N			\N		0	\N		\N	f	\N	f
00000000-0000-0000-0000-000000000000	cd51371d-caaa-473c-bd7c-022c8873923d	authenticated	authenticated	a8855462@kimo.com	$2a$10$S8K2CJjG2OfSKq/oZ702heQFDgMEuFVvbQiEsaT1Jt8JL/H0js/LK	2026-03-27 12:22:22.940585+00	\N		\N		\N			\N	\N	{"provider": "email", "providers": ["email"]}	{"email_verified": true}	\N	2026-03-27 12:22:22.938276+00	2026-03-27 12:22:22.941272+00	\N	\N			\N		0	\N		\N	f	\N	f
00000000-0000-0000-0000-000000000000	73a54a91-a173-4d93-86a1-17d85fa8f2c1	authenticated	authenticated	mandy819.cool@gmail.com	$2a$10$SIdp5.8UnQq7YfVCEnEoMeZ/Bd5qXEsD2t0Zry6W8hJlLgCVMn4ee	2026-03-27 12:22:23.468796+00	\N		\N		\N			\N	\N	{"provider": "email", "providers": ["email"]}	{"email_verified": true}	\N	2026-03-27 12:22:23.465781+00	2026-03-27 12:22:23.469432+00	\N	\N			\N		0	\N		\N	f	\N	f
00000000-0000-0000-0000-000000000000	18ed5f4d-a066-4994-aa44-e1e3d73137cd	authenticated	authenticated	xc452116@gmail.com	$2a$10$FjscS0mjagQP6myPOs5cRObvTdYzEIEOaX7bHx4p0yO/t5uB1.LVm	2026-03-27 12:22:24.004399+00	\N		\N		\N			\N	\N	{"provider": "email", "providers": ["email"]}	{"email_verified": true}	\N	2026-03-27 12:22:24.002151+00	2026-03-27 12:22:24.005031+00	\N	\N			\N		0	\N		\N	f	\N	f
00000000-0000-0000-0000-000000000000	71fde86c-199c-472d-87e9-134fd8ee8623	authenticated	authenticated	nickychungyuhwang@hotmail.com	$2a$10$0ejqwdq7TFTSKaWDj27QheLp15z97pLpgrRq5SkHp3EofaTe.I2gq	2026-03-27 12:22:24.615601+00	\N		\N		\N			\N	\N	{"provider": "email", "providers": ["email"]}	{"email_verified": true}	\N	2026-03-27 12:22:24.613378+00	2026-03-27 12:22:24.616251+00	\N	\N			\N		0	\N		\N	f	\N	f
00000000-0000-0000-0000-000000000000	44cff853-17ee-4153-a830-cebf8d41e895	authenticated	authenticated	sabrina.chang1120@gmail.com	$2a$10$j0bkxORa4sVo3i7SLdds3O3CA01jCqZhZ6YielfYOI4Qlc6J4T/Bu	2026-03-27 12:22:27.759541+00	\N		\N		\N			\N	\N	{"provider": "email", "providers": ["email"]}	{"email_verified": true}	\N	2026-03-27 12:22:27.757151+00	2026-03-27 12:22:27.760161+00	\N	\N			\N		0	\N		\N	f	\N	f
00000000-0000-0000-0000-000000000000	87ceeb77-a66c-4d55-8619-a6f20a871b76	authenticated	authenticated	jack.hsu0924@yahoo.com.tw	$2a$10$MAgrU40Vgy4wfpgCP3ff7uABtv2n.fdta.bLA6KqczQ7QbDYEmlgK	2026-03-27 12:22:25.155477+00	\N		\N		\N			\N	\N	{"provider": "email", "providers": ["email"]}	{"email_verified": true}	\N	2026-03-27 12:22:25.153096+00	2026-03-27 12:22:25.156137+00	\N	\N			\N		0	\N		\N	f	\N	f
00000000-0000-0000-0000-000000000000	54c65ea1-34d5-4c6c-89b0-d582ba5b03a5	authenticated	authenticated	a9311010@gmail.com	$2a$10$ZKoTrQqT9rFXIi7b9h2/V.vqAjCxMeD4F.rl80yeeRrNPk9RS/Oym	2026-03-27 12:22:25.668222+00	\N		\N		\N			\N	\N	{"provider": "email", "providers": ["email"]}	{"email_verified": true}	\N	2026-03-27 12:22:25.665569+00	2026-03-27 12:22:25.668855+00	\N	\N			\N		0	\N		\N	f	\N	f
00000000-0000-0000-0000-000000000000	c1ab4bb9-d7dc-4c02-9146-6ff74232a760	authenticated	authenticated	jan23xchou@gmail.com	$2a$10$we.tXqAE5HuJL/0DPQ4mhOAwqsT3jsQfbFA7lp4wwTOepOlq4vbbq	2026-03-27 12:22:28.278965+00	\N		\N		\N			\N	\N	{"provider": "email", "providers": ["email"]}	{"email_verified": true}	\N	2026-03-27 12:22:28.276236+00	2026-03-27 12:22:28.279607+00	\N	\N			\N		0	\N		\N	f	\N	f
00000000-0000-0000-0000-000000000000	0b673557-7388-4979-9a7a-07498d4f534d	authenticated	authenticated	ayuing@gmail.com	$2a$10$SRQ8Nyou6K.05vD.Mydwfu658uzSZzNk3yc60FWQciPxRzCodG0sm	2026-03-27 12:22:26.181855+00	\N		\N		\N			\N	\N	{"provider": "email", "providers": ["email"]}	{"email_verified": true}	\N	2026-03-27 12:22:26.17946+00	2026-03-27 12:22:26.18255+00	\N	\N			\N		0	\N		\N	f	\N	f
00000000-0000-0000-0000-000000000000	a7cf8bf6-0f85-4f70-8d9d-1401ab4cac04	authenticated	authenticated	whale1017@gmail.com	$2a$10$bFTtoJ9yfsa8GdGJeRJoFOz5FyhaQkDcPkoUfPY6IeOBIFrv1g6va	2026-03-27 12:22:26.710668+00	\N		\N		\N			\N	\N	{"provider": "email", "providers": ["email"]}	{"email_verified": true}	\N	2026-03-27 12:22:26.708291+00	2026-03-27 12:22:26.711299+00	\N	\N			\N		0	\N		\N	f	\N	f
00000000-0000-0000-0000-000000000000	818a1062-83a6-4f6b-936b-15a191270f01	authenticated	authenticated	amy900323@hotmail.com	$2a$10$77WsKFI3188fYma0AolFxexCe0ScRIICta9vV6UU/9jVraC5nM5au	2026-03-27 12:22:28.80888+00	\N		\N		\N			\N	\N	{"provider": "email", "providers": ["email"]}	{"email_verified": true}	\N	2026-03-27 12:22:28.806633+00	2026-03-27 12:22:28.80957+00	\N	\N			\N		0	\N		\N	f	\N	f
00000000-0000-0000-0000-000000000000	55a79cdd-7c1e-4be6-91f6-b364265071cc	authenticated	authenticated	yuchun1129@gmail.com	$2a$10$SCqlEaP7wNE0cMOOl1qhG.TVxNeh.nQ76/7NxZyO2S3jfmbNndlL6	2026-03-27 12:22:27.236102+00	\N		\N		\N			\N	\N	{"provider": "email", "providers": ["email"]}	{"email_verified": true}	\N	2026-03-27 12:22:27.233846+00	2026-03-27 12:22:27.236689+00	\N	\N			\N		0	\N		\N	f	\N	f
00000000-0000-0000-0000-000000000000	ed00683b-3a61-408b-865b-9ddfb137d402	authenticated	authenticated	love@realreal.cc	$2a$10$uLVfF.FwaHfhMhXCRuULRevLRKVbh7eMb8W0PvnJRyWOhJs/l4u2u	2026-03-28 04:28:38.32598+00	\N		\N		\N			\N	\N	{"provider": "email", "providers": ["email"]}	{"email_verified": true}	\N	2026-03-27 12:11:19.599576+00	2026-03-28 04:28:38.337299+00	\N	\N			\N		0	\N		\N	f	\N	f
\.


--
-- Data for Name: identities; Type: TABLE DATA; Schema: auth; Owner: supabase_auth_admin
--

COPY auth.identities (provider_id, user_id, identity_data, provider, last_sign_in_at, created_at, updated_at, id) FROM stdin;
b56e264e-93ba-4dfa-92af-1655af344cac	b56e264e-93ba-4dfa-92af-1655af344cac	{"sub": "b56e264e-93ba-4dfa-92af-1655af344cac", "email": "armand7951@gmail.com", "email_verified": false, "phone_verified": false}	email	2026-03-27 12:09:25.018118+00	2026-03-27 12:09:25.018189+00	2026-03-27 12:09:25.018189+00	ec809656-4f55-4a79-a7a7-6a55cb8d6a55
ed00683b-3a61-408b-865b-9ddfb137d402	ed00683b-3a61-408b-865b-9ddfb137d402	{"sub": "ed00683b-3a61-408b-865b-9ddfb137d402", "email": "love@realreal.cc", "email_verified": false, "phone_verified": false}	email	2026-03-27 12:11:19.611819+00	2026-03-27 12:11:19.612202+00	2026-03-27 12:11:19.612202+00	9662a0d8-1329-45ae-ab7a-885baa4d9a42
628975a5-1332-4ee8-a020-c73a5beab784	628975a5-1332-4ee8-a020-c73a5beab784	{"sub": "628975a5-1332-4ee8-a020-c73a5beab784", "email": "gathertaiwan@gmail.com", "email_verified": false, "phone_verified": false}	email	2026-03-27 12:22:00.20106+00	2026-03-27 12:22:00.201118+00	2026-03-27 12:22:00.201118+00	173651a6-abdf-4416-9e9b-8fc9ce67fe9b
254e9782-e775-47bc-aff9-d46cd1caa68d	254e9782-e775-47bc-aff9-d46cd1caa68d	{"sub": "254e9782-e775-47bc-aff9-d46cd1caa68d", "email": "yinhsin.c@gmail.com", "email_verified": false, "phone_verified": false}	email	2026-03-27 12:22:01.121038+00	2026-03-27 12:22:01.121089+00	2026-03-27 12:22:01.121089+00	7620431d-d7b5-4d0b-a232-ccc6a8330fa6
0c59e78d-11bf-4af2-9410-acb41e359051	0c59e78d-11bf-4af2-9410-acb41e359051	{"sub": "0c59e78d-11bf-4af2-9410-acb41e359051", "email": "hamburger0831@gmail.com", "email_verified": false, "phone_verified": false}	email	2026-03-27 12:22:01.771404+00	2026-03-27 12:22:01.771451+00	2026-03-27 12:22:01.771451+00	3807c0e0-f26b-449a-9b28-6b4625c9c518
cdbe65b4-50a5-4ae0-bbe9-dc360828f6c8	cdbe65b4-50a5-4ae0-bbe9-dc360828f6c8	{"sub": "cdbe65b4-50a5-4ae0-bbe9-dc360828f6c8", "email": "t841208t@gmail.com", "email_verified": false, "phone_verified": false}	email	2026-03-27 12:22:02.292225+00	2026-03-27 12:22:02.292276+00	2026-03-27 12:22:02.292276+00	2614e20f-7a46-4426-91d7-4d50479673e7
0fbf94c9-b8f2-4388-b1ea-5dbe0007160d	0fbf94c9-b8f2-4388-b1ea-5dbe0007160d	{"sub": "0fbf94c9-b8f2-4388-b1ea-5dbe0007160d", "email": "j308882001@gmail.com", "email_verified": false, "phone_verified": false}	email	2026-03-27 12:22:02.786697+00	2026-03-27 12:22:02.786751+00	2026-03-27 12:22:02.786751+00	773ff547-acb8-47a6-a7b7-48167cbe6d83
fc39cdda-bbde-404e-82b6-447fb12bca03	fc39cdda-bbde-404e-82b6-447fb12bca03	{"sub": "fc39cdda-bbde-404e-82b6-447fb12bca03", "email": "kuei19960511@gmail.com", "email_verified": false, "phone_verified": false}	email	2026-03-27 12:22:03.27164+00	2026-03-27 12:22:03.271688+00	2026-03-27 12:22:03.271688+00	08671b32-401c-4761-a882-8cd2cd65a504
9f2595f7-00a5-49c4-bc8e-b26c750deebf	9f2595f7-00a5-49c4-bc8e-b26c750deebf	{"sub": "9f2595f7-00a5-49c4-bc8e-b26c750deebf", "email": "jojogirl0706@yahoo.com.tw", "email_verified": false, "phone_verified": false}	email	2026-03-27 12:22:03.814064+00	2026-03-27 12:22:03.814115+00	2026-03-27 12:22:03.814115+00	da49f706-8cda-4d7d-a6a3-299928732087
7aeb6632-7964-48a2-ab13-80ab533312da	7aeb6632-7964-48a2-ab13-80ab533312da	{"sub": "7aeb6632-7964-48a2-ab13-80ab533312da", "email": "warmflying@gmail.com", "email_verified": false, "phone_verified": false}	email	2026-03-27 12:22:04.696805+00	2026-03-27 12:22:04.696857+00	2026-03-27 12:22:04.696857+00	3bd0bfa2-3854-4f07-a90f-4ed2d74edcc5
2956b795-f3fb-4412-a490-d5b815505f7c	2956b795-f3fb-4412-a490-d5b815505f7c	{"sub": "2956b795-f3fb-4412-a490-d5b815505f7c", "email": "sunnysherry@hotmail.com", "email_verified": false, "phone_verified": false}	email	2026-03-27 12:22:05.219222+00	2026-03-27 12:22:05.219269+00	2026-03-27 12:22:05.219269+00	d22c22d1-809e-490e-82c2-1eefd65103fe
9c152663-98ac-4b13-8814-7f8233a630bd	9c152663-98ac-4b13-8814-7f8233a630bd	{"sub": "9c152663-98ac-4b13-8814-7f8233a630bd", "email": "sandi.liao@gmail.com", "email_verified": false, "phone_verified": false}	email	2026-03-27 12:22:06.163992+00	2026-03-27 12:22:06.164038+00	2026-03-27 12:22:06.164038+00	b6b28a94-8a9a-4981-9aa8-9420e4ed0699
41a83b63-903e-46b2-b3ee-1837cee9e24e	41a83b63-903e-46b2-b3ee-1837cee9e24e	{"sub": "41a83b63-903e-46b2-b3ee-1837cee9e24e", "email": "mimihuahuachuangchuang@gmail.com", "email_verified": false, "phone_verified": false}	email	2026-03-27 12:22:06.799935+00	2026-03-27 12:22:06.799984+00	2026-03-27 12:22:06.799984+00	851be6c3-004a-41ff-92f1-d773a5ec6ed3
dd9fc277-0655-4dad-b01a-0b9f42e0ba73	dd9fc277-0655-4dad-b01a-0b9f42e0ba73	{"sub": "dd9fc277-0655-4dad-b01a-0b9f42e0ba73", "email": "gina0116@kimo.com", "email_verified": false, "phone_verified": false}	email	2026-03-27 12:22:07.322879+00	2026-03-27 12:22:07.322927+00	2026-03-27 12:22:07.322927+00	f30889d6-ddf5-4b6b-9f72-310f23e26d17
3f8d301d-121a-47e0-9fce-1524a0d1e203	3f8d301d-121a-47e0-9fce-1524a0d1e203	{"sub": "3f8d301d-121a-47e0-9fce-1524a0d1e203", "email": "sarahdonnay@gmail.com", "email_verified": false, "phone_verified": false}	email	2026-03-27 12:22:07.847433+00	2026-03-27 12:22:07.847966+00	2026-03-27 12:22:07.847966+00	0527c67b-9751-40b9-a273-827c15542d59
4b405c3b-7ffe-49ff-8bf1-0e753c448b61	4b405c3b-7ffe-49ff-8bf1-0e753c448b61	{"sub": "4b405c3b-7ffe-49ff-8bf1-0e753c448b61", "email": "lumenred@gmail.com", "email_verified": false, "phone_verified": false}	email	2026-03-27 12:22:08.368014+00	2026-03-27 12:22:08.368072+00	2026-03-27 12:22:08.368072+00	282402de-b5a2-4ab4-bfb1-dabe7cb05716
a4d578f3-b2f1-46c5-9f4e-173696d03371	a4d578f3-b2f1-46c5-9f4e-173696d03371	{"sub": "a4d578f3-b2f1-46c5-9f4e-173696d03371", "email": "andy09318jet@gmail.com", "email_verified": false, "phone_verified": false}	email	2026-03-27 12:22:09.031691+00	2026-03-27 12:22:09.031742+00	2026-03-27 12:22:09.031742+00	6cfa5a03-60b8-4009-8166-e8bd3e633a50
a29acdbd-0942-4333-92d2-5674a9d48597	a29acdbd-0942-4333-92d2-5674a9d48597	{"sub": "a29acdbd-0942-4333-92d2-5674a9d48597", "email": "9minda@gmail.com", "email_verified": false, "phone_verified": false}	email	2026-03-27 12:22:09.565368+00	2026-03-27 12:22:09.565415+00	2026-03-27 12:22:09.565415+00	16828b1d-22c5-4cc0-b129-6c378308f87e
528fe118-5446-4114-8892-80e8a1b5643a	528fe118-5446-4114-8892-80e8a1b5643a	{"sub": "528fe118-5446-4114-8892-80e8a1b5643a", "email": "fall1600@gmail.com", "email_verified": false, "phone_verified": false}	email	2026-03-27 12:22:10.08511+00	2026-03-27 12:22:10.085179+00	2026-03-27 12:22:10.085179+00	309776f5-f945-4a67-b709-296a3c668311
c021a6d8-7db5-4aa7-bdd6-bd634b3e6983	c021a6d8-7db5-4aa7-bdd6-bd634b3e6983	{"sub": "c021a6d8-7db5-4aa7-bdd6-bd634b3e6983", "email": "pico33kong@gmail.com", "email_verified": false, "phone_verified": false}	email	2026-03-27 12:22:10.61535+00	2026-03-27 12:22:10.615398+00	2026-03-27 12:22:10.615398+00	a425b4ed-7c11-4fe5-a930-729c23ae59d0
1f9b88ef-1ca1-43c9-ac5a-5ed3d62c63fd	1f9b88ef-1ca1-43c9-ac5a-5ed3d62c63fd	{"sub": "1f9b88ef-1ca1-43c9-ac5a-5ed3d62c63fd", "email": "huah_0@yahoo.com.tw", "email_verified": false, "phone_verified": false}	email	2026-03-27 12:22:11.140216+00	2026-03-27 12:22:11.140264+00	2026-03-27 12:22:11.140264+00	6c75d071-ef25-4b94-bdcf-65223808c4d0
4692bbe6-4f7e-4b41-81ff-7c61272966ac	4692bbe6-4f7e-4b41-81ff-7c61272966ac	{"sub": "4692bbe6-4f7e-4b41-81ff-7c61272966ac", "email": "tamago108@gmail.com", "email_verified": false, "phone_verified": false}	email	2026-03-27 12:22:11.659686+00	2026-03-27 12:22:11.65973+00	2026-03-27 12:22:11.65973+00	edb5492b-d4b7-4a58-b2cf-1736ea440d24
4a00a322-9221-408d-960e-c3100d9d254d	4a00a322-9221-408d-960e-c3100d9d254d	{"sub": "4a00a322-9221-408d-960e-c3100d9d254d", "email": "hchen7812@hotmail.com", "email_verified": false, "phone_verified": false}	email	2026-03-27 12:22:12.226921+00	2026-03-27 12:22:12.226982+00	2026-03-27 12:22:12.226982+00	bfb2e666-f3de-4022-b3fd-a9fc3a0071f7
19f9e7b0-5058-423b-a68a-46c3e18b7e99	19f9e7b0-5058-423b-a68a-46c3e18b7e99	{"sub": "19f9e7b0-5058-423b-a68a-46c3e18b7e99", "email": "cynthiachang0113@gmail.com", "email_verified": false, "phone_verified": false}	email	2026-03-27 12:22:12.814286+00	2026-03-27 12:22:12.814338+00	2026-03-27 12:22:12.814338+00	af7add94-f3c5-475c-afa1-bbb42fe2aeb5
8b843507-9f86-40f9-80be-6c2ee1cca47a	8b843507-9f86-40f9-80be-6c2ee1cca47a	{"sub": "8b843507-9f86-40f9-80be-6c2ee1cca47a", "email": "ac0212024@gmail.com", "email_verified": false, "phone_verified": false}	email	2026-03-27 12:22:13.523212+00	2026-03-27 12:22:13.523259+00	2026-03-27 12:22:13.523259+00	bb50aa73-9f8b-49a5-830d-721cc632293b
a5f2af3a-4d66-46f0-9c10-d8eb967c94bd	a5f2af3a-4d66-46f0-9c10-d8eb967c94bd	{"sub": "a5f2af3a-4d66-46f0-9c10-d8eb967c94bd", "email": "zoo86430@gmail.com", "email_verified": false, "phone_verified": false}	email	2026-03-27 12:22:14.132618+00	2026-03-27 12:22:14.132662+00	2026-03-27 12:22:14.132662+00	f9f6d9c7-b37f-433b-8b5f-f8c1cd85d8a6
b62dbd5d-e976-4a4c-8d68-9a848f382fea	b62dbd5d-e976-4a4c-8d68-9a848f382fea	{"sub": "b62dbd5d-e976-4a4c-8d68-9a848f382fea", "email": "mime1008@gmail.com", "email_verified": false, "phone_verified": false}	email	2026-03-27 12:22:14.673414+00	2026-03-27 12:22:14.673463+00	2026-03-27 12:22:14.673463+00	d5d63eef-7283-4b14-8ecb-f0e06917dd7b
e31da40a-640d-42e1-8c96-4cae16a7965a	e31da40a-640d-42e1-8c96-4cae16a7965a	{"sub": "e31da40a-640d-42e1-8c96-4cae16a7965a", "email": "lune1225noire@gmail.com", "email_verified": false, "phone_verified": false}	email	2026-03-27 12:22:15.213766+00	2026-03-27 12:22:15.213814+00	2026-03-27 12:22:15.213814+00	ee2cfd62-0345-434a-aa2a-f634865d9965
3afa562b-cc2b-4491-b658-cc411a1cad24	3afa562b-cc2b-4491-b658-cc411a1cad24	{"sub": "3afa562b-cc2b-4491-b658-cc411a1cad24", "email": "oocsoo@yahoo.com.tw", "email_verified": false, "phone_verified": false}	email	2026-03-27 12:22:15.891111+00	2026-03-27 12:22:15.891157+00	2026-03-27 12:22:15.891157+00	6d6e7575-312c-4548-9a06-e69acb685f6a
8c784bfd-d20d-475e-a4d0-a7f49d46b969	8c784bfd-d20d-475e-a4d0-a7f49d46b969	{"sub": "8c784bfd-d20d-475e-a4d0-a7f49d46b969", "email": "karso11188@gmail.com", "email_verified": false, "phone_verified": false}	email	2026-03-27 12:22:16.393014+00	2026-03-27 12:22:16.393063+00	2026-03-27 12:22:16.393063+00	f280bb52-9914-400d-9d15-4c2f5440d723
056462bf-885b-4e91-b7fd-48b9c6480452	056462bf-885b-4e91-b7fd-48b9c6480452	{"sub": "056462bf-885b-4e91-b7fd-48b9c6480452", "email": "karso1122@yahoo.com.tw", "email_verified": false, "phone_verified": false}	email	2026-03-27 12:22:16.941598+00	2026-03-27 12:22:16.941646+00	2026-03-27 12:22:16.941646+00	bf434ed6-dfc7-448c-b409-1e1bb4967eb9
c020c636-ba9a-4252-b954-cce2ab67b1da	c020c636-ba9a-4252-b954-cce2ab67b1da	{"sub": "c020c636-ba9a-4252-b954-cce2ab67b1da", "email": "nix2by260x@scrap-transport-musical-hospital-brainstorm.com", "email_verified": false, "phone_verified": false}	email	2026-03-27 12:22:17.451361+00	2026-03-27 12:22:17.45141+00	2026-03-27 12:22:17.45141+00	5177dbba-2874-4bb4-8d7f-e24dfe47c7dd
e514d964-bd5e-49e2-be7d-2a472f87730b	e514d964-bd5e-49e2-be7d-2a472f87730b	{"sub": "e514d964-bd5e-49e2-be7d-2a472f87730b", "email": "6yq3rzsuuk@scrap-transport-musical-hospital-brainstorm.com", "email_verified": false, "phone_verified": false}	email	2026-03-27 12:22:17.964658+00	2026-03-27 12:22:17.966457+00	2026-03-27 12:22:17.966457+00	019d5b2f-24cf-4541-a1de-860e5a093246
c7641a03-927b-42de-9a87-43b251fb4016	c7641a03-927b-42de-9a87-43b251fb4016	{"sub": "c7641a03-927b-42de-9a87-43b251fb4016", "email": "de.i.dar.a.a.sui1.2@googlemail.com", "email_verified": false, "phone_verified": false}	email	2026-03-27 12:22:18.478967+00	2026-03-27 12:22:18.479013+00	2026-03-27 12:22:18.479013+00	ce86c557-b8b0-4f9f-8967-2d769f5c5206
e3ab1e7c-f206-4073-a695-bf1dfeb112ed	e3ab1e7c-f206-4073-a695-bf1dfeb112ed	{"sub": "e3ab1e7c-f206-4073-a695-bf1dfeb112ed", "email": "chouchenghui@gmail.com", "email_verified": false, "phone_verified": false}	email	2026-03-27 12:22:19.031335+00	2026-03-27 12:22:19.031388+00	2026-03-27 12:22:19.031388+00	c20246b8-d979-4d9b-805a-8c4fd2ebdf7b
53b32698-f7de-460a-86b0-e731f1a97397	53b32698-f7de-460a-86b0-e731f1a97397	{"sub": "53b32698-f7de-460a-86b0-e731f1a97397", "email": "fff3dgqb5r@scrap-transport-musical-hospital-brainstorm.com", "email_verified": false, "phone_verified": false}	email	2026-03-27 12:22:19.555198+00	2026-03-27 12:22:19.555248+00	2026-03-27 12:22:19.555248+00	6f08f983-255a-4187-ab2b-3eaa4dff90d0
17afc6ad-c6c0-4af8-9852-a3328f504ddb	17afc6ad-c6c0-4af8-9852-a3328f504ddb	{"sub": "17afc6ad-c6c0-4af8-9852-a3328f504ddb", "email": "applewindycandy@gmail.com", "email_verified": false, "phone_verified": false}	email	2026-03-27 12:22:20.095088+00	2026-03-27 12:22:20.095136+00	2026-03-27 12:22:20.095136+00	ce52060c-03b7-4e35-88d7-432a77cd3db7
0a95f1f7-9b10-448f-ab1b-337ab1bab15b	0a95f1f7-9b10-448f-ab1b-337ab1bab15b	{"sub": "0a95f1f7-9b10-448f-ab1b-337ab1bab15b", "email": "joseph.mc.chiang@gmail.com", "email_verified": false, "phone_verified": false}	email	2026-03-27 12:22:20.597386+00	2026-03-27 12:22:20.597432+00	2026-03-27 12:22:20.597432+00	cfa56996-7688-427c-8f49-d1999ed7048e
d25c8fb9-c327-4939-917b-5d081cbbde58	d25c8fb9-c327-4939-917b-5d081cbbde58	{"sub": "d25c8fb9-c327-4939-917b-5d081cbbde58", "email": "kennethchi8899@gmail.com", "email_verified": false, "phone_verified": false}	email	2026-03-27 12:22:21.095763+00	2026-03-27 12:22:21.095808+00	2026-03-27 12:22:21.095808+00	f347b0b1-1115-4ebe-bf1f-edc21d10ce2b
d941b8f2-5cd2-47aa-b328-346a0466fbba	d941b8f2-5cd2-47aa-b328-346a0466fbba	{"sub": "d941b8f2-5cd2-47aa-b328-346a0466fbba", "email": "reneecheng1229@gmail.com", "email_verified": false, "phone_verified": false}	email	2026-03-27 12:22:21.643221+00	2026-03-27 12:22:21.643284+00	2026-03-27 12:22:21.643284+00	56492dba-524d-47fd-ab42-3634e85ce699
77bac16d-d1cb-49c8-8bd2-5846b3859f0d	77bac16d-d1cb-49c8-8bd2-5846b3859f0d	{"sub": "77bac16d-d1cb-49c8-8bd2-5846b3859f0d", "email": "jennie.huang@panditms.com.tw", "email_verified": false, "phone_verified": false}	email	2026-03-27 12:22:22.15601+00	2026-03-27 12:22:22.15606+00	2026-03-27 12:22:22.15606+00	5b51cc99-c57b-45ca-aacb-e3644bbe5a7f
cd51371d-caaa-473c-bd7c-022c8873923d	cd51371d-caaa-473c-bd7c-022c8873923d	{"sub": "cd51371d-caaa-473c-bd7c-022c8873923d", "email": "a8855462@kimo.com", "email_verified": false, "phone_verified": false}	email	2026-03-27 12:22:22.939359+00	2026-03-27 12:22:22.939415+00	2026-03-27 12:22:22.939415+00	a7f2a8fb-ecaa-4fad-a820-199983483d2a
73a54a91-a173-4d93-86a1-17d85fa8f2c1	73a54a91-a173-4d93-86a1-17d85fa8f2c1	{"sub": "73a54a91-a173-4d93-86a1-17d85fa8f2c1", "email": "mandy819.cool@gmail.com", "email_verified": false, "phone_verified": false}	email	2026-03-27 12:22:23.466975+00	2026-03-27 12:22:23.467026+00	2026-03-27 12:22:23.467026+00	c46a7c80-99db-48ad-a995-01812cf3690e
18ed5f4d-a066-4994-aa44-e1e3d73137cd	18ed5f4d-a066-4994-aa44-e1e3d73137cd	{"sub": "18ed5f4d-a066-4994-aa44-e1e3d73137cd", "email": "xc452116@gmail.com", "email_verified": false, "phone_verified": false}	email	2026-03-27 12:22:24.003204+00	2026-03-27 12:22:24.003256+00	2026-03-27 12:22:24.003256+00	9a317960-48d2-4c76-8be1-cd7668bd7c61
71fde86c-199c-472d-87e9-134fd8ee8623	71fde86c-199c-472d-87e9-134fd8ee8623	{"sub": "71fde86c-199c-472d-87e9-134fd8ee8623", "email": "nickychungyuhwang@hotmail.com", "email_verified": false, "phone_verified": false}	email	2026-03-27 12:22:24.614388+00	2026-03-27 12:22:24.614436+00	2026-03-27 12:22:24.614436+00	c447877f-a0d6-4194-9c3f-d26ea4de138a
87ceeb77-a66c-4d55-8619-a6f20a871b76	87ceeb77-a66c-4d55-8619-a6f20a871b76	{"sub": "87ceeb77-a66c-4d55-8619-a6f20a871b76", "email": "jack.hsu0924@yahoo.com.tw", "email_verified": false, "phone_verified": false}	email	2026-03-27 12:22:25.154138+00	2026-03-27 12:22:25.154205+00	2026-03-27 12:22:25.154205+00	09cc9cf3-5257-4a8c-ac1a-85003b96e391
54c65ea1-34d5-4c6c-89b0-d582ba5b03a5	54c65ea1-34d5-4c6c-89b0-d582ba5b03a5	{"sub": "54c65ea1-34d5-4c6c-89b0-d582ba5b03a5", "email": "a9311010@gmail.com", "email_verified": false, "phone_verified": false}	email	2026-03-27 12:22:25.66658+00	2026-03-27 12:22:25.666624+00	2026-03-27 12:22:25.666624+00	4cc4a01b-d67d-4558-b8d4-f0f6d2dc52ca
0b673557-7388-4979-9a7a-07498d4f534d	0b673557-7388-4979-9a7a-07498d4f534d	{"sub": "0b673557-7388-4979-9a7a-07498d4f534d", "email": "ayuing@gmail.com", "email_verified": false, "phone_verified": false}	email	2026-03-27 12:22:26.1806+00	2026-03-27 12:22:26.180646+00	2026-03-27 12:22:26.180646+00	469bf1af-c19d-42e2-ba83-9112f00edf55
a7cf8bf6-0f85-4f70-8d9d-1401ab4cac04	a7cf8bf6-0f85-4f70-8d9d-1401ab4cac04	{"sub": "a7cf8bf6-0f85-4f70-8d9d-1401ab4cac04", "email": "whale1017@gmail.com", "email_verified": false, "phone_verified": false}	email	2026-03-27 12:22:26.709375+00	2026-03-27 12:22:26.709432+00	2026-03-27 12:22:26.709432+00	e98187b5-8139-41eb-81e8-3380bf1514b0
55a79cdd-7c1e-4be6-91f6-b364265071cc	55a79cdd-7c1e-4be6-91f6-b364265071cc	{"sub": "55a79cdd-7c1e-4be6-91f6-b364265071cc", "email": "yuchun1129@gmail.com", "email_verified": false, "phone_verified": false}	email	2026-03-27 12:22:27.234882+00	2026-03-27 12:22:27.234933+00	2026-03-27 12:22:27.234933+00	8d71147b-f6d6-4f47-9a98-38dbd7fef662
44cff853-17ee-4153-a830-cebf8d41e895	44cff853-17ee-4153-a830-cebf8d41e895	{"sub": "44cff853-17ee-4153-a830-cebf8d41e895", "email": "sabrina.chang1120@gmail.com", "email_verified": false, "phone_verified": false}	email	2026-03-27 12:22:27.758193+00	2026-03-27 12:22:27.75824+00	2026-03-27 12:22:27.75824+00	34d0c7fb-064d-4201-93cb-f1f89f1fa1d2
c1ab4bb9-d7dc-4c02-9146-6ff74232a760	c1ab4bb9-d7dc-4c02-9146-6ff74232a760	{"sub": "c1ab4bb9-d7dc-4c02-9146-6ff74232a760", "email": "jan23xchou@gmail.com", "email_verified": false, "phone_verified": false}	email	2026-03-27 12:22:28.277328+00	2026-03-27 12:22:28.277375+00	2026-03-27 12:22:28.277375+00	cfb9b717-32be-4876-b038-41928dfdb871
818a1062-83a6-4f6b-936b-15a191270f01	818a1062-83a6-4f6b-936b-15a191270f01	{"sub": "818a1062-83a6-4f6b-936b-15a191270f01", "email": "amy900323@hotmail.com", "email_verified": false, "phone_verified": false}	email	2026-03-27 12:22:28.807695+00	2026-03-27 12:22:28.80774+00	2026-03-27 12:22:28.80774+00	59bb6fe2-57b4-4ad1-bc6b-d37371f47669
\.


--
-- Data for Name: instances; Type: TABLE DATA; Schema: auth; Owner: supabase_auth_admin
--

COPY auth.instances (id, uuid, raw_base_config, created_at, updated_at) FROM stdin;
\.


--
-- Data for Name: oauth_clients; Type: TABLE DATA; Schema: auth; Owner: supabase_auth_admin
--

COPY auth.oauth_clients (id, client_secret_hash, registration_type, redirect_uris, grant_types, client_name, client_uri, logo_uri, created_at, updated_at, deleted_at, client_type, token_endpoint_auth_method) FROM stdin;
\.


--
-- Data for Name: sessions; Type: TABLE DATA; Schema: auth; Owner: supabase_auth_admin
--

COPY auth.sessions (id, user_id, created_at, updated_at, factor_id, aal, not_after, refreshed_at, user_agent, ip, tag, oauth_client_id, refresh_token_hmac_key, refresh_token_counter, scopes) FROM stdin;
81e52b0c-fd43-4b7d-a347-085102d243ca	b56e264e-93ba-4dfa-92af-1655af344cac	2026-03-28 15:05:57.688848+00	2026-04-01 17:04:44.453982+00	\N	aal1	\N	2026-04-01 17:04:44.45388	node	18.136.210.243	\N	\N	\N	\N	\N
a24ddd2a-03c4-4432-954b-c345a71a6f3f	b56e264e-93ba-4dfa-92af-1655af344cac	2026-04-01 17:56:33.386653+00	2026-04-01 17:56:33.386653+00	\N	aal1	\N	\N	node	3.235.184.179	\N	\N	\N	\N	\N
d86de923-bbbb-4e36-9db0-2fcb7178929e	b56e264e-93ba-4dfa-92af-1655af344cac	2026-04-02 02:35:00.252722+00	2026-04-02 02:35:00.252722+00	\N	aal1	\N	\N	node	3.88.179.253	\N	\N	\N	\N	\N
f5425946-83ad-4279-b03d-a7aeaec707ff	b56e264e-93ba-4dfa-92af-1655af344cac	2026-04-02 02:36:18.723483+00	2026-04-02 02:36:18.723483+00	\N	aal1	\N	\N	node	3.88.179.253	\N	\N	\N	\N	\N
2a078ce9-346c-4dab-a634-276657b08fc7	b56e264e-93ba-4dfa-92af-1655af344cac	2026-04-02 03:24:34.081803+00	2026-04-02 03:24:34.081803+00	\N	aal1	\N	\N	node	34.224.173.33	\N	\N	\N	\N	\N
\.


--
-- Data for Name: mfa_amr_claims; Type: TABLE DATA; Schema: auth; Owner: supabase_auth_admin
--

COPY auth.mfa_amr_claims (session_id, created_at, updated_at, authentication_method, id) FROM stdin;
81e52b0c-fd43-4b7d-a347-085102d243ca	2026-03-28 15:05:57.74897+00	2026-03-28 15:05:57.74897+00	password	429bebc9-40d2-422e-87b9-2b208448574b
a24ddd2a-03c4-4432-954b-c345a71a6f3f	2026-04-01 17:56:33.433863+00	2026-04-01 17:56:33.433863+00	password	3ad39ce5-8c18-4d84-8909-2e998058d603
d86de923-bbbb-4e36-9db0-2fcb7178929e	2026-04-02 02:35:00.300247+00	2026-04-02 02:35:00.300247+00	password	ea6133f4-9d92-400d-99ca-e2276c05a685
f5425946-83ad-4279-b03d-a7aeaec707ff	2026-04-02 02:36:18.746517+00	2026-04-02 02:36:18.746517+00	password	550dd386-cc11-4edc-85e9-1cc4d6aff574
2a078ce9-346c-4dab-a634-276657b08fc7	2026-04-02 03:24:34.12332+00	2026-04-02 03:24:34.12332+00	password	4cfb22c1-c81a-4eb7-a3d0-9bad90336b9a
\.


--
-- Data for Name: mfa_factors; Type: TABLE DATA; Schema: auth; Owner: supabase_auth_admin
--

COPY auth.mfa_factors (id, user_id, friendly_name, factor_type, status, created_at, updated_at, secret, phone, last_challenged_at, web_authn_credential, web_authn_aaguid, last_webauthn_challenge_data) FROM stdin;
\.


--
-- Data for Name: mfa_challenges; Type: TABLE DATA; Schema: auth; Owner: supabase_auth_admin
--

COPY auth.mfa_challenges (id, factor_id, created_at, verified_at, ip_address, otp_code, web_authn_session_data) FROM stdin;
\.


--
-- Data for Name: oauth_authorizations; Type: TABLE DATA; Schema: auth; Owner: supabase_auth_admin
--

COPY auth.oauth_authorizations (id, authorization_id, client_id, user_id, redirect_uri, scope, state, resource, code_challenge, code_challenge_method, response_type, status, authorization_code, created_at, expires_at, approved_at, nonce) FROM stdin;
\.


--
-- Data for Name: oauth_client_states; Type: TABLE DATA; Schema: auth; Owner: supabase_auth_admin
--

COPY auth.oauth_client_states (id, provider_type, code_verifier, created_at) FROM stdin;
\.


--
-- Data for Name: oauth_consents; Type: TABLE DATA; Schema: auth; Owner: supabase_auth_admin
--

COPY auth.oauth_consents (id, user_id, client_id, scopes, granted_at, revoked_at) FROM stdin;
\.


--
-- Data for Name: one_time_tokens; Type: TABLE DATA; Schema: auth; Owner: supabase_auth_admin
--

COPY auth.one_time_tokens (id, user_id, token_type, token_hash, relates_to, created_at, updated_at) FROM stdin;
\.


--
-- Data for Name: refresh_tokens; Type: TABLE DATA; Schema: auth; Owner: supabase_auth_admin
--

COPY auth.refresh_tokens (instance_id, id, token, user_id, revoked, created_at, updated_at, parent, session_id) FROM stdin;
00000000-0000-0000-0000-000000000000	4	llsyyfmxpctf	b56e264e-93ba-4dfa-92af-1655af344cac	t	2026-03-28 15:05:57.724683+00	2026-03-28 16:08:23.09472+00	\N	81e52b0c-fd43-4b7d-a347-085102d243ca
00000000-0000-0000-0000-000000000000	5	bqlmogzmoue2	b56e264e-93ba-4dfa-92af-1655af344cac	t	2026-03-28 16:08:23.108509+00	2026-03-30 02:15:56.461919+00	llsyyfmxpctf	81e52b0c-fd43-4b7d-a347-085102d243ca
00000000-0000-0000-0000-000000000000	6	r3ktdhuoc33b	b56e264e-93ba-4dfa-92af-1655af344cac	t	2026-03-30 02:15:56.476455+00	2026-03-30 03:42:48.167821+00	bqlmogzmoue2	81e52b0c-fd43-4b7d-a347-085102d243ca
00000000-0000-0000-0000-000000000000	7	6336yr7l2gag	b56e264e-93ba-4dfa-92af-1655af344cac	t	2026-03-30 03:42:48.194684+00	2026-04-01 05:04:02.71604+00	r3ktdhuoc33b	81e52b0c-fd43-4b7d-a347-085102d243ca
00000000-0000-0000-0000-000000000000	8	gnmnav4fevk2	b56e264e-93ba-4dfa-92af-1655af344cac	t	2026-04-01 05:04:04.466868+00	2026-04-01 06:08:15.335081+00	6336yr7l2gag	81e52b0c-fd43-4b7d-a347-085102d243ca
00000000-0000-0000-0000-000000000000	9	7igkgm722pyb	b56e264e-93ba-4dfa-92af-1655af344cac	t	2026-04-01 06:08:15.362667+00	2026-04-01 15:25:14.909288+00	gnmnav4fevk2	81e52b0c-fd43-4b7d-a347-085102d243ca
00000000-0000-0000-0000-000000000000	10	dwxpzdu4znaq	b56e264e-93ba-4dfa-92af-1655af344cac	t	2026-04-01 15:25:14.924358+00	2026-04-01 17:04:44.36479+00	7igkgm722pyb	81e52b0c-fd43-4b7d-a347-085102d243ca
00000000-0000-0000-0000-000000000000	11	27qrmgkq7xtf	b56e264e-93ba-4dfa-92af-1655af344cac	f	2026-04-01 17:04:44.376784+00	2026-04-01 17:04:44.376784+00	dwxpzdu4znaq	81e52b0c-fd43-4b7d-a347-085102d243ca
00000000-0000-0000-0000-000000000000	12	dndx7kpb2s3o	b56e264e-93ba-4dfa-92af-1655af344cac	f	2026-04-01 17:56:33.413688+00	2026-04-01 17:56:33.413688+00	\N	a24ddd2a-03c4-4432-954b-c345a71a6f3f
00000000-0000-0000-0000-000000000000	13	4vahaihhxsxc	b56e264e-93ba-4dfa-92af-1655af344cac	f	2026-04-02 02:35:00.278227+00	2026-04-02 02:35:00.278227+00	\N	d86de923-bbbb-4e36-9db0-2fcb7178929e
00000000-0000-0000-0000-000000000000	14	2vvuc4yx3rup	b56e264e-93ba-4dfa-92af-1655af344cac	f	2026-04-02 02:36:18.736569+00	2026-04-02 02:36:18.736569+00	\N	f5425946-83ad-4279-b03d-a7aeaec707ff
00000000-0000-0000-0000-000000000000	15	yrbiz7ttclbi	b56e264e-93ba-4dfa-92af-1655af344cac	f	2026-04-02 03:24:34.105073+00	2026-04-02 03:24:34.105073+00	\N	2a078ce9-346c-4dab-a634-276657b08fc7
\.


--
-- Data for Name: sso_providers; Type: TABLE DATA; Schema: auth; Owner: supabase_auth_admin
--

COPY auth.sso_providers (id, resource_id, created_at, updated_at, disabled) FROM stdin;
\.


--
-- Data for Name: saml_providers; Type: TABLE DATA; Schema: auth; Owner: supabase_auth_admin
--

COPY auth.saml_providers (id, sso_provider_id, entity_id, metadata_xml, metadata_url, attribute_mapping, created_at, updated_at, name_id_format) FROM stdin;
\.


--
-- Data for Name: saml_relay_states; Type: TABLE DATA; Schema: auth; Owner: supabase_auth_admin
--

COPY auth.saml_relay_states (id, sso_provider_id, request_id, for_email, redirect_to, created_at, updated_at, flow_state_id) FROM stdin;
\.


--
-- Data for Name: schema_migrations; Type: TABLE DATA; Schema: auth; Owner: supabase_auth_admin
--

COPY auth.schema_migrations (version) FROM stdin;
20171026211738
20171026211808
20171026211834
20180103212743
20180108183307
20180119214651
20180125194653
00
20210710035447
20210722035447
20210730183235
20210909172000
20210927181326
20211122151130
20211124214934
20211202183645
20220114185221
20220114185340
20220224000811
20220323170000
20220429102000
20220531120530
20220614074223
20220811173540
20221003041349
20221003041400
20221011041400
20221020193600
20221021073300
20221021082433
20221027105023
20221114143122
20221114143410
20221125140132
20221208132122
20221215195500
20221215195800
20221215195900
20230116124310
20230116124412
20230131181311
20230322519590
20230402418590
20230411005111
20230508135423
20230523124323
20230818113222
20230914180801
20231027141322
20231114161723
20231117164230
20240115144230
20240214120130
20240306115329
20240314092811
20240427152123
20240612123726
20240729123726
20240802193726
20240806073726
20241009103726
20250717082212
20250731150234
20250804100000
20250901200500
20250903112500
20250904133000
20250925093508
20251007112900
20251104100000
20251111201300
20251201000000
20260115000000
20260121000000
20260219120000
20260302000000
\.


--
-- Data for Name: sso_domains; Type: TABLE DATA; Schema: auth; Owner: supabase_auth_admin
--

COPY auth.sso_domains (id, sso_provider_id, domain, created_at, updated_at) FROM stdin;
\.


--
-- Data for Name: webauthn_challenges; Type: TABLE DATA; Schema: auth; Owner: supabase_auth_admin
--

COPY auth.webauthn_challenges (id, user_id, challenge_type, session_data, created_at, expires_at) FROM stdin;
\.


--
-- Data for Name: webauthn_credentials; Type: TABLE DATA; Schema: auth; Owner: supabase_auth_admin
--

COPY auth.webauthn_credentials (id, user_id, credential_id, public_key, attestation_type, aaguid, sign_count, transports, backup_eligible, backed_up, friendly_name, created_at, updated_at, last_used_at) FROM stdin;
\.


--
-- Data for Name: membership_tiers; Type: TABLE DATA; Schema: public; Owner: postgres
--

COPY public.membership_tiers (id, name, min_spend, discount_rate, benefits, sort_order) FROM stdin;
7e510692-a406-47bf-bc9d-45605844a930	初心之友	0.00	0.0500	{"description": "◎ 常態95折\\n◎ 消費金額 2.3% 累積為公益存款\\n◎ 生日禮券100元，當月消費公益存款雙倍累積", "rebate_rate": 2.3, "base_discount": "95折", "birthday_coupon": 100, "birthday_discount": "95折", "birthday_rebate_multiplier": 2}	1
3bc6e743-c026-4f04-b79f-7008a84fe860	知心之友	3500.00	0.0500	{"description": "◎ 常態95折\\n◎ 消費金額3.3%累積為公益存款\\n◎ 生日當月消費9折，公益存款雙倍累積\\n◎ 線上講座與課程邀請", "rebate_rate": 3.3, "base_discount": "95折", "lecture_access": true, "duration_months": 12, "birthday_discount": "9折", "check_period_months": 6, "birthday_rebate_multiplier": 2}	2
1c596319-4331-462d-8271-1f2fecadc99d	同心之友	12000.00	0.1000	{"description": "◎ 常態9折\\n◎ 消費金額3.3%累積為公益存款\\n◎ 生日當月消費公益存款雙倍累積\\n◎ 專屬生日禮\\n◎ 線上與實體活動邀請", "rebate_rate": 3.3, "event_access": true, "base_discount": "9折", "birthday_gift": true, "lecture_access": true, "duration_months": 24, "birthday_discount": "公益存款雙倍累積", "check_period_months": 12, "birthday_rebate_multiplier": 2}	3
\.


--
-- Data for Name: coupons; Type: TABLE DATA; Schema: public; Owner: postgres
--

COPY public.coupons (id, code, type, value, min_order, max_uses, used_count, expires_at, applicable_to, tier_id) FROM stdin;
dd919f70-d687-46c1-b624-c9130db0d90f	RRIG	fixed	50.00	100.00	\N	0	\N	order	\N
95e41f1a-bf7e-424f-a0cc-689062d5cb40	greenbonus1	fixed	6.00	\N	\N	0	\N	order	\N
0b1485d4-f5bf-46dc-92f8-982ab86a35ae	rachelthebest	fixed	200.00	300.00	2	2	\N	order	\N
0645bad2-9b9a-4f9f-b2e0-d137fc47b5d9	old-friend1	fixed	50.00	500.00	\N	0	2026-04-29 16:00:00+00	order	\N
92d4d4f7-4345-4002-b487-5e109b2f40a9	old-friend2	fixed	120.00	1500.00	\N	1	2026-04-29 16:00:00+00	order	\N
9eb632fc-60bb-4954-a94a-b2d83a49fdda	nicecc	fixed	55.00	500.00	\N	9	2026-03-21 16:00:00+00	order	\N
\.


--
-- Data for Name: campaigns; Type: TABLE DATA; Schema: public; Owner: postgres
--

COPY public.campaigns (id, name, description, tier_id, type, config, coupon_id, is_active, starts_at, ends_at, created_at, updated_at) FROM stdin;
46060bdb-fad0-4e5e-81a4-b26b14d54164	初心之友生日當月消費95折，公益存款雙倍累積	初心之友會員生日當月享95折優惠，公益存款雙倍累積	7e510692-a406-47bf-bc9d-45605844a930	discount	{"promo_type": "birthday", "discount_value": 0.95, "discount_method": "percent", "rebate_multiplier": 2, "birthday_after_days": 31, "birthday_before_days": 0}	\N	t	2026-03-28 01:49:56.381063+00	\N	2026-03-28 01:49:56.381063+00	2026-03-28 01:49:56.381063+00
5b2cb2bc-dde4-4f2d-b5c6-c8dba3e0ae04	初心之友常態95折	初心之友會員全商品常態95折	7e510692-a406-47bf-bc9d-45605844a930	discount	{"scope": "all", "promo_type": "product_discount", "discount_value": 0.95, "discount_method": "percent"}	\N	t	2026-03-28 01:49:56.381063+00	\N	2026-03-28 01:49:56.381063+00	2026-03-28 01:49:56.381063+00
6ffbca18-8ace-4181-841f-089de53dbc5c	知心之友常態95折	知心之友會員全商品常態95折	3bc6e743-c026-4f04-b79f-7008a84fe860	discount	{"scope": "all", "promo_type": "product_discount", "discount_value": 0.95, "discount_method": "percent"}	\N	t	2026-03-28 01:49:56.381063+00	\N	2026-03-28 01:49:56.381063+00	2026-03-28 01:49:56.381063+00
b04b99e4-d05b-4fe7-bb46-20794877e846	知心之友生日當月消費9折，公益存款雙倍累積	知心之友會員生日當月享9折優惠，公益存款雙倍累積	3bc6e743-c026-4f04-b79f-7008a84fe860	discount	{"promo_type": "birthday", "discount_value": 0.9, "discount_method": "percent", "rebate_multiplier": 2, "birthday_after_days": 31, "birthday_before_days": 0}	\N	t	2026-03-28 01:49:56.381063+00	\N	2026-03-28 01:49:56.381063+00	2026-03-28 01:49:56.381063+00
d31d23c2-68b3-4e3f-abe5-d8f1d7aabe97	同心之友常態9折	同心之友會員全商品常態9折	1c596319-4331-462d-8271-1f2fecadc99d	discount	{"scope": "all", "promo_type": "cart_discount", "discount_value": 0.90, "discount_method": "percent"}	\N	t	2026-03-28 01:49:56.381063+00	\N	2026-03-28 01:49:56.381063+00	2026-03-28 01:49:56.381063+00
3dafd7c7-d237-4533-aa91-b8dcf95644ff	全部品項任選買10送1	所有等級會員，任選11件商品最低價1件免費	\N	bundle	{"scope": "all", "promo_type": "mix_lowest_free", "buy_quantity": 11, "free_quantity": 1}	\N	f	2026-03-28 01:49:56.381063+00	\N	2026-03-28 01:49:56.381063+00	2026-03-28 01:49:56.381063+00
a4ff48bb-3976-4e12-a18a-31a52b505b84	消費滿1500送品牌帆布袋	所有等級會員，單筆消費滿1500元贈送品牌帆布袋	\N	bundle	{"gift_name": "品牌帆布袋", "promo_type": "spend_get_gift", "spend_threshold": 1500}	\N	f	2026-03-28 01:49:56.381063+00	\N	2026-03-28 01:49:56.381063+00	2026-03-28 01:49:56.381063+00
\.


--
-- Data for Name: categories; Type: TABLE DATA; Schema: public; Owner: postgres
--

COPY public.categories (id, name, slug, parent_id, sort_order) FROM stdin;
72d7314f-9bed-42e3-ad0b-3719fff40e4c	All	all	\N	0
0c27248d-807f-43a0-9a25-a50fc2bea69a	植物高蛋白粉	plant-based-powder	\N	1
133ad6b1-ada9-4add-9d65-8bf99cf31355	凍乾水果	freeze-dried	\N	2
03c39b7a-3cbe-48a9-b050-4a3c97c94f99	永續生活	sustain-life	\N	3
c6489e2f-1a47-45fc-ac39-034b177ccd06	禮物	禮物	\N	4
4de98bf4-993a-4c12-98e2-314ae5920542	禮物	禮物-禮物	c6489e2f-1a47-45fc-ac39-034b177ccd06	5
364b3a46-1ec2-43ad-a044-f0cb982e1cfd	禮物	禮物-禮物-2	c6489e2f-1a47-45fc-ac39-034b177ccd06	6
\.


--
-- Data for Name: orders; Type: TABLE DATA; Schema: public; Owner: postgres
--

COPY public.orders (id, order_number, user_id, guest_email, status, subtotal, shipping_fee, discount_amount, total, payment_method, payment_status, shipping_method, invoice_id, metadata, created_at, updated_at) FROM stdin;
c7e85e05-cb4a-4fbc-a321-277abe6d4b3b	WP-3114	0c59e78d-11bf-4af2-9410-acb41e359051	\N	completed	2495.00	0.00	339.75	2155.00	pchomepay	paid	home_delivery	\N	{"wp_status": "wc-completed", "wp_order_id": 3114, "payment_method_title": "信用卡付款"}	2026-01-03 02:36:43+00	2026-01-10 07:45:33+00
a7a8f2de-e379-4c71-a13a-6c6dda4b0216	WP-3123	0fbf94c9-b8f2-4388-b1ea-5dbe0007160d	\N	completed	1400.00	150.00	0.00	1550.00	pchomepay	paid	home_delivery	\N	{"wp_status": "wc-completed", "wp_order_id": 3123, "customer_note": "轉WH328大副", "payment_method_title": "信用卡付款"}	2026-01-03 11:09:32+00	2026-01-16 01:49:56+00
d267a6d9-aa84-4937-8fe3-f980e19c2743	WP-3164	fc39cdda-bbde-404e-82b6-447fb12bca03	\N	completed	1044.00	0.00	121.20	923.00	pchomepay	paid	home_delivery	\N	{"wp_status": "wc-completed", "wp_order_id": 3164, "payment_method_title": "信用卡付款"}	2026-01-05 07:06:54+00	2026-01-16 01:49:57+00
3ea9cef9-b3f7-41ae-9adb-96eb30bc72b0	WP-3166	9f2595f7-00a5-49c4-bc8e-b26c750deebf	\N	shipped	2383.00	0.00	259.65	2123.00	pchomepay	paid	home_delivery	\N	{"wp_status": "wc-wmp-shipped", "wp_order_id": 3166, "payment_method_title": "信用卡付款"}	2026-01-05 10:07:09+00	2026-01-08 12:03:30+00
5ba0ed35-0f51-4593-a184-5dfe834238b3	WP-3167	dd9fc277-0655-4dad-b01a-0b9f42e0ba73	\N	completed	1233.00	0.00	61.65	1171.00	pchomepay	paid	home_delivery	\N	{"wp_status": "wc-completed", "wp_order_id": 3167, "payment_method_title": "信用卡付款"}	2026-01-06 02:39:25+00	2026-01-07 05:24:31+00
72a381b1-c5d7-4b71-8a08-09be3cebaeaa	WP-3169	3f8d301d-121a-47e0-9fce-1524a0d1e203	\N	completed	967.00	150.00	48.35	1069.00	pchomepay	paid	home_delivery	\N	{"wp_status": "wc-completed", "wp_order_id": 3169, "payment_method_title": "信用卡付款"}	2026-01-06 13:23:12+00	2026-01-16 01:49:58+00
d794c504-5b76-4130-b387-c7c437d7df5b	WP-3171	41a83b63-903e-46b2-b3ee-1837cee9e24e	\N	completed	1020.00	0.00	51.00	969.00	pchomepay	paid	home_delivery	\N	{"wp_status": "wc-completed", "wp_order_id": 3171, "payment_method_title": "信用卡付款"}	2026-01-06 15:42:02+00	2026-01-16 01:49:59+00
34c22045-abee-4e55-9a7e-ca1491beaaf4	WP-3196	\N	ych921012@gmail.com	completed	923.00	0.00	46.15	877.00	pchomepay	paid	home_delivery	\N	{"wp_status": "wc-completed", "wp_order_id": 3196, "customer_note": "支持尹昕😘先選了幾個自己可能喜歡的品項，期待開箱！", "payment_method_title": "信用卡付款"}	2026-01-07 12:58:01+00	2026-01-16 01:49:59+00
31897a33-dfe4-4d46-a675-11964514a6d4	WP-3197	a4d578f3-b2f1-46c5-9f4e-173696d03371	\N	completed	885.00	0.00	44.25	841.00	pchomepay	paid	home_delivery	\N	{"wp_status": "wc-completed", "wp_order_id": 3197, "payment_method_title": "信用卡付款"}	2026-01-07 13:08:08+00	2026-01-16 01:50:00+00
9ca4b574-fc8f-4269-974b-0704e6991d8a	WP-3199	\N	ericawhc@gmail.com	completed	900.00	0.00	45.00	855.00	pchomepay	paid	home_delivery	\N	{"wp_status": "wc-completed", "wp_order_id": 3199, "payment_method_title": "信用卡付款"}	2026-01-07 14:16:44+00	2026-01-16 01:50:01+00
797043b1-128d-4a80-b2bd-350793275e71	WP-3201	4b405c3b-7ffe-49ff-8bf1-0e753c448b61	\N	completed	543.00	63.00	27.15	579.00	pchomepay	paid	home_delivery	\N	{"wp_status": "wc-completed", "wp_order_id": 3201, "payment_method_title": "信用卡付款"}	2026-01-08 01:17:36+00	2026-01-16 01:50:02+00
dde1eda6-42a5-48c3-9725-225bcb567d01	WP-3202	a29acdbd-0942-4333-92d2-5674a9d48597	\N	completed	888.00	0.00	44.40	844.00	pchomepay	paid	home_delivery	\N	{"wp_status": "wc-completed", "wp_order_id": 3202, "payment_method_title": "信用卡付款"}	2026-01-08 01:23:27+00	2026-01-16 01:50:02+00
ba448998-76fd-4bdb-8557-4f02dacb697c	WP-3211	528fe118-5446-4114-8892-80e8a1b5643a	\N	completed	380.00	50.00	19.00	411.00	pchomepay	paid	home_delivery	\N	{"wp_status": "wc-completed", "wp_order_id": 3211, "customer_note": "支持一下！", "payment_method_title": "信用卡付款"}	2026-01-08 11:53:07+00	2026-01-16 01:50:03+00
e62077ac-dfaa-4cc7-8d54-db985b4f0d30	WP-3212	\N	win00wen@gmail.com	completed	974.00	0.00	179.20	795.00	pchomepay	paid	home_delivery	\N	{"wp_status": "wc-completed", "wp_order_id": 3212, "payment_method_title": "信用卡付款"}	2026-01-09 02:24:16+00	2026-01-16 01:50:04+00
81d976c9-d5f8-4ce9-a029-73db088856ea	WP-3229	\N	het331975@gmail.com	completed	890.00	0.00	44.50	846.00	pchomepay	paid	home_delivery	\N	{"wp_status": "wc-completed", "wp_order_id": 3229, "payment_method_title": "信用卡付款"}	2026-01-11 08:50:20+00	2026-01-16 01:50:05+00
16186695-a1a5-415f-becc-03473fe0f97c	WP-3249	c021a6d8-7db5-4aa7-bdd6-bd634b3e6983	\N	shipped	875.00	0.00	43.75	831.00	pchomepay	paid	home_delivery	\N	{"wp_status": "wc-wmp-shipped", "wp_order_id": 3249, "payment_method_title": "信用卡付款"}	2026-01-14 16:18:24+00	2026-01-19 09:08:57+00
ea85476f-9a26-4cb3-8905-3e6cbd8ad3db	WP-3251	1f9b88ef-1ca1-43c9-ac5a-5ed3d62c63fd	\N	shipped	1380.00	0.00	69.00	1311.00	pchomepay	paid	home_delivery	\N	{"wp_status": "wc-wmp-shipped", "wp_order_id": 3251, "payment_method_title": "信用卡付款"}	2026-01-16 01:59:44+00	2026-01-19 09:08:56+00
40aabc1d-1151-48e2-9d00-44f9353b0424	WP-3258	4692bbe6-4f7e-4b41-81ff-7c61272966ac	\N	completed	2230.00	0.00	311.50	1919.00	pchomepay	paid	home_delivery	\N	{"wp_status": "wc-completed", "wp_order_id": 3258, "payment_method_title": "信用卡付款"}	2026-01-16 09:42:53+00	2026-01-26 05:49:29+00
2e463121-2c27-4e98-a2db-706a98ab6a98	WP-3259	4a00a322-9221-408d-960e-c3100d9d254d	\N	completed	2115.00	0.00	105.75	2009.00	linepay	paid	home_delivery	\N	{"wp_status": "wc-completed", "wp_order_id": 3259, "gateway_txn_id": "2026011668860327610", "payment_method_title": "以 LINE Pay 付款"}	2026-01-16 13:18:20+00	2026-01-26 05:49:29+00
bc5d0c92-c278-4599-84c6-0f019208c307	WP-3260	19f9e7b0-5058-423b-a68a-46c3e18b7e99	\N	failed	409.00	63.00	40.90	431.00	pchomepay	pending	home_delivery	\N	{"wp_status": "wc-failed", "wp_order_id": 3260, "payment_method_title": "信用卡付款"}	2026-01-16 14:08:24+00	2026-01-16 14:20:05+00
5660c34d-974c-46e5-96b7-5c45a9294cb5	WP-3276	\N	chi90006@gmail.com	completed	295.00	63.00	14.75	343.00	linepay	paid	home_delivery	\N	{"wp_status": "wc-completed", "wp_order_id": 3276, "gateway_txn_id": "2026012171750997010", "payment_method_title": "以 LINE Pay 付款"}	2026-01-21 14:37:16+00	2026-01-26 05:49:29+00
aa31aad5-8938-4ae3-8265-e1d198014c3b	WP-3278	8b843507-9f86-40f9-80be-6c2ee1cca47a	\N	shipped	764.00	63.00	102.20	725.00	linepay	paid	home_delivery	\N	{"wp_status": "wc-wmp-shipped", "wp_order_id": 3278, "gateway_txn_id": "2026012271892335710", "payment_method_title": "以 LINE Pay 付款"}	2026-01-22 03:03:45+00	2026-01-29 00:53:18+00
1c1133e1-c129-40e5-abff-e532224dcfbe	WP-3282	\N	raesqwe80275@gmail.com	shipped	800.00	0.00	40.00	760.00	linepay	paid	home_delivery	\N	{"wp_status": "wc-wmp-shipped", "wp_order_id": 3282, "gateway_txn_id": "2026012372783663210", "payment_method_title": "以 LINE Pay 付款"}	2026-01-23 11:55:37+00	2026-01-29 00:53:17+00
aa0ed44c-2350-4f7e-8ada-f04e3ff4e4fe	WP-3283	a5f2af3a-4d66-46f0-9c10-d8eb967c94bd	\N	shipped	817.00	0.00	153.85	663.00	pchomepay	paid	home_delivery	\N	{"wp_status": "wc-wmp-shipped", "wp_order_id": 3283, "customer_note": "儘量減量包裝，可接受二次包材。\\n很開心這麼快就看到你的品牌轉型，上次在素烤時聽你的分享就覺得尹昕是個好堅定的人啊～佩服你！好期待純植物的完全蛋白質補充，祝福你都好💕", "payment_method_title": "信用卡付款"}	2026-01-26 01:10:25+00	2026-01-27 01:29:51+00
356b6153-6cac-4df0-835f-027f968240a8	WP-3284	\N	hanchou1228@gmail.com	cancelled	3800.00	0.00	570.00	3230.00	pchomepay	refunded	home_delivery	\N	{"wp_status": "wc-cancelled", "wp_order_id": 3284, "payment_method_title": "信用卡付款"}	2026-01-26 06:56:48+00	2026-01-26 09:07:54+00
3aa74d0c-f85d-4711-aab1-b1a7d0bc3e8b	WP-3285	\N	hanchou1228@gmail.com	shipped	1055.00	150.00	52.75	1152.00	pchomepay	paid	home_delivery	\N	{"wp_status": "wc-wmp-shipped", "wp_order_id": 3285, "payment_method_title": "信用卡付款"}	2026-01-26 07:06:42+00	2026-01-29 00:53:17+00
7a9c79b7-b020-49d6-bbd8-659bfee70f8a	WP-3286	4b405c3b-7ffe-49ff-8bf1-0e753c448b61	\N	shipped	2025.00	0.00	303.75	1721.00	pchomepay	paid	home_delivery	\N	{"wp_status": "wc-wmp-shipped", "wp_order_id": 3286, "payment_method_title": "信用卡付款"}	2026-01-26 07:22:54+00	2026-01-29 00:53:16+00
0262f24e-f3e5-47c3-989d-eae046a947e6	WP-3287	b62dbd5d-e976-4a4c-8d68-9a848f382fea	\N	shipped	2230.00	0.00	494.00	1736.00	linepay	paid	home_delivery	\N	{"wp_status": "wc-wmp-shipped", "wp_order_id": 3287, "customer_note": "期待😚", "gateway_txn_id": "2026012875162278910", "payment_method_title": "以 LINE Pay 付款"}	2026-01-27 15:07:24+00	2026-01-30 05:23:00+00
13e8085b-0c15-4672-aaa1-746d6e6705b8	WP-3288	\N	itsmaviss@gmail.com	shipped	345.00	63.00	17.25	391.00	pchomepay	paid	home_delivery	\N	{"wp_status": "wc-wmp-shipped", "wp_order_id": 3288, "payment_method_title": "信用卡付款"}	2026-01-27 15:59:28+00	2026-01-30 05:22:59+00
5622ab1e-4343-46fa-9eff-06786cb28d10	WP-3289	e31da40a-640d-42e1-8c96-4cae16a7965a	\N	shipped	394.00	63.00	22.20	435.00	linepay	paid	home_delivery	\N	{"wp_status": "wc-wmp-shipped", "wp_order_id": 3289, "gateway_txn_id": "2026013076434231610", "payment_method_title": "以 LINE Pay 付款"}	2026-01-30 03:29:59+00	2026-02-02 07:15:57+00
d669f1da-8f21-4c12-8541-19b1c685dc33	WP-3291	3f8d301d-121a-47e0-9fce-1524a0d1e203	\N	shipped	1216.00	150.00	252.80	1113.00	linepay	paid	home_delivery	\N	{"wp_status": "wc-wmp-shipped", "wp_order_id": 3291, "customer_note": "讚👍", "gateway_txn_id": "2026013177381466410", "payment_method_title": "以 LINE Pay 付款"}	2026-01-31 12:04:32+00	2026-02-02 07:15:56+00
ddb3cebc-012b-41fd-904f-6f3557b7ae6c	WP-3300	0c59e78d-11bf-4af2-9410-acb41e359051	\N	cancelled	1687.00	0.00	84.35	1603.00	pchomepay	refunded	home_delivery	\N	{"wp_status": "wc-cancelled", "wp_order_id": 3300, "payment_method_title": "信用卡付款"}	2026-02-03 03:32:05+00	2026-02-03 03:47:21+00
10eb1b79-2c20-4c6d-813f-5ce70ca9c314	WP-3301	0c59e78d-11bf-4af2-9410-acb41e359051	\N	completed	1687.00	0.00	84.35	1603.00	linepay	paid	home_delivery	\N	{"wp_status": "wc-completed", "wp_order_id": 3301, "gateway_txn_id": "2026020378773310310", "payment_method_title": "以 LINE Pay 付款"}	2026-02-03 03:47:43+00	2026-02-06 09:40:10+00
a57d97e3-b6b6-45e2-9e53-0ba32d4b1bd5	WP-3408	e3ab1e7c-f206-4073-a695-bf1dfeb112ed	\N	completed	549.00	63.00	27.45	585.00	pchomepay	paid	home_delivery	\N	{"wp_status": "wc-completed", "wp_order_id": 3408, "payment_method_title": "信用卡付款"}	2026-02-17 07:09:23+00	2026-03-10 05:04:00+00
6097dc52-26aa-46c6-b009-f8c871d9fe0b	WP-3436	\N	wuyuhsing@gmail.com	cancelled	549.00	63.00	27.45	585.00	linepay	refunded	home_delivery	\N	{"wp_status": "wc-cancelled", "wp_order_id": 3436, "payment_method_title": "以 LINE Pay 付款"}	2026-02-19 02:09:32+00	2026-02-19 02:09:49+00
a621fbfc-c6b5-408a-bc52-bac1b9ae0a31	WP-3437	\N	wuyuhsing@gmail.com	completed	549.00	63.00	27.45	585.00	linepay	paid	home_delivery	\N	{"wp_status": "wc-completed", "wp_order_id": 3437, "gateway_txn_id": "2026021987700414710", "payment_method_title": "以 LINE Pay 付款"}	2026-02-19 02:10:32+00	2026-03-10 05:04:00+00
26043866-fff3-4483-a96e-ea46e7462045	WP-3441	17afc6ad-c6c0-4af8-9852-a3328f504ddb	\N	completed	737.00	63.00	103.85	696.00	linepay	paid	home_delivery	\N	{"wp_status": "wc-completed", "wp_order_id": 3441, "gateway_txn_id": "2026022088120119210", "payment_method_title": "以 LINE Pay 付款"}	2026-02-19 15:21:26+00	2026-03-10 05:04:00+00
5ff9ad30-ae7e-421b-805e-1b901dab0587	WP-3442	17afc6ad-c6c0-4af8-9852-a3328f504ddb	\N	completed	359.00	63.00	17.95	404.00	linepay	paid	home_delivery	\N	{"wp_status": "wc-completed", "wp_order_id": 3442, "gateway_txn_id": "2026022088120927710", "payment_method_title": "以 LINE Pay 付款"}	2026-02-19 15:26:29+00	2026-03-10 05:04:00+00
6c85e2ba-9a8a-4b46-a0bc-24abfbc9162d	WP-3482	0a95f1f7-9b10-448f-ab1b-337ab1bab15b	\N	completed	1620.00	0.00	81.00	1539.00	linepay	paid	home_delivery	\N	{"wp_status": "wc-completed", "wp_order_id": 3482, "gateway_txn_id": "2026022389979816610", "payment_method_title": "以 LINE Pay 付款"}	2026-02-23 04:14:54+00	2026-03-10 05:04:00+00
a1d9f571-f446-41b9-ba5e-42d57c799a9a	WP-3483	d25c8fb9-c327-4939-917b-5d081cbbde58	\N	completed	4070.00	0.00	203.50	3867.00	pchomepay	paid	home_delivery	\N	{"wp_status": "wc-completed", "wp_order_id": 3483, "payment_method_title": "信用卡付款"}	2026-02-25 03:41:55+00	2026-03-10 05:04:22+00
8b30f859-ca59-41de-a255-b9f004552f0e	WP-3490	628975a5-1332-4ee8-a020-c73a5beab784	\N	pending	200.00	65.00	10.00	255.00	\N	pending	home_delivery	\N	{"wp_status": "trash", "wp_order_id": 3490, "payment_method_title": "貨到付款"}	2026-02-28 03:34:03+00	2026-02-28 10:53:12+00
95e5c1c5-7506-42ad-8a6b-54385ea8e824	WP-3493	d941b8f2-5cd2-47aa-b328-346a0466fbba	\N	completed	981.00	0.00	49.05	932.00	linepay	paid	home_delivery	\N	{"wp_status": "wc-completed", "wp_order_id": 3493, "gateway_txn_id": "2026030193500837310", "payment_method_title": "以 LINE Pay 付款"}	2026-03-01 02:20:22+00	2026-03-10 05:04:22+00
42b75745-766c-4617-a3b9-c19ae4bef63a	WP-3495	77bac16d-d1cb-49c8-8bd2-5846b3859f0d	\N	completed	2900.00	0.00	145.00	2755.00	linepay	paid	home_delivery	\N	{"wp_status": "wc-completed", "wp_order_id": 3495, "customer_note": "Dear Sunny\\n我是Jennie🙂 想麻煩你客製化~\\n其中有\\"1包\\"三果綜合的可以客製成全部\\"草莓\\"的嗎?\\n如果不能客製 可以請你打給我嗎? 我再先告知訂購的人", "gateway_txn_id": "2026030294378383010", "payment_method_title": "以 LINE Pay 付款"}	2026-03-02 09:49:03+00	2026-03-10 05:04:00+00
f0972e27-7b5c-4ca7-a2ea-af0f92be1ba5	WP-3496	\N	wandachiu@gmail.com	pending	570.00	30.00	28.50	572.00	linepay	pending	home_delivery	\N	{"wp_status": "wc-wmp-in-transit", "wp_order_id": 3496, "gateway_txn_id": "2026030897727644610", "payment_method_title": "以 LINE Pay 付款"}	2026-03-08 06:23:06+00	2026-03-11 12:19:33+00
9acf0dc1-3254-492e-a91e-f8bca85ebc41	WP-3497	628975a5-1332-4ee8-a020-c73a5beab784	\N	pending	960.00	0.00	48.00	912.00	\N	pending	home_delivery	\N	{"wp_status": "trash", "wp_order_id": 3497, "payment_method_title": "超商貨到付款"}	2026-03-08 09:45:21+00	2026-03-08 09:57:01+00
b68c2608-5a42-4d33-a2e0-0ab69fbef6f5	WP-3498	628975a5-1332-4ee8-a020-c73a5beab784	\N	pending	67.00	65.00	3.35	129.00	\N	pending	home_delivery	\N	{"wp_status": "trash", "wp_order_id": 3498, "payment_method_title": "超商貨到付款"}	2026-03-08 09:47:18+00	2026-03-08 09:57:01+00
9b3bac43-73a7-4782-989e-1448319bcd7e	WP-3499	628975a5-1332-4ee8-a020-c73a5beab784	\N	pending	67.00	65.00	3.35	129.00	\N	pending	home_delivery	\N	{"wp_status": "trash", "wp_order_id": 3499, "payment_method_title": "超商貨到付款"}	2026-03-08 09:49:21+00	2026-03-08 09:57:01+00
bb2877ac-96fc-489d-95e6-e93a8f7c5f0d	WP-3501	\N	leepoyumary@gmail.com	cancelled	3250.00	0.00	162.50	3088.00	pchomepay	refunded	home_delivery	\N	{"wp_status": "wc-cancelled", "wp_order_id": 3501, "customer_note": "運費到付，幫我 用順豐寄香港中環麥當勞道64號7B +85261591222", "payment_method_title": "信用卡付款"}	2026-03-10 02:43:40+00	2026-03-10 07:11:50+00
edafbfad-40ac-4c7b-90af-2a03eb2456a0	WP-3554	\N	leepoyumary@gmail.com	cancelled	3250.00	0.00	162.50	3088.00	pchomepay	refunded	home_delivery	\N	{"wp_status": "wc-cancelled", "wp_order_id": 3554, "payment_method_title": "信用卡付款"}	2026-03-10 06:26:26+00	2026-03-10 07:11:50+00
531e4930-2d4c-4f48-82c9-a037282b8de3	WP-3555	\N	leepoyumary@gmail.com	cancelled	3250.00	0.00	162.50	3088.00	\N	refunded	home_delivery	\N	{"wp_status": "wc-cancelled", "wp_order_id": 3555, "customer_note": "用順豐寄香港中環麥當勞道64號七B", "payment_method_title": "超商貨到付款"}	2026-03-10 06:31:24+00	2026-03-10 07:11:50+00
8e4546ea-d3b4-4686-ad18-087ba01644b1	WP-3560	\N	chi90006@gmail.com	shipped	3250.00	0.00	162.50	3088.00	linepay	paid	home_delivery	\N	{"wp_status": "wc-wmp-shipped", "wp_order_id": 3560, "gateway_txn_id": "2026031299800344110", "payment_method_title": "以 LINE Pay 付款"}	2026-03-11 23:26:37+00	2026-03-13 03:26:07+00
e60ff350-1967-4009-8b77-45b9a24ffa5a	WP-3565	18ed5f4d-a066-4994-aa44-e1e3d73137cd	\N	shipped	1100.00	0.00	55.00	1045.00	\N	paid	home_delivery	\N	{"wp_status": "wc-wmp-shipped", "wp_order_id": 3565, "payment_method_title": "超商貨到付款"}	2026-03-13 00:59:15+00	2026-03-13 03:26:06+00
90f54f6f-24f2-4994-86cc-0a9a2a08e1af	WP-3569	71fde86c-199c-472d-87e9-134fd8ee8623	\N	shipped	1045.00	0.00	55.00	990.00	\N	paid	home_delivery	\N	{"wp_status": "wc-wmp-shipped", "wp_order_id": 3569, "customer_note": "Hi Sunny!! ❤️❤️❤️ 真開心我終於來了 我想了好久 網站購物體驗很滑順 讚讚讚", "payment_method_title": "超商貨到付款"}	2026-03-13 04:49:36+00	2026-03-17 08:30:57+00
0f38fe9c-eab2-430c-8297-a8e36efe7ce4	WP-3570	73a54a91-a173-4d93-86a1-17d85fa8f2c1	\N	pending	1880.00	0.00	100.00	1780.00	pchomepay	pending	home_delivery	\N	{"wp_status": "trash", "wp_order_id": 3570, "payment_method_title": "信用卡付款"}	2026-03-13 06:25:51+00	2026-03-16 04:34:21+00
128e2df9-3c11-4332-b059-c6a0089fc64c	WP-3573	73a54a91-a173-4d93-86a1-17d85fa8f2c1	\N	shipped	2080.00	0.00	110.00	1970.00	pchomepay	paid	home_delivery	\N	{"wp_status": "wc-wmp-shipped", "wp_order_id": 3573, "payment_method_title": "信用卡付款"}	2026-03-13 06:44:55+00	2026-03-17 08:30:56+00
3f37cfd5-e63e-400a-8ab6-204081ab6321	WP-3578	87ceeb77-a66c-4d55-8619-a6f20a871b76	\N	pending	1100.00	150.00	55.00	1195.00	linepay	pending	home_delivery	\N	{"wp_status": "trash", "wp_order_id": 3578, "payment_method_title": "以 LINE Pay 付款"}	2026-03-13 17:38:11+00	2026-03-16 04:34:21+00
4a55eee0-89ed-474d-bb5e-5483b79cbba9	WP-3590	54c65ea1-34d5-4c6c-89b0-d582ba5b03a5	\N	shipped	737.00	65.00	103.85	698.00	linepay	paid	home_delivery	\N	{"wp_status": "wc-wmp-shipped", "wp_order_id": 3590, "gateway_txn_id": "2026031411068688310", "payment_method_title": "以 LINE Pay 付款"}	2026-03-14 02:57:41+00	2026-03-17 08:30:55+00
9f228d48-845b-4ee1-b544-63f9b7016532	WP-3599	cd51371d-caaa-473c-bd7c-022c8873923d	\N	shipped	760.00	65.00	38.00	787.00	\N	paid	home_delivery	\N	{"wp_status": "wc-wmp-shipped", "wp_order_id": 3599, "customer_note": "Rachel", "payment_method_title": "超商貨到付款"}	2026-03-16 03:22:48+00	2026-03-17 08:30:55+00
970588a7-072c-49ee-8522-c8dc0b6363b2	WP-3612	\N	lsmc999@gmail.com	shipped	1168.00	0.00	110.40	1058.00	\N	paid	home_delivery	\N	{"wp_status": "wc-wmp-shipped", "wp_order_id": 3612, "payment_method_title": "超商貨到付款"}	2026-03-17 04:36:48+00	2026-03-17 08:30:54+00
d20b12ec-2e67-48ae-8778-458bd6602749	WP-3613	0b673557-7388-4979-9a7a-07498d4f534d	\N	shipped	1100.00	0.00	55.00	1045.00	linepay	paid	home_delivery	\N	{"wp_status": "wc-wmp-shipped", "wp_order_id": 3613, "gateway_txn_id": "2026031713056750710", "payment_method_title": "以 LINE Pay 付款"}	2026-03-17 07:35:26+00	2026-03-17 08:30:53+00
d70926a8-984e-42a4-8a9f-af1d11c9768d	WP-3614	9f2595f7-00a5-49c4-bc8e-b26c750deebf	\N	cancelled	4150.00	0.00	217.50	3933.00	\N	refunded	home_delivery	\N	{"wp_status": "wc-cancelled", "wp_order_id": 3614, "payment_method_title": "超商貨到付款"}	2026-03-17 12:58:25+00	2026-03-18 00:58:55+00
0a49e401-3ead-47ec-91af-02be879e23d5	WP-3616	a7cf8bf6-0f85-4f70-8d9d-1401ab4cac04	\N	shipped	816.00	0.00	110.55	705.00	linepay	paid	home_delivery	\N	{"wp_status": "wc-wmp-shipped", "wp_order_id": 3616, "gateway_txn_id": "2026031813461192310", "payment_method_title": "以 LINE Pay 付款"}	2026-03-18 02:35:33+00	2026-03-23 04:00:21+00
791800a8-c260-46d7-876f-20727cb17591	WP-3617	55a79cdd-7c1e-4be6-91f6-b364265071cc	\N	shipped	749.00	0.00	107.20	642.00	pchomepay	paid	home_delivery	\N	{"wp_status": "wc-wmp-shipped", "wp_order_id": 3617, "payment_method_title": "信用卡付款"}	2026-03-18 05:09:17+00	2026-03-24 02:10:10+00
6fc8da4d-6941-4ef1-80f9-4e73debb749d	WP-3620	44cff853-17ee-4153-a830-cebf8d41e895	\N	shipped	1340.00	0.00	201.00	1139.00	linepay	paid	home_delivery	\N	{"wp_status": "wc-wmp-shipped", "wp_order_id": 3620, "gateway_txn_id": "2026031813782877210", "payment_method_title": "以 LINE Pay 付款"}	2026-03-18 10:54:30+00	2026-03-23 04:00:20+00
8e75e193-e25e-4929-9cb4-c67dd7b9031c	WP-3637	3f8d301d-121a-47e0-9fce-1524a0d1e203	\N	shipped	1962.00	0.00	98.10	1864.00	pchomepay	paid	home_delivery	\N	{"wp_status": "wc-wmp-shipped", "wp_order_id": 3637, "payment_method_title": "信用卡付款"}	2026-03-20 04:28:50+00	2026-03-23 04:00:19+00
216239cf-b1f5-4290-b247-ef3848d114c9	WP-3681	9f2595f7-00a5-49c4-bc8e-b26c750deebf	\N	shipped	4720.00	0.00	217.50	4503.00	linepay	paid	home_delivery	\N	{"wp_status": "wc-wmp-shipped", "wp_order_id": 3681, "gateway_txn_id": "2026032115145739310", "payment_method_title": "以 LINE Pay 付款"}	2026-03-20 17:12:55+00	2026-03-23 03:34:20+00
a0447394-9509-4018-9972-11a478d72f07	WP-3688	17afc6ad-c6c0-4af8-9852-a3328f504ddb	\N	shipped	1176.00	0.00	0.00	1176.00	linepay	paid	home_delivery	\N	{"wp_status": "wc-wmp-shipped", "wp_order_id": 3688, "customer_note": "可可×10、草莓×10，謝謝", "gateway_txn_id": "2026032316383118110", "payment_method_title": "以 LINE Pay 付款"}	2026-03-22 16:00:00+00	2026-03-24 02:10:09+00
a365f29f-12e9-4c0d-82b7-d1a3762a91a4	WP-3690	c1ab4bb9-d7dc-4c02-9146-6ff74232a760	\N	cancelled	520.00	0.00	0.00	520.00	pchomepay	refunded	home_delivery	\N	{"wp_status": "wc-cancelled", "wp_order_id": 3690, "customer_note": "可可*1、草莓*1、芝麻藍莓*2、杏仁火龍果*1", "payment_method_title": "信用卡付款"}	2026-03-23 02:35:43+00	2026-03-23 03:40:23+00
5eb4058a-217b-4e26-8766-2d5fda57f7df	WP-3691	c1ab4bb9-d7dc-4c02-9146-6ff74232a760	\N	shipped	520.00	0.00	0.00	520.00	pchomepay	paid	home_delivery	\N	{"wp_status": "wc-wmp-shipped", "wp_order_id": 3691, "customer_note": "芝麻藍莓*2，其他各一，謝謝", "payment_method_title": "信用卡付款"}	2026-03-23 02:39:28+00	2026-03-24 02:10:09+00
dbdd6838-48fc-4ec5-89ec-57892c8dcf7f	WP-3696	818a1062-83a6-4f6b-936b-15a191270f01	\N	shipped	930.00	0.00	46.50	884.00	pchomepay	paid	home_delivery	\N	{"wp_status": "wc-wmp-shipped", "wp_order_id": 3696, "payment_method_title": "信用卡付款"}	2026-03-24 04:46:15+00	2026-03-26 06:27:17+00
0be9bef0-09d2-481a-ac26-16b74ebda23e	WP-3713	\N	a22633158@yahoo.com.tw	cancelled	1742.00	0.00	87.10	1655.00	pchomepay	refunded	home_delivery	\N	{"wp_status": "wc-cancelled", "wp_order_id": 3713, "payment_method_title": "信用卡付款"}	2026-03-25 07:01:43+00	2026-03-25 08:33:05+00
1279eab0-c84f-49fe-8f03-0f2e21542c6e	WP-3714	\N	a22633158@yahoo.com.tw	failed	1340.00	0.00	67.00	1273.00	pchomepay	pending	home_delivery	\N	{"wp_status": "wc-failed", "wp_order_id": 3714, "payment_method_title": "信用卡付款"}	2026-03-25 10:15:27+00	2026-03-25 10:30:40+00
7599a544-2172-4372-b91d-8d09f998ad44	WP-3715	\N	a22633158@yahoo.com.tw	shipped	1340.00	0.00	67.00	1273.00	pchomepay	paid	home_delivery	\N	{"wp_status": "wc-wmp-shipped", "wp_order_id": 3715, "payment_method_title": "信用卡付款"}	2026-03-25 10:18:32+00	2026-03-26 06:27:16+00
\.


--
-- Data for Name: products; Type: TABLE DATA; Schema: public; Owner: postgres
--

COPY public.products (id, name, slug, description, category_id, images, is_active, created_at, search_vector, shop_left, shop_middle, shop_right) FROM stdin;
625c87bf-3450-4f98-8c65-35336b2caaea	日和日常｜每日果香組	fruit-set1__trashed	\\r\\n 一組三包，一次擁有雙果與單果的日常選擇 \\r\\n 無化工添加物 \\r\\n 無動物成分．vegan \\r\\n 高度保留水果之原型、風味，與營養價值 \\r\\n 單吃香脆，覆水還原濕潤的口感 \\r\\n 可搭配穀片、優格、沙拉，加入茶飲或蛋白飲中享用 \\r\\n 總淨重 210公克 \\r\\n \\r\\n&nbsp;	72d7314f-9bed-42e3-ad0b-3719fff40e4c	["https://realreal.cc/wp-content/uploads/2025/12/蛋白粉隨身包_黑芝麻藍莓_600x600.jpg"]	f	2026-03-27 08:03:18.669694+00	'210公克':32B 'n':4B,8B,11B,15B,20B,24B,30B,34B,36B 'r':3B,7B,10B,14B,19B,23B,29B,33B,35B 'vegan':13B '一次擁有雙果與單果的日常選擇':6B '一組三包':5B '優格':26B '加入茶飲或蛋白飲中享用':28B '可搭配穀片':25B '單吃香脆':21B '日和日常':1A '每日果香組':2A '沙拉':27B '無動物成分':12B '無化工添加物':9B '總淨重':31B '與營養價值':18B '覆水還原濕潤的口感':22B '風味':17B '高度保留水果之原型':16B	\N	\N	\N
1a2237c4-e04d-45d6-8d7a-a08098a8f5c1	入門首選 | 一週營養任務包 (複製)	__trashed-2	\\r\\n 每天一包，七日完成，身體知道 \\r\\n 由多元的植物營養補足人體所需的 完整胺基酸 \\r\\n 每一份 50 公克約含 23 公克蛋白質 \\r\\n 無動物成分 · vegan \\r\\n 無添加糖、香料、色素、防腐劑 \\r\\n 營養任務包：7包高蛋白粉 \\r\\n 營養升級包：7包高蛋白粉 +\\r\\n1包 雙果日和 | 蘋果x無花果\\r\\n(如缺貨將改成其他口味之果乾) \\r\\n 試喝首推組合 \\r\\n 會員折扣後，\\r\\n營養任務包 為 342 - 361 元 / 組\\r\\n營養升級包 為 513 - 541 元 / 組 \\r\\n	72d7314f-9bed-42e3-ad0b-3719fff40e4c	["https://realreal.cc/wp-content/uploads/2025/12/任務包N-600x600.jpg"]	f	2026-03-27 08:03:18.669694+00	'23':18B '342':54B '361':55B '50':16B '513':61B '541':62B '7包高蛋白粉':33B,37B 'n':5B,10B,14B,21B,25B,31B,35B,43B,46B,49B,66B 'n1包':39B 'n營養任務包':52B 'n營養升級包':59B 'r':4B,9B,13B,20B,24B,30B,34B,38B,42B,45B,48B,51B,58B,65B 'vegan':23B '一週營養任務包':2A '七日完成':7B '元':56B,63B '入門首選':1A '公克約含':17B '公克蛋白質':19B '如缺貨將改成其他口味之果乾':44B '完整胺基酸':12B '會員折扣後':50B '每一份':15B '每天一包':6B '為':53B,60B '無動物成分':22B '無添加糖':26B '營養任務包':32B '營養升級包':36B '由多元的植物營養補足人體所需的':11B '組':57B,64B '色素':28B '蘋果x無花果':41B '複製':3A '試喝首推組合':47B '身體知道':8B '防腐劑':29B '雙果日和':40B '香料':27B	\N	\N	\N
0072a56f-2e73-4511-82f0-f2d5d0a5a1d3	芝麻藍莓｜300克純素凍乾水果蛋白粉｜深邃之美	vegan-protein-powder-sesame	▪️全成分：非基改黃豆、凍乾藍莓、大豆蛋白、黑芝麻、豌豆蛋白、小麥纖維、米蛋白\\r\\n\\r\\n▪️由多元的植物營養補足人體所需的 完整胺基酸 \\r\\n\\r\\n▪️每一份 50 公克含 20.4 公克蛋白質 \\r\\n\\r\\n ▪️無添加糖、色素、香料、防腐劑，無動物成分 · vegan \\r\\n\\r\\n▪️每一口都吃得到真實果粒\\r\\n\\r\\n▪️會員折扣後，1 入夾鏈袋裝約為 333 – 351 元\\r\\n\\r\\n▪️每購買 1 袋，將累積 8 元公益存款	0c27248d-807f-43a0-9a25-a50fc2bea69a	["https://realreal.cc/wp-content/uploads/2025/12/蛋白情境圖黑芝麻600x600-1.jpg"]	t	2026-03-27 08:03:18.669694+00	'1':47B,57B '20.4':25B '300克純素凍乾水果蛋白粉':2A '333':49B '351':50B '50':23B '8':60B 'n':13B,15B,19B,21B,28B,30B,38B,40B,43B,45B,53B,55B 'r':12B,14B,18B,20B,27B,29B,37B,39B,42B,44B,52B,54B 'vegan':36B '元':51B '元公益存款':61B '入夾鏈袋裝約為':48B '全成分':4B '公克含':24B '公克蛋白質':26B '凍乾藍莓':6B '大豆蛋白':7B '完整胺基酸':17B '將累積':59B '小麥纖維':10B '會員折扣後':46B '每一份':22B '每一口都吃得到真實果粒':41B '每購買':56B '深邃之美':3A '無動物成分':35B '無添加糖':31B '由多元的植物營養補足人體所需的':16B '米蛋白':11B '色素':32B '芝麻藍莓':1A '袋':58B '豌豆蛋白':9B '防腐劑':34B '非基改黃豆':5B '香料':33B '黑芝麻':8B	<blockquote>\r\n<h5 class="p1"><em>黑白芝麻的厚實香氣，遇上藍莓的微酸靈魂。</em></h5>\r\n<h5 class="p2"><em>一款有層次、有深度的高蛋白，為思考與創造的日常注入穩定能量。</em></h5>\r\n</blockquote>\r\n<ul>\r\n \t<li>無動物成分．vegan</li>\r\n \t<li><strong>無額外添加糖</strong></li>\r\n \t<li>無膽固醇與反式脂肪</li>\r\n \t<li>富含膳食纖維</li>\r\n \t<li>多元的植物營養建構完整胺基酸譜系</li>\r\n</ul>\r\n<h4><strong>每份含 20.4 公克蛋白質與 158.9毫克鈣質 ，相比傳統飲品如何？</strong></h4>\r\n傳統一碗芝麻糊固然香濃，但通常含有大量糖及熱量，蛋白質偏低（約 3–5公克）\r\n\r\n誠真芝麻藍莓的植物蛋白含量達 20.4公克，鈣質 158.9毫克（優於一般植物性蛋白補充品），同時有凍乾藍莓帶來抗氧化的花青素，是傳統食材的現代升級版本\r\n<h4><strong>適合你，如果你是⋯⋯</strong></h4>\r\n<ul>\r\n \t<li>想讓補充蛋白質變得有趣</li>\r\n \t<li>純素飲食者</li>\r\n \t<li>銀髮族（同時補充蛋白質與鈣質）</li>\r\n \t<li>有骨質保健意識</li>\r\n \t<li>乳糖不耐</li>\r\n \t<li>術後恢復期需要好心情與溫和蛋白質來源</li>\r\n \t<li>想要嚐試單純好喝，不過甜的補充品</li>\r\n \t<li>喜歡濃郁堅果風味</li>\r\n \t<li>生活節奏緊湊，但也想吃好照顧自己</li>\r\n</ul>\r\n<h4><strong>如何飲用？</strong></h4>\r\n芝麻香氣濃郁，直接加水(水溫 20 – 60度)沖泡即可飲用\r\n\r\n水粉比例建議約 1 : 6 – 8，視個人口味，調整濃淡\r\n<h4>💡小祕訣</h4>\r\n✔ 先加水，再加粉，就不會黏杯底\r\n\r\n✔ 用燕麥奶取代水，更增甜度與風味\r\n\r\n&nbsp;	<h4>成分</h4>\r\n非基改黃豆、凍乾藍莓、大豆蛋白、黑芝麻、豌豆蛋白、小麥纖維、米蛋白\r\n<h4>過敏原</h4>\r\n黃豆、黑芝麻，生產設備亦生產花生、堅果及麩質穀類製品\r\n<h4>檢測證書</h4>\r\n無沙門氏桿菌\r\n無金黃色葡萄球菌\r\n<h4>規格</h4>\r\n隨身包 淨重 50公克\r\n長 x 寬 15 x 10 公分\r\n\r\n夾鏈袋 淨重 300公克\r\n高 x 寬 x 底 24 x 17 x 6 公分\r\n<h5>每一份量 50 公克</h5>\r\n<ul>\r\n \t<li>熱量 217.9 大卡</li>\r\n \t<li>蛋白質 20.4 公克</li>\r\n \t<li>脂肪 10.2 公克</li>\r\n \t<li>飽和脂肪 1.7 公克</li>\r\n \t<li>反式脂肪 0.0</li>\r\n \t<li>膽固醇 0.0</li>\r\n \t<li>碳水化合物 14.6 公克</li>\r\n \t<li>糖 4.0 公克</li>\r\n \t<li>膳食纖維 6.7 公克</li>\r\n \t<li>鈉 223.1 毫克</li>\r\n \t<li>鈣 158.9 毫克</li>\r\n \t<li>鐵 1.3 毫克</li>\r\n</ul>\r\n<strong>食品業者登錄字號 A-202321704-00000-8</strong>\r\n\r\n<strong>產品投保旺旺友聯產物\r\n保單號碼1212第14PL0N000137</strong>	<h4>公益存款</h4>\r\n您的每一筆消費都會累積為您的公益存款\r\n\r\n每購買一包夾鏈袋，會捐出約 8元*\r\n\r\n*詳細說明請見<a href="https://realreal.cc/membership/">會員制度</a>\r\n<h4><strong>為什麼選誠真的植物蛋白？</strong></h4>\r\n<strong>✔ 在地創新\r\n</strong>\r\n誠真邀請在地三十餘年的堅果穀粉專家，以植物為本、以真實食材為魂，將傳統的溫潤滋味化為現代的營養力\r\n\r\n<strong>✔ 完全蛋白質\r\n</strong>\r\n非基改大豆蛋白 ＋ 豌豆蛋白 ＋ 米蛋白三合一，提供人體所需的完整胺基酸\r\n\r\n<strong>✔ 五無\r\n</strong>\r\n無動物成分、無添加糖(亦無人工代糖)、無色素香料防腐劑，通過無沙門氏桿菌、無金黃色葡萄球菌雙重檢測\r\n\r\n<strong>✔ 台灣製造\r\n</strong>\r\n每一口都有誠意與初心\r\n\r\n<strong>✔ 良心創業\r\n</strong>\r\n品牌根於一念之善，誠真感謝每位有緣的你，在生活中的每一個選擇，一起善意不斷的你\r\n<h4>保存期限與保存方式</h4>\r\n未開封置於乾燥陰涼處可保存 12個月\r\n\r\n開封後請盡速食用\r\n\r\n<strong>推薦閱讀 |</strong> <a href="https://realreal.cc/faq-vegan-protein-powder/">喝植物高蛋白要注意甚麼？什麼人不適合喝？常見問題一次全部告訴你</a>
b84e3410-3bcc-4ef5-b8cb-3a470425540d	穩定補給 | 百變誠真10天自選組合	protein-10pack-flavors	▪️任選所有口味植物蛋白 ×10包（原味、可可、芝麻藍莓、草莓、杏仁火龍果）\\r\\n\\r\\n▪️每包均攤 NT$58 ，超取 免運 \\r\\n\\r\\n▪️請 於備註填寫10包自選之口味 ：\\r\\n\\r\\n1. 初心原味、2. 可可、3. 草莓、4. 芝麻藍莓、5. 杏仁火龍果\\r\\n\\r\\n若未指定，將按照當日庫存分配，每種口味至少各 2包\\r\\n\\r\\n▪️搭配 品牌帆布袋 ，袋著走，送禮更好看\\r\\n\\r\\n▪️本商品為優惠組合定價，不與會員折扣及折扣碼合併使用	72d7314f-9bed-42e3-ad0b-3719fff40e4c	["https://realreal.cc/wp-content/uploads/2025/12/蛋白粉隨身包_黑芝麻藍莓_600x600.jpg"]	f	2026-03-27 08:03:18.669694+00	'10包':4B '2':30B '2包':44B '3':32B '4':34B '5':36B '58':16B 'n':11B,13B,20B,22B,26B,39B,46B,48B,54B,56B 'n1':28B 'nt':15B 'n若未指定':41B 'r':10B,12B,19B,21B,25B,27B,38B,40B,45B,47B,53B,55B '不與會員折扣及折扣碼合併使用':58B '任選所有口味植物蛋白':3B '免運':18B '初心原味':29B '原味':5B '可可':6B,31B '品牌帆布袋':50B '將按照當日庫存分配':42B '搭配':49B '於備註填寫10包自選之口味':24B '本商品為優惠組合定價':57B '杏仁火龍果':9B,37B '每包均攤':14B '每種口味至少各':43B '百變誠真10天自選組合':2A '穩定補給':1A '芝麻藍莓':7B,35B '草莓':8B,33B '袋著走':51B '請':23B '超取':17B '送禮更好看':52B	<blockquote>\r\n<h5 class="p1"><em>每一天，都是不同的好喝。</em></h5>\r\n<h5 class="p1"><em>真實的凍乾水果，真實的食材，</em></h5>\r\n<h5 class="p1"><em>五種口味，沒有一種是重複的感動。</em></h5>\r\n</blockquote>\r\n&nbsp;\r\n\r\n<span style="font-size: 16px;">原味的香醇、可可的深邃、芝麻藍莓的細膩、草莓的清甜、杏仁火龍果的自由\r\n</span>── 真實的食材、真實的凍乾水果、真實的感動。\r\n\r\n保留纖維與自然香氣，\r\n不加人工香料，不加糖。\r\n喝的是食物本來的滋味。\r\n\r\n十包，任你搭配。\r\n喝膩了一種，下一包又是另一個好心情。\r\n<h4><strong>適合你，如果你是⋯⋯</strong></h4>\r\n▪️想探索更多口味\r\n\r\n▪️怕膩、喜歡每天換換心情\r\n\r\n▪️送禮首選——10包多口味，一定有對方喜歡的那一個\r\n\r\n<strong>食品業者登錄字號 A-202321704-00000-8</strong>\r\n\r\n<strong>產品投保旺旺友聯產物\r\n保單號碼1212第14PL0N000137</strong>	<h4><strong>如何飲用？</strong></h4>\r\n直接加水(水溫 20 – 60度)沖泡即可飲用\r\n\r\n水粉比例建議約 1 : 6 – 8，視個人口味，調整濃淡\r\n<h4>💡小祕訣</h4>\r\n✔ 加入小麥胚芽(維生素E來源)、奇亞籽(omega-3來源)等配料，立刻為自己和家人準備超級營養的早餐或點心\r\n\r\n✔ 用燕麥奶取代水，更增甜度與風味\r\n<h4>檢測證書</h4>\r\n無沙門氏桿菌、無金黃色葡萄球菌\r\n<h4>成分與營養標示</h4>\r\n詳細資訊請見下列商品連結\r\n\r\nhttps://realreal.cc/product/vegan-protein-powder-original/\r\n\r\nhttps://realreal.cc/product/cocoa/\r\n\r\nhttps://realreal.cc/product/vegan-protein-powder-stawberry/\r\n\r\nhttps://realreal.cc/product/vegan-protein-powder-almond-drawgonfruit/\r\n\r\nhttps://realreal.cc/product/vegan-protein-powder-sesame/\r\n<h4>過敏原</h4>\r\n黃豆、芝麻、杏仁，生產設備亦生產花生、堅果及麩質穀類製品\r\n\r\n&nbsp;	<h4>規格</h4>\r\n淨重 50公克\r\n\r\n長 x 寬 15 x 10 公分\r\n<h4>公益存款</h4>\r\n購買此組合，將累積 <span class="opt">NT$14 公益存款</span>，陪著誠真繼續走向需要幫助的角落。\r\n\r\n詳細說明請見<a href="https://realreal.cc/membership/">會員制度</a>\r\n<h4><strong>為什麼選誠真的植物蛋白？</strong></h4>\r\n<strong>✔ 在地創新\r\n</strong>\r\n誠真邀請在地三十餘年的堅果穀粉專家，以植物為本、以真實食材為魂，將傳統的溫潤滋味化為現代的營養力\r\n\r\n<strong>✔ 完全蛋白質\r\n</strong>\r\n非基改大豆蛋白 ＋ 豌豆蛋白 ＋ 米蛋白三合一，提供人體所需的完整胺基酸\r\n\r\n<strong>✔ 五無</strong>\r\n\r\n無動物成分、無添加糖(亦無人工代糖)、無色素香料防腐劑，通過無沙門氏桿菌、無金黃色葡萄球菌雙重檢測\r\n\r\n<strong>✔ 台灣製造\r\n</strong>\r\n每一口都有誠意與初心\r\n\r\n<strong>✔ 良心創業\r\n</strong>\r\n品牌根於一念之善，誠真感謝每位有緣的你，在生活中的每一個選擇，一起善意不斷的你\r\n<h4>保存期限與保存方式</h4>\r\n未開封置於乾燥陰涼處可保存 12個月\r\n\r\n開封後請盡速食用\r\n\r\n<strong>推薦閱讀 |</strong> <a href="https://realreal.cc/protein-warning/">你的身體正在提醒你，蛋白質不足了嗎？</a>
f922c79e-6022-4552-ba2a-f88370b28d0b	芝麻藍莓｜50克純素凍乾水果蛋白粉｜深邃之美	vegain-protein-ses50	▪️全成分：非基改黃豆、凍乾藍莓、大豆蛋白、黑芝麻、豌豆蛋白、小麥纖維、米蛋白\\r\\n\\r\\n▪️由多元的植物營養補足人體所需的 完整胺基酸 \\r\\n\\r\\n▪️每一份 50 公克含 20.4 公克蛋白質 \\r\\n\\r\\n ▪️無添加糖、色素、香料、防腐劑，無動物成分 · vegan \\r\\n\\r\\n▪️每一口都吃得到真實果粒\\r\\n\\r\\n▪️會員折扣後，1 入隨身包約為 61 - 64 元\\r\\n\\r\\n▪️每購買 1 包，將累積 8 元公益存款	0c27248d-807f-43a0-9a25-a50fc2bea69a	["https://realreal.cc/wp-content/uploads/2025/12/蛋白情境圖黑芝麻600x600-1.jpg"]	t	2026-03-27 08:03:18.669694+00	'1':47B,57B '20.4':25B '50':23B '50克純素凍乾水果蛋白粉':2A '61':49B '64':50B '8':60B 'n':13B,15B,19B,21B,28B,30B,38B,40B,43B,45B,53B,55B 'r':12B,14B,18B,20B,27B,29B,37B,39B,42B,44B,52B,54B 'vegan':36B '元':51B '元公益存款':61B '入隨身包約為':48B '全成分':4B '公克含':24B '公克蛋白質':26B '凍乾藍莓':6B '包':58B '大豆蛋白':7B '完整胺基酸':17B '將累積':59B '小麥纖維':10B '會員折扣後':46B '每一份':22B '每一口都吃得到真實果粒':41B '每購買':56B '深邃之美':3A '無動物成分':35B '無添加糖':31B '由多元的植物營養補足人體所需的':16B '米蛋白':11B '色素':32B '芝麻藍莓':1A '豌豆蛋白':9B '防腐劑':34B '非基改黃豆':5B '香料':33B '黑芝麻':8B	<blockquote>\r\n<h5 class="p1"><em>黑白芝麻的厚實香氣，遇上藍莓的微酸靈魂。</em></h5>\r\n<h5 class="p2"><em>一款有層次、有深度的高蛋白，為思考與創造的日常注入穩定能量。</em></h5>\r\n</blockquote>\r\n<ul>\r\n \t<li>無動物成分．vegan</li>\r\n \t<li><strong>無額外添加糖</strong></li>\r\n \t<li>無膽固醇與反式脂肪</li>\r\n \t<li>富含膳食纖維</li>\r\n \t<li>多元的植物營養建構完整胺基酸譜系</li>\r\n</ul>\r\n<h4><strong>每份含 20.4 公克蛋白質與 158.9毫克鈣質 ，相比傳統飲品如何？</strong></h4>\r\n傳統一碗芝麻糊固然香濃，但通常含有大量糖及熱量，蛋白質偏低（約 3–5公克）\r\n\r\n誠真芝麻藍莓的植物蛋白含量達 20.4公克，鈣質 158.9毫克（優於一般植物性蛋白補充品），同時有凍乾藍莓帶來抗氧化的花青素，是傳統食材的現代升級版本\r\n<h4><strong>適合你，如果你是⋯⋯</strong></h4>\r\n<ul>\r\n \t<li>想讓補充蛋白質變得有趣</li>\r\n \t<li>純素飲食者</li>\r\n \t<li>銀髮族（同時補充蛋白質與鈣質）</li>\r\n \t<li>有骨質保健意識</li>\r\n \t<li>乳糖不耐</li>\r\n \t<li>術後恢復期需要好心情與溫和蛋白質來源</li>\r\n \t<li>想要嚐試單純好喝，不過甜的補充品</li>\r\n \t<li>喜歡濃郁堅果風味</li>\r\n \t<li>生活節奏緊湊，但也想吃好照顧自己</li>\r\n</ul>\r\n<h4><strong>如何飲用？</strong></h4>\r\n芝麻香氣濃郁，直接加水(水溫 20 – 60度)沖泡即可飲用\r\n\r\n水粉比例建議約 1 : 6 – 8，視個人口味，調整濃淡\r\n<h4>💡小祕訣</h4>\r\n✔ 先加水，再加粉，就不會黏杯底\r\n\r\n✔ 用燕麥奶取代水，更增甜度與風味\r\n\r\n&nbsp;	<h4>成分</h4>\r\n非基改黃豆、凍乾藍莓、大豆蛋白、黑芝麻、豌豆蛋白、小麥纖維、米蛋白\r\n<h4>過敏原</h4>\r\n黃豆、黑芝麻，生產設備亦生產花生、堅果及麩質穀類製品\r\n<h4>檢測證書</h4>\r\n無沙門氏桿菌\r\n無金黃色葡萄球菌\r\n<h4>規格</h4>\r\n隨身包 淨重 50公克\r\n長 x 寬 15 x 10 公分\r\n\r\n夾鏈袋 淨重 300公克\r\n高 x 寬 x 底 24 x 17 x 6 公分\r\n<h5>每一份量 50 公克</h5>\r\n<ul>\r\n \t<li>熱量 217.9 大卡</li>\r\n \t<li>蛋白質 20.4 公克</li>\r\n \t<li>脂肪 10.2 公克</li>\r\n \t<li>飽和脂肪 1.7 公克</li>\r\n \t<li>反式脂肪 0.0</li>\r\n \t<li>膽固醇 0.0</li>\r\n \t<li>碳水化合物 14.6 公克</li>\r\n \t<li>糖 4.0 公克</li>\r\n \t<li>膳食纖維 6.7 公克</li>\r\n \t<li>鈉 223.1 毫克</li>\r\n \t<li>鈣 158.9 毫克</li>\r\n \t<li>鐵 1.3 毫克</li>\r\n</ul>\r\n<strong>食品業者登錄字號 A-202321704-00000-8</strong>\r\n\r\n<strong>產品投保旺旺友聯產物\r\n保單號碼1212第14PL0N000137</strong>	<h4>公益存款</h4>\r\n您的每一筆消費都會累積為您的公益存款\r\n\r\n每購買一包隨身包，會捐出約 2元*\r\n\r\n*詳細說明請見<a href="https://realreal.cc/membership/">會員制度</a>\r\n<h4><strong>為什麼選誠真的植物蛋白？</strong></h4>\r\n<strong>✔ 在地創新\r\n</strong>\r\n誠真邀請在地三十餘年的堅果穀粉專家，以植物為本、以真實食材為魂，將傳統的溫潤滋味化為現代的營養力\r\n\r\n<strong>✔ 完全蛋白質\r\n</strong>\r\n非基改大豆蛋白 ＋ 豌豆蛋白 ＋ 米蛋白三合一，提供人體所需的完整胺基酸\r\n\r\n<strong>✔ 五無\r\n</strong>\r\n無動物成分、無添加糖(亦無人工代糖)、無色素香料防腐劑，通過無沙門氏桿菌、無金黃色葡萄球菌雙重檢測\r\n\r\n<strong>✔ 台灣製造\r\n</strong>\r\n每一口都有誠意與初心\r\n\r\n<strong>✔ 良心創業\r\n</strong>\r\n品牌根於一念之善，誠真感謝每位有緣的你，在生活中的每一個選擇，一起善意不斷的你\r\n<h4>保存期限與保存方式</h4>\r\n未開封置於乾燥陰涼處可保存 12個月\r\n\r\n開封後請盡速食用\r\n\r\n<strong>推薦閱讀 |</strong> <a href="https://realreal.cc/faq-vegan-protein-powder/">喝植物高蛋白要注意甚麼？什麼人不適合喝？常見問題一次全部告訴你</a>
d629340b-37e4-4bf7-a6f7-c0721dd94ce8	杏仁火龍果｜300克純素凍乾水果蛋白粉｜自由之心	vegan-protein-am300	▪️全成分：非基改黃豆、凍乾火龍果、大豆蛋白、杏仁、小麥纖維、豌豆蛋白、米蛋白\\r\\n\\r\\n▪️由多元的植物營養補足人體所需的 完整胺基酸 \\r\\n\\r\\n▪️每一份 50 公克含 20.6 公克蛋白質 \\r\\n\\r\\n ▪️無添加糖、色素、香料、防腐劑，無動物成分 · vegan \\r\\n\\r\\n▪️每一口都吃得到真實果粒\\r\\n\\r\\n▪️會員折扣後，1 入夾鏈袋裝約為 333 - 351 元\\r\\n\\r\\n▪️每購買一袋，將累積 8 元公益存款	0c27248d-807f-43a0-9a25-a50fc2bea69a	["https://realreal.cc/wp-content/uploads/2025/12/蛋白情境圖原味火龍果600x600-1.jpg"]	t	2026-03-27 08:03:18.669694+00	'1':47B '20.6':25B '300克純素凍乾水果蛋白粉':2A '333':49B '351':50B '50':23B '8':58B 'n':13B,15B,19B,21B,28B,30B,38B,40B,43B,45B,53B,55B 'r':12B,14B,18B,20B,27B,29B,37B,39B,42B,44B,52B,54B 'vegan':36B '元':51B '元公益存款':59B '入夾鏈袋裝約為':48B '全成分':4B '公克含':24B '公克蛋白質':26B '凍乾火龍果':6B '大豆蛋白':7B '完整胺基酸':17B '將累積':57B '小麥纖維':9B '會員折扣後':46B '杏仁':8B '杏仁火龍果':1A '每一份':22B '每一口都吃得到真實果粒':41B '每購買一袋':56B '無動物成分':35B '無添加糖':31B '由多元的植物營養補足人體所需的':16B '米蛋白':11B '自由之心':3A '色素':32B '豌豆蛋白':10B '防腐劑':34B '非基改黃豆':5B '香料':33B	<blockquote>\r\n<h5 class="p1"><em>杏仁的溫潤遇上火龍鮮豔，滋味與色彩都充滿生命力。</em></h5>\r\n<h5 class="p2"><em>一款帶著冒險精神的配方，讓每次飲用都像是一次新的旅程。</em></h5>\r\n</blockquote>\r\n<ul>\r\n \t<li>無動物成分</li>\r\n \t<li>無額外添加糖</li>\r\n \t<li>無膽固醇與反式脂肪</li>\r\n \t<li>富含膳食纖維</li>\r\n \t<li>多元的植物營養建構完整胺基酸譜系</li>\r\n</ul>\r\n<h4><strong>每份含 20.5 公克蛋白質，相比傳統飲品如何？</strong></h4>\r\n杏仁茶是台灣傳統飲品，但原版含糖高、蛋白質偏低（約 4–6公克）\r\n\r\n誠真杏仁火龍果保留了杏仁的溫潤香氣，植物蛋白提升至 20.6公克，並以凍乾火龍果替代糖分來源，讓傳統滋味有了現代的營養密度，是最具台灣在地特色的一款\r\n<h4><strong>適合你，如果你是⋯⋯</strong></h4>\r\n<ul>\r\n \t<li>喜歡杏仁茶傳統風味的人</li>\r\n \t<li>想讓補充蛋白質變得有趣</li>\r\n \t<li>親子共飲（長輩或小孩都能接受的輕甜口感）</li>\r\n \t<li>純素飲食者</li>\r\n \t<li>銀髮族</li>\r\n \t<li>術後恢復期需要好心情與溫和蛋白質來源</li>\r\n \t<li>想要嚐試單純好喝，不過甜的補充品</li>\r\n \t<li>生活節奏緊湊，但也想吃好照顧自己</li>\r\n</ul>\r\n<h4><strong>如何飲用？</strong></h4>\r\n品嘗杏仁原豆的天然香氣，直接加水(水溫 20 – 60度)沖泡即可飲用\r\n\r\n水粉比例建議約 1 : 6 – 8，視個人口味，調整濃淡\r\n<h4>💡小祕訣</h4>\r\n✔ 加入小麥胚芽(維生素E來源)、奇亞籽(omega-3來源)等配料，立刻為自己和家人準備超級營養的早餐或點心\r\n\r\n✔ 用燕麥奶取代水，更增甜度與風味	<h4>成分</h4>\r\n非基改黃豆、凍乾火龍果、大豆蛋白、杏仁、小麥纖維、豌豆蛋白、米蛋白\r\n<h4>過敏原</h4>\r\n黃豆、杏仁，生產設備亦生產芝麻、花生、堅果及麩質穀類製品\r\n<h4>檢測證書</h4>\r\n無沙門氏桿菌、無金黃色葡萄球菌\r\n<h4>規格</h4>\r\n隨身包 淨重 50公克\r\n長 x 寬 15 x 10 公分\r\n\r\n夾鏈袋 淨重 300公克\r\n高 x 寬 x 底 24 x 17 x 6 公分\r\n<h4>營養標示</h4>\r\n<h5>每一份量 50 公克</h5>\r\n<ul>\r\n \t<li>熱量 210.6 大卡</li>\r\n \t<li>蛋白質 20.6 公克</li>\r\n \t<li>脂肪 8.9 公克</li>\r\n \t<li>飽和脂肪 1.7 公克</li>\r\n \t<li>反式脂肪 0.0</li>\r\n \t<li>膽固醇 0.0</li>\r\n \t<li>碳水化合物 15.5 公克</li>\r\n \t<li>糖 4.5 公克</li>\r\n \t<li>膳食纖維 6.6 公克</li>\r\n \t<li>鈉 211.2 毫克</li>\r\n \t<li>鈣 12.1 毫克</li>\r\n \t<li>鐵 0.3 毫克</li>\r\n</ul>\r\n<strong>食品業者登錄字號 A-202321704-00000-8</strong>\r\n\r\n<strong>產品投保旺旺友聯產物\r\n保單號碼1212第14PL0N000137</strong>	<h4>公益存款</h4>\r\n您的每一筆消費都會累積為您的公益存款\r\n\r\n每購買一包夾鏈袋，會捐出約 8元*\r\n\r\n*以原價試算，詳細說明請見<a href="https://realreal.cc/membership/">會員制度</a>\r\n<h4><strong>為什麼選誠真的植物蛋白？</strong></h4>\r\n<strong>✔ 在地創新：</strong>\r\n誠真邀請在地三十餘年的堅果穀粉專家，以植物為本、以真實食材為魂，將傳統的溫潤滋味化為現代的營養力\r\n\r\n<strong>✔ 完全蛋白質：</strong>\r\n非基改大豆蛋白 ＋ 豌豆蛋白 ＋ 米蛋白三合一，提供人體所需的完整胺基酸\r\n\r\n<strong>✔ 五無：</strong>\r\n無動物成分、無添加糖(亦無人工代糖)、無色素香料防腐劑，通過無沙門氏桿菌、無金黃色葡萄球菌雙重檢測\r\n\r\n<strong>✔ 台灣製造：</strong>\r\n每一口都有誠意與初心\r\n\r\n<strong>✔ 良心創業：</strong>\r\n品牌根於一念之善，誠真感謝每位有緣的你，在生活中的每一個選擇，一起善意不斷的你\r\n<h4>一句我們想說的話</h4>\r\n不設限的風味\r\n\r\n給身體更自由的空間\r\n<h4>保存期限與保存方式</h4>\r\n未開封置於乾燥陰涼處可保存 12個月\r\n\r\n開封後請盡速食用\r\n\r\n<strong>推薦閱讀 |</strong> <a href="https://realreal.cc/faq-vegan-protein-powder/">喝植物高蛋白要注意甚麼？什麼人不適合喝？常見問題一次全部告訴你</a>
f62f5257-bec8-49d5-999b-eb0d6f385143	果真草莓｜50克純素凍乾水果蛋白粉｜童心未泯	vegan-protein-powder-stawberry	▪️ 全成分：非基改黃豆、凍乾草莓、大豆蛋白、豌豆蛋白、米蛋白\\r\\n\\r\\n ▪️ 由多元的植物營養補足人體所需的 完整胺基酸 \\r\\n\\r\\n ▪️ 每一份 50 公克含 21.4 公克蛋白質 \\r\\n\\r\\n ▪️無添加糖、色素、香料、防腐劑，無動物成分 · vegan \\r\\n\\r\\n▪️每一口都吃得到真實果粒\\r\\n\\r\\n▪️會員折扣後，1 包隨身包約為 60 – 64 元\\r\\n\\r\\n▪️每購買一包，將累積 2 元公益存款	0c27248d-807f-43a0-9a25-a50fc2bea69a	["https://realreal.cc/wp-content/uploads/2025/12/蛋白情境圖草莓600x600.jpg"]	t	2026-03-27 08:03:18.669694+00	'1':45B '2':56B '21.4':23B '50':21B '50克純素凍乾水果蛋白粉':2A '60':47B '64':48B 'n':11B,13B,17B,19B,26B,28B,36B,38B,41B,43B,51B,53B 'r':10B,12B,16B,18B,25B,27B,35B,37B,40B,42B,50B,52B 'vegan':34B '元':49B '元公益存款':57B '全成分':4B '公克含':22B '公克蛋白質':24B '凍乾草莓':6B '包隨身包約為':46B '大豆蛋白':7B '完整胺基酸':15B '將累積':55B '會員折扣後':44B '果真草莓':1A '每一份':20B '每一口都吃得到真實果粒':39B '每購買一包':54B '無動物成分':33B '無添加糖':29B '由多元的植物營養補足人體所需的':14B '童心未泯':3A '米蛋白':9B '色素':30B '豌豆蛋白':8B '防腐劑':32B '非基改黃豆':5B '香料':31B	<blockquote>\r\n<h5 class="p1"><em>酸甜恰好，像早晨第一縷陽光。</em></h5>\r\n<h5 class="p2"><em>選用凍乾草莓碎片，入口可嘗果粒香，溫柔喚醒心裡的快樂小孩。</em></h5>\r\n</blockquote>\r\n<ul>\r\n \t<li>無動物成分</li>\r\n \t<li>無額外添加糖</li>\r\n \t<li>無膽固醇與反式脂肪</li>\r\n \t<li>富含膳食纖維</li>\r\n \t<li>多元的植物營養建構完整胺基酸譜系</li>\r\n</ul>\r\n<h4><strong>每份含 21.4 公克蛋白質，相比傳統飲品如何？</strong></h4>\r\n一般市售草莓口味蛋白飲幾乎都依賴人工草莓香料與大量添加糖來呈現風味。\r\n\r\n誠真草莓以真實凍乾草莓碎片入料，每口都吃得到果粒，完全不含人工香料，糖分只來自草莓本身的果糖，不是加工甜味。\r\n<h4><strong>適合你，如果你是⋯⋯</strong></h4>\r\n<ul>\r\n \t<li>想讓補充蛋白質變得有趣</li>\r\n \t<li>親子共飲（長輩或小孩都能接受的輕甜口感）</li>\r\n \t<li>運動後想喝帶點果香的補給品</li>\r\n \t<li>純素飲食者</li>\r\n \t<li>銀髮族</li>\r\n \t<li>術後恢復期需要好心情與溫和蛋白質來源</li>\r\n \t<li>想要嚐試單純好喝，不過甜的補充品</li>\r\n \t<li>生活節奏緊湊，但也想吃好照顧自己</li>\r\n</ul>\r\n<h4><strong>如何飲用？</strong></h4>\r\n酸甜清爽，直接加水(水溫 20 – 60度)沖泡即可飲用\r\n\r\n水粉比例建議約 1 : 6 – 8，視個人口味，調整濃淡\r\n<h4>💡小祕訣</h4>\r\n✔ 加入小麥胚芽(維生素E來源)、奇亞籽(omega-3來源)等配料，立刻為自己和家人準備超級營養的早餐或點心\r\n\r\n✔ 用燕麥奶取代水，更增甜度與風味\r\n\r\n&nbsp;	<h4>成分</h4>\r\n非基改黃豆、凍乾草莓、大豆蛋白、豌豆蛋白、麥芽糊精、米蛋白\r\n<h4>過敏原</h4>\r\n黃豆，生產設備亦生產芝麻、花生、堅果及麩質穀類製品\r\n<h4>檢測證書</h4>\r\n無沙門氏桿菌\r\n無金黃色葡萄球菌\r\n<h4>規格</h4>\r\n隨身包 淨重 50公克\r\n長 x 寬 15 x 10 公分\r\n\r\n夾鏈袋 淨重 300公克\r\n高 x 寬 x 底 24 x 17 x 6 公分\r\n<h4>營養標示</h4>\r\n<h5>每一份量 50 公克</h5>\r\n<ul>\r\n \t<li>熱量 195.4 大卡</li>\r\n \t<li>蛋白質 21.4 公克</li>\r\n \t<li>脂肪 4.8 公克</li>\r\n \t<li>飽和脂肪 0.8 公克</li>\r\n \t<li>反式脂肪 0.0</li>\r\n \t<li>膽固醇 0.0</li>\r\n \t<li>碳水化合物 19.0 公克</li>\r\n \t<li>糖 9.8 公克</li>\r\n \t<li>膳食纖維 4.6 公克</li>\r\n \t<li>鈉 235.0 毫克</li>\r\n \t<li>鈣 1.3 毫克</li>\r\n \t<li>鐵 0.2 毫克</li>\r\n</ul>\r\n<strong>食品業者登錄字號 A-202321704-00000-8</strong>\r\n\r\n<strong>產品投保旺旺友聯產物\r\n保單號碼1212第14PL0N000137</strong>	<h4>公益存款</h4>\r\n您的每一筆消費都會累積為您的公益存款\r\n\r\n每購買一包隨身包，會捐出約 2元*\r\n\r\n*詳細說明請見<a href="https://realreal.cc/membership/">會員制度</a>\r\n<h4><strong>為什麼選誠真的植物蛋白？</strong></h4>\r\n<strong>✔ 在地創新：</strong>\r\n誠真邀請在地三十餘年的堅果穀粉專家，以植物為本、以真實食材為魂，將傳統的溫潤滋味化為現代的營養力\r\n\r\n<strong>✔ 完全蛋白質：</strong>\r\n非基改大豆蛋白 ＋ 豌豆蛋白 ＋ 米蛋白三合一，提供人體所需的完整胺基酸\r\n\r\n<strong>✔ 五無：</strong>\r\n無動物成分、無添加糖(亦無人工代糖)、無色素香料防腐劑，通過無沙門氏桿菌、無金黃色葡萄球菌雙重檢測\r\n\r\n<strong>✔ 台灣製造：</strong>\r\n每一口都有誠意與初心\r\n\r\n<strong>✔ 良心創業：</strong>\r\n品牌根於一念之善，誠真感謝每位有緣的你，在生活中的每一個選擇，一起善意不斷的你\r\n<h4>保存期限與保存方式</h4>\r\n未開封置於乾燥陰涼處可保存 12個月\r\n\r\n開封後請盡速食用\r\n\r\n&nbsp;\r\n\r\n<strong>推薦閱讀 |</strong> <a href="https://realreal.cc/faq-vegan-protein-powder/">喝植物高蛋白要注意甚麼？什麼人不適合喝？常見問題一次全部告訴你</a>
a42613a1-ccb8-4271-8bbb-6a6d14b8d726	誠真生活禮袋．帆布環保袋 (大)	bag1	\\r\\n \\r\\n 省略紙盒、取代紙袋 ，減少不必要包裝 \\r\\n \\r\\n \\r\\n 適合自用，也適合送禮的 永續選項 \\r\\n \\r\\n \\r\\n 素雅俐落，日常外出也能自然使用 \\r\\n \\r\\n \\r\\n 有拉鍊內袋與磁扣，提升收納性與安全性 \\r\\n \\r\\n 帶著誠真出門，也帶著一份善意 \\r\\n	03c39b7a-3cbe-48a9-b050-4a3c97c94f99	["https://realreal.cc/wp-content/uploads/2025/12/Gemini_Generated_Image_jlivljlivljlivlj-processed-600x600.png"]	t	2026-03-27 08:03:18.669694+00	'n':5B,7B,12B,14B,16B,21B,23B,25B,29B,31B,33B,37B,39B,43B 'r':4B,6B,11B,13B,15B,20B,22B,24B,28B,30B,32B,36B,38B,42B '也帶著一份善意':41B '也適合送禮的':18B '取代紙袋':9B '大':3A '帆布環保袋':2A '帶著誠真出門':40B '提升收納性與安全性':35B '日常外出也能自然使用':27B '有拉鍊內袋與磁扣':34B '永續選項':19B '減少不必要包裝':10B '省略紙盒':8B '素雅俐落':26B '誠真生活禮袋':1A '適合自用':17B	<h4 class="isSelectedEnd"><em>把包裝省下來，把心意留下來。</em></h4>\r\n<p class="isSelectedEnd"><em>我們選擇省略一次性紙盒與紙袋，</em>\r\n<em>把資源留給真正重要的地方。</em>\r\n<em>當你需要送禮，這只環保袋，\r\n就是最剛好的答案。</em></p>\r\n<p class="isSelectedEnd"><em>它不只是裝東西的袋子，</em>\r\n<em>而是一個能反覆使用、延續心意的選擇。</em></p>\r\n\r\n<h4>規格</h4>\r\n<ul data-spread="false">\r\n \t<li>\r\n<p class="isSelectedEnd"><strong>寬 40 公分 × 高 38 公分 × 底 8 公分 </strong>\r\n手提把高 24 公分\r\n(手工測量，略有誤差，尺寸以實際商品為主)</p>\r\n</li>\r\n \t<li>有拉鍊內袋與磁扣，提升收納性與安全性</li>\r\n</ul>\r\n<ul>\r\n \t<li>可手提亦可肩背，輕巧舒適</li>\r\n</ul>\r\n<ul>\r\n \t<li>書、水瓶、筆電、瑜珈磚…統統裝得下，容量靈活，一袋搞定</li>\r\n</ul>\r\n&nbsp;	<h4><em>一只樸實的帆布袋，裝得下你一個月的蛋白質補給。 </em></h4>\r\n<em>可放 30 包隨身包，或 4袋夾鏈袋。 </em>\r\n<em>用完了，再裝別的也很好——買菜、裝書、日常隨手袋，帆布袋本來就是這樣的東西。 </em>\r\n<em>我們不想給你一個用一次就丟的包裝。 </em>\r\n<em>這只袋子，是邀請你把誠真帶進生活，而不只是帶回家。</em>\r\n<h4>送禮可裝內容參考（實測配置)</h4>\r\n<ul>\r\n \t<li class="isSelectedEnd">夾鏈袋裝高蛋白粉 x 4</li>\r\n \t<li>高蛋白粉隨身包 x 30</li>\r\n</ul>\r\n<ul>\r\n \t<li>高蛋白粉隨身包 x 10 ＋ 小包果乾 x 1</li>\r\n \t<li>夾鏈袋裝高蛋白粉 x 3 ＋ 大或小包果乾 x 1</li>\r\n \t<li>高蛋白粉隨身包 x 5 ＋ 大包果乾 x 1 + 小包果乾 x 1</li>\r\n</ul>\r\n<ul>\r\n \t<li>小包果乾 x 6</li>\r\n \t<li>大包果乾 x 1 ＋ 小包果乾 x 3</li>\r\n</ul>\r\n<p class="isSelectedEnd">無論是營養補給、分享組合或送禮搭配，都恰到好處。</p>	<h4>適合誰</h4>\r\n<ul data-spread="false">\r\n \t<li>\r\n<p class="isSelectedEnd">想減少包裝、但不犧牲質感的人</p>\r\n</li>\r\n \t<li>\r\n<p class="isSelectedEnd">樂於分享，希望送禮同時，也傳遞價值選擇的人</p>\r\n</li>\r\n \t<li>\r\n<p class="isSelectedEnd">把永續視為生活一部分的人</p>\r\n</li>\r\n</ul>\r\n<h4>公益存款</h4>\r\n您的每一筆消費都會累積為您的公益存款\r\n\r\n每購買一只誠真生活環保袋，會捐出約 4元*\r\n\r\n*以原價試算，詳細說明請見<a href="https://realreal.cc/membership/">會員制度</a>\r\n<h4>我們的小堅持</h4>\r\n少一個紙盒紙袋，\r\n\r\n多一次重複使用的可能。\r\n\r\n這是我們一起，對世界溫柔的一步。\r\n<h6>建議與果乾或蛋白粉組合包一同下單，享超商取貨免運優惠</h6>
bf7083f5-95f8-4db1-a293-ba1c2e3e1398	入門推薦 | 一週營養任務包	veganprotein-basic	▪️每天一包，七日完成，身體知道\\r\\n\\r\\n▪️每一份 50 公克含 21-24 公克蛋白質 \\r\\n\\r\\n▪️無動物成分、 無添加糖、香料、色素、防腐劑 \\r\\n\\r\\n▪️每包均攤 53元 ，一次找到最愛的那一口\\r\\n\\r\\n▪️ 營養任務包 ：7 包植物蛋白粉\\r\\n\\r\\n▪️ 營養升級包 ：7 包植物蛋白粉 +\\r\\n1包 雙果日和 | 蘋果 x 無花果\\r\\n(如缺貨將改成其他口味之果乾)\\r\\n\\r\\n▪️本商品為優惠組合定價，不與會員折扣與折扣碼合併使用	0c27248d-807f-43a0-9a25-a50fc2bea69a	["https://realreal.cc/wp-content/uploads/2025/12/任務包N-600x600.jpg"]	t	2026-03-27 08:03:18.669694+00	'-24':14B '21':13B '50':11B '53元':30B '7':37B,44B 'n':7B,9B,17B,19B,26B,28B,33B,35B,40B,42B,53B,56B,58B 'n1包':47B 'r':6B,8B,16B,18B,25B,27B,32B,34B,39B,41B,46B,52B,55B,57B 'x':50B '一次找到最愛的那一口':31B '一週營養任務包':2A '七日完成':4B '不與會員折扣與折扣碼合併使用':60B '入門推薦':1A '公克含':12B '公克蛋白質':15B '包植物蛋白粉':38B,45B '如缺貨將改成其他口味之果乾':54B '本商品為優惠組合定價':59B '每一份':10B '每包均攤':29B '每天一包':3B '無動物成分':20B '無添加糖':21B '無花果':51B '營養任務包':36B '營養升級包':43B '色素':23B '蘋果':49B '身體知道':5B '防腐劑':24B '雙果日和':48B '香料':22B	<blockquote>\r\n<h5 class="p1"><em>給身體一週的任務，\r\n讓能量準時上線</em><em>。</em></h5>\r\n<h5><em><strong>從可可與原味的穩定基底，\r\n到草莓的輕甜、杏仁的溫潤、\r\n黑芝麻的深層滋養，\r\n每天一包，完成一個不費力的任務。</strong></em></h5>\r\n</blockquote>\r\n<strong>\r\n營養任務包</strong>內含 7入隨身包植物高蛋白粉：\r\n\r\n可可 2包．初心原味 2包．果真草莓 1包．\r\n杏仁火龍果 1包．芝麻藍莓 1包\r\n<ul>\r\n \t<li>無動物成分vegan</li>\r\n \t<li><strong>無額外添加糖、香料、色素</strong></li>\r\n \t<li>無膽固醇與反式脂肪</li>\r\n \t<li>富含<strong>膳食纖維</strong></li>\r\n \t<li>吃得到<strong>真實凍乾水果粒</strong></li>\r\n \t<li>多元的植物營養建構完整胺基酸譜系</li>\r\n</ul>\r\n<blockquote>\r\n<h5><em>補充蛋白質，\r\n也補上生活裡的愉悅感。</em></h5>\r\n<h5><em>當營養變得輕盈，\r\n持續，就不再是意志力的消耗。</em></h5>\r\n</blockquote>\r\n<strong>\r\n營養升級包</strong>在一週營養任務的基礎上，再加上一袋水果凍乾「蘋果 x 無花果」。\r\n\r\n凍乾蘋果的清新、凍乾無花果的穩定，不只是零食，還是讓營養變得更好入口的關鍵。\r\n<h4><strong>為什麼選這個組合？</strong></h4>\r\n第一次嘗試高蛋白補充品，不確定哪個口味適合自己是最常見的顧慮。一週任務包讓你用低成本(1包約53元)試遍全部口味，比起單買一種口味更划算、更有彈性。\r\n<h4><strong>適合你，如果你是⋯⋯</strong></h4>\r\n▪️第一次接觸植物蛋白補充品\r\n\r\n▪️想找到最適合自己口味再決定長期補充\r\n\r\n▪️想送給在意健康的朋友當小驚喜\r\n\r\n▪️長輩從少量開始嘗試	<h4><strong>如何飲用？</strong></h4>\r\n直接加水(水溫 20 – 60度)沖泡即可飲用\r\n\r\n水粉比例建議約 1 : 6 – 8，視個人口味，調整濃淡\r\n<h4>💡小祕訣</h4>\r\n✔ 加入小麥胚芽(維生素E來源)、奇亞籽(omega-3來源)等配料，立刻為自己和家人準備超級營養的早餐或點心\r\n\r\n✔ 用燕麥奶取代水，更增甜度與風味\r\n<h4>檢測證書</h4>\r\n<strong>植物高蛋白粉：</strong>\r\n無沙門氏桿菌、無金黃色葡萄球菌\r\n\r\n<strong>凍乾水果：</strong>\r\n無農藥殘留、無蔗糖素、無甜菊糖、\r\n無糖精鈉、無環己基(代)黃硫胺酸鈉、無Rebaudioside B\r\n<h4>成分與營養標示</h4>\r\n詳細資訊請見下列商品連結\r\n\r\nhttps://realreal.cc/product/vegan-protein-powder-original/\r\n\r\nhttps://realreal.cc/product/cocoa/\r\n\r\nhttps://realreal.cc/product/vegan-protein-powder-stawberry/\r\n\r\nhttps://realreal.cc/product/vegan-protein-powder-almond-drawgonfruit/\r\n\r\nhttps://realreal.cc/product/vegan-protein-powder-sesame/\r\n\r\nhttps://realreal.cc/product/fig_apple/\r\n<h4>過敏原</h4>\r\n黃豆、芝麻、杏仁，生產設備亦生產花生、堅果及麩質穀類製品\r\n\r\n&nbsp;\r\n\r\n<strong>食品業者登錄字號 A-202321704-00000-8</strong>\r\n\r\n<strong>產品投保旺旺友聯產物\r\n保單號碼1212第14PL0N000137</strong>\r\n\r\n&nbsp;	<h4>規格</h4>\r\n<em><em><strong>一週營養任務包</strong>有 7包隨身包</em></em>\r\n\r\n<strong>植物高蛋白粉 隨身包 </strong>\r\n淨重 50公克\r\n長 x 寬 15 x 10 公分\r\n\r\n<em><em><strong>一週營養升級包</strong>有 7包隨身包</em>+1包凍乾水果</em>\r\n\r\n<strong>雙果日和 | 蘋果 x 無花果</strong>\r\n淨重 50公克\r\n高 x 寬 x 底 18 x 14 x 6 公分\r\n<h4>公益存款</h4>\r\n您的每一筆消費都會累積為您的公益存款\r\n\r\n每購買一組營養任務包，會捐出約 10元*\r\n\r\n每購買一組營養升級箱，會捐出約13元*\r\n\r\n*以原價試算，詳細說明請見<a href="https://realreal.cc/membership/">會員制度</a>\r\n<h4><strong>為什麼選誠真的植物蛋白？</strong></h4>\r\n<strong>✔ 在地創新\r\n</strong>\r\n誠真邀請在地三十餘年的堅果穀粉專家，以植物為本、以真實食材為魂，將傳統的溫潤滋味化為現代的營養力\r\n\r\n<strong>✔ 完全蛋白質\r\n</strong>\r\n非基改大豆蛋白 ＋ 豌豆蛋白 ＋ 米蛋白三合一，提供人體所需的完整胺基酸\r\n\r\n<strong>✔ 五無</strong>\r\n\r\n無動物成分、無添加糖(亦無人工代糖)、無色素香料防腐劑，通過無沙門氏桿菌、無金黃色葡萄球菌雙重檢測\r\n\r\n<strong>✔ 台灣製造\r\n</strong>\r\n每一口都有誠意與初心\r\n\r\n<strong>✔ 良心創業\r\n</strong>\r\n品牌根於一念之善，誠真感謝每位有緣的你，在生活中的每一個選擇，一起善意不斷的你\r\n<h4>保存期限與保存方式</h4>\r\n未開封置於乾燥陰涼處可保存 12個月\r\n\r\n開封後請盡速食用\r\n\r\n<strong>推薦閱讀 |</strong> <a href="https://realreal.cc/protein-warning/">你的身體正在提醒你，蛋白質不足了嗎？</a>
1d48b627-9580-4084-8b32-b1351614a07a	雙果日和｜水蜜桃 x 蘋果	peach_apple	\\r\\n 無化工添加物 \\r\\n 無動物成分．vegan \\r\\n 高度保留水果之原型、風味，與營養價值 \\r\\n 單吃香脆，覆水還原濕潤的口感 \\r\\n 可搭配穀片、優格、沙拉，加入茶飲或高蛋白飲中享用 \\r\\n 淨重 70公克\\r\\n高 x 寬 x 底 18 x 14 x 6 公分\\r\\n(手工包裝與測量，略有誤差) \\r\\n	133ad6b1-ada9-4add-9d65-8bf99cf31355	["https://realreal.cc/wp-content/uploads/2025/12/果乾包裝主圖_蘋果水蜜桃_600x600.jpg"]	t	2026-03-27 08:03:18.669694+00	'14':39B '18':37B '6':41B '70公克':30B 'n':6B,9B,13B,18B,22B,28B,44B,48B 'n高':32B 'r':5B,8B,12B,17B,21B,27B,31B,43B,47B 'vegan':11B 'x':3A,33B,35B,38B,40B '優格':24B '公分':42B '加入茶飲或高蛋白飲中享用':26B '可搭配穀片':23B '單吃香脆':19B '寬':34B '底':36B '手工包裝與測量':45B '水蜜桃':2A '沙拉':25B '淨重':29B '無動物成分':10B '無化工添加物':7B '略有誤差':46B '與營養價值':16B '蘋果':4A '覆水還原濕潤的口感':20B '雙果日和':1A '風味':15B '高度保留水果之原型':14B	<blockquote>\r\n<h5 class="p1"><em>水蜜桃的柔甜，蘋果入口後如棉花糖般融潤，讓每天的節奏，多一些驚喜與俏皮。</em></h5>\r\n<h5 class="p2"><em>富含維他命C與抗氧化營養，為身體注入自然能量。</em></h5>\r\n<h5><em>可單吃、搭配穀片、優格、沙拉，加入茶飲或高蛋白飲中享用。</em></h5>\r\n&nbsp;</blockquote>\r\n<ul>\r\n \t<li>無動物成分．vegan</li>\r\n \t<li>無化工添加物</li>\r\n \t<li>高度保留水果之原型、風味，與營養價值</li>\r\n \t<li>單吃香脆，覆水還原濕潤的口感</li>\r\n</ul>\r\n<h4>檢測證書</h4>\r\n無蔗糖素、無甜菊糖、無糖精鈉、\r\n無環己基(代)黃硫胺酸鈉、\r\n無rebaudioside b\r\n\r\n<strong>食品業者登錄字號：A-202321704-00000-8</strong>	<h4>成分</h4>\r\n水蜜桃、蘋果、蔗糖\r\n<h4>過敏原</h4>\r\n水蜜桃\r\n<h4>規格</h4>\r\n淨重 70公克\r\n高 x 寬 x 底 18 x 14 x 6 公分\r\n(手工包裝與測量，略有誤差)\r\n<h4>營養標示</h4>\r\n<h5>每一份量 10 公克 本包裝含 7 份</h5>\r\n<ul>\r\n \t<li>熱量 37.2 大卡</li>\r\n \t<li>蛋白質 0.3 公克</li>\r\n \t<li>脂肪 0.0 公克</li>\r\n \t<li>飽和脂肪 0.0 公克</li>\r\n \t<li>反式脂肪 0.0</li>\r\n \t<li>膽固醇 0.0</li>\r\n \t<li>碳水化合物 9.0 公克</li>\r\n \t<li>糖 7.4 公克</li>\r\n \t<li>鈉 1.4 毫克</li>\r\n</ul>	<h4>保存期限與保存方式</h4>\r\n未開封可保存半年，置於乾燥陰涼處\r\n\r\n開封後請盡速食用\r\n\r\n若受潮可置於冷凍庫，取出後不用退冰即可恢復酥脆口感！\r\n<h4>公益存款</h4>\r\n您的每一筆消費都會累積為您的公益存款\r\n\r\n每購買一包「雙果日和」，會捐出約 5元*\r\n\r\n*以原價試算，詳細說明請見<a href="https://realreal.cc/membership/">會員制度</a>\r\n\r\n<span style="font-weight: bold;">一句我們想說的話</span>\r\n\r\n不是每一天都要特別，\r\n\r\n有時，只要果實剛好、心情剛好，\r\n\r\n那就是最好的日和。\r\n\r\n<a href="https://realreal.cc/freeze-dried-space-fruit/" target="_blank" rel="noopener">推薦閱讀 | 凍乾水果與傳統果乾的差別</a>
e440a039-4258-439d-b425-ac383ef48f01	雙果日和｜草莓 x 哈密瓜	stawberry_melon	\\r\\n 無化工添加物 \\r\\n 無動物成分．vegan \\r\\n 高度保留水果之原型、風味，與營養價值 \\r\\n 單吃香脆，覆水還原濕潤的口感 \\r\\n 可搭配穀片、優格、沙拉，加入茶飲或高蛋白飲中享用 \\r\\n 淨重 70公克\\r\\n高 x 寬 x 底 18 x 14 x 6 公分\\r\\n(手工包裝與測量，略有誤差) \\r\\n \\r\\n&nbsp;	133ad6b1-ada9-4add-9d65-8bf99cf31355	["https://realreal.cc/wp-content/uploads/2025/12/蛋白情境圖草莓600x600.jpg"]	t	2026-03-27 08:03:18.669694+00	'14':39B '18':37B '6':41B '70公克':30B 'n':6B,9B,13B,18B,22B,28B,44B,48B,50B 'n高':32B 'r':5B,8B,12B,17B,21B,27B,31B,43B,47B,49B 'vegan':11B 'x':3A,33B,35B,38B,40B '優格':24B '公分':42B '加入茶飲或高蛋白飲中享用':26B '可搭配穀片':23B '哈密瓜':4A '單吃香脆':19B '寬':34B '底':36B '手工包裝與測量':45B '沙拉':25B '淨重':29B '無動物成分':10B '無化工添加物':7B '略有誤差':46B '與營養價值':16B '草莓':2A '覆水還原濕潤的口感':20B '雙果日和':1A '風味':15B '高度保留水果之原型':14B	<blockquote>\r\n<h5 class="p1"><em>草莓的酸甜爽朗，哈密瓜的清甜明亮</em></h5>\r\n<h5 class="p1"><em>一入口，像陽光穿過樹葉，</em></h5>\r\n<h5 class="p1"><em>清楚、直接、讓人精神一振。</em></h5>\r\n<p class="p2"><em>富含維他命C與抗氧化營養，為身體注入自然能量。</em></p>\r\n<em>可單吃、搭配穀片、優格、沙拉，加入茶飲或高蛋白飲中享用。</em>\r\n\r\n&nbsp;</blockquote>\r\n<ul>\r\n \t<li>無動物成分．vegan</li>\r\n \t<li>無化工添加物</li>\r\n \t<li>高度保留水果之原型、風味，與營養價值</li>\r\n \t<li>單吃香脆，覆水還原濕潤的口感</li>\r\n</ul>\r\n<h4>檢測證書</h4>\r\n無蔗糖素、無甜菊糖、無糖精鈉、\r\n無環己基(代)黃硫胺酸鈉、\r\n無rebaudioside b\r\n\r\n<strong>食品業者登錄字號：A-202321704-00000-8</strong>	<h4>成分</h4>\r\n草莓、哈密瓜、蔗糖\r\n<h4>過敏原</h4>\r\n草莓、哈密瓜\r\n<h4>規格</h4>\r\n淨重 70公克\r\n高 x 寬 x 底 18 x 14 x 6 公分\r\n(手工包裝與測量，略有誤差)\r\n<h4>營養標示</h4>\r\n<h5>每一份量 10 公克 本包裝含 7 份</h5>\r\n<ul>\r\n \t<li>熱量 36.9 大卡</li>\r\n \t<li>蛋白質 0.5 公克</li>\r\n \t<li>脂肪 0.2 公克</li>\r\n \t<li>飽和脂肪 0.0 公克</li>\r\n \t<li>反式脂肪 0.0</li>\r\n \t<li>膽固醇 0.0</li>\r\n \t<li>碳水化合物 8.3 公克</li>\r\n \t<li>糖 7.3 公克</li>\r\n \t<li>鈉 19.9 毫克</li>\r\n</ul>	<h4>保存期限與保存方式</h4>\r\n未開封可保存半年，置於乾燥陰涼處\r\n\r\n開封後請盡速食用\r\n\r\n若受潮可置於冷凍庫，取出後不用退冰即可恢復酥脆口感！\r\n<h4>公益存款</h4>\r\n您的每一筆消費都會累積為您的公益存款\r\n\r\n每購買一包「雙果日和」，會捐出約 5元*\r\n\r\n*以原價試算，詳細說明請見<a href="https://realreal.cc/membership/">會員制度</a>\r\n<h4>一句我們想說的話</h4>\r\n不是每一天都要特別，\r\n\r\n有時，只要果實剛好、心情剛好，\r\n\r\n那就是最好的日和。\r\n\r\n<a href="https://realreal.cc/freeze-dried-space-fruit/" target="_blank" rel="noopener">推薦閱讀 | 凍乾水果與傳統果乾的差別</a>
05f55791-1831-4934-9ed8-eeb0a1c2c4bf	穩定補給 | 60 天植物蛋白支持計畫	60-day-vegan-protein	▪️60 包植物蛋白粉，兩個月的穩定補給節奏\\r\\n\\r\\n▪️由多元的植物營養補足人體所需的 完整胺基酸 \\r\\n\\r\\n▪️每一包 50 公克約含 21-24 公克蛋白質 \\r\\n\\r\\n ▪️無添加糖、香料、色素、防腐劑，無動物成分 vegan \\r\\n\\r\\n▪️平均分攤後，原味每包約 46元 ，其他風味每包約 53元 \\r\\n\\r\\n▪️本商品為優惠組合定價，不與會員折扣及折扣碼合併使用	0c27248d-807f-43a0-9a25-a50fc2bea69a	["https://realreal.cc/wp-content/uploads/2025/12/蛋白粉隨身包_黑芝麻藍莓_600x600.jpg"]	t	2026-03-27 08:03:18.669694+00	'-24':21B '21':20B '46元':39B '50':18B '53元':41B '60':2A,4B 'n':8B,10B,14B,16B,24B,26B,34B,36B,43B,45B 'r':7B,9B,13B,15B,23B,25B,33B,35B,42B,44B 'vegan':32B '不與會員折扣及折扣碼合併使用':47B '兩個月的穩定補給節奏':6B '公克約含':19B '公克蛋白質':22B '其他風味每包約':40B '包植物蛋白粉':5B '原味每包約':38B '天植物蛋白支持計畫':3A '完整胺基酸':12B '平均分攤後':37B '本商品為優惠組合定價':46B '每一包':17B '無動物成分':31B '無添加糖':27B '由多元的植物營養補足人體所需的':11B '穩定補給':1A '色素':29B '防腐劑':30B '香料':28B	<blockquote>\r\n<h5><strong><em>真正的改變，不靠爆發力，靠日常。</em></strong></h5>\r\n<h5><strong><em>一次備齊，不必反覆下單</em></strong><br data-start="710" data-end="713" /><strong><em>讓身體，有節奏地被照顧</em></strong></h5>\r\n&nbsp;</blockquote>\r\n<p data-start="175" data-end="246"><strong data-start="175" data-end="191">\r\n60 天植物蛋白支持計畫</strong><br data-start="191" data-end="194" />包含 <strong data-start="197" data-end="221">60 包蛋白粉隨身包（每包 50 公克）</strong>，<br data-start="222" data-end="225" />讓補充變得有節奏、不中斷。</p>\r\n\r\n<h3 data-start="361" data-end="376">成分單純，身體感受得到</h3>\r\n<p data-start="379" data-end="386">▪️無動物成分</p>\r\n<p data-start="389" data-end="403">▪️無額外添加糖、香料、色素</p>\r\n<p data-start="406" data-end="418">▪️無膽固醇、無反式脂肪</p>\r\n<p data-start="421" data-end="429">▪️富含膳食纖維</p>\r\n<p data-start="432" data-end="441">▪️吃得到真實果粒</p>\r\n<p data-start="444" data-end="464">▪️多元植物蛋白來源，建構完整胺基酸譜系</p>\r\n\r\n<h4><strong>為什麼選這個組合？</strong></h4>\r\n短期補充對身體的改變有限；蛋白質補充需要持續才能感受到肌肉維持、體力提升等效果。\r\n\r\n60天計畫讓補充成為習慣，而非一次性嘗試。\r\n\r\n相比每次單買，每包節省約 14 元。\r\n<h4><strong>適合你，如果你是⋯⋯</strong></h4>\r\n▪️有明確健康目標（肌肉維持、體重管理、術後恢復）\r\n\r\n▪️銀髮族或中高齡者每日補充蛋白質\r\n\r\n▪️習慣規律補充\r\n\r\n▪️不想頻繁下單的人\r\n\r\n▪️純素飲食者需穩定蛋白質來源\r\n\r\n▪️喜歡和親朋好友同事分享\r\n<p data-start="466" data-end="488"></p>	<h4><strong>如何飲用？</strong></h4>\r\n直接加水(水溫 20 – 60度)沖泡即可飲用\r\n\r\n水粉比例建議約 1 : 6 – 8，視個人口味，調整濃淡\r\n<h4>💡小祕訣</h4>\r\n✔ 加入小麥胚芽(維生素E來源)、奇亞籽(omega-3來源)等配料，立刻為自己和家人準備超級營養的早餐或點心\r\n\r\n✔ 用燕麥奶取代水，更增甜度與風味\r\n<h4>檢測證書</h4>\r\n無沙門氏桿菌、無金黃色葡萄球菌\r\n<h4>成分與營養標示</h4>\r\n詳細資訊請見下列商品連結\r\n\r\n[embed]https://realreal.cc/product/vegan-protein-powder-original/[/embed]\r\n\r\nhttps://realreal.cc/product/cocoa/\r\n\r\nhttps://realreal.cc/product/vegan-protein-powder-stawberry/\r\n\r\nhttps://realreal.cc/product/vegan-protein-powder-almond-drawgonfruit/\r\n\r\nhttps://realreal.cc/product/vegan-protein-powder-sesame/\r\n<h4>過敏原</h4>\r\n黃豆、芝麻、杏仁，生產設備亦生產花生、堅果及麩質穀類製品\r\n\r\n&nbsp;\r\n\r\n<strong>食品業者登錄字號 A-202321704-00000-8</strong>\r\n\r\n<strong>產品投保旺旺友聯產物\r\n保單號碼1212第14PL0N000137</strong>	<h4>規格</h4>\r\n<strong>植物高蛋白粉 隨身包\r\n</strong>\r\n淨重 50公克\r\n\r\n長 x 寬 15 x 10 公分\r\n<h4>公益存款</h4>\r\n購買此組合，將累積 <span class="opt">NT$69 公益存款</span>，陪著誠真繼續走向需要幫助的角落\r\n\r\n詳細說明請見<a href="https://realreal.cc/membership/">會員制度</a>\r\n<h4><strong>為什麼選誠真的植物蛋白？</strong></h4>\r\n<strong>✔ 在地創新\r\n</strong>\r\n誠真邀請在地三十餘年的堅果穀粉專家，以植物為本、以真實食材為魂，將傳統的溫潤滋味化為現代的營養力\r\n\r\n<strong>✔ 完全蛋白質\r\n</strong>\r\n非基改大豆蛋白 ＋ 豌豆蛋白 ＋ 米蛋白三合一，提供人體所需的完整胺基酸\r\n\r\n<strong>✔ 五無\r\n</strong>\r\n無動物成分、無添加糖(亦無人工代糖)、無色素香料防腐劑，通過無沙門氏桿菌、無金黃色葡萄球菌雙重檢測\r\n\r\n<strong>✔ 台灣製造\r\n</strong>\r\n每一口都有誠意與初心\r\n\r\n<strong>✔ 良心創業\r\n</strong>\r\n品牌根於一念之善，誠真感謝每位有緣的你，在生活中的每一個選擇，一起善意不斷的你\r\n<h4>保存期限與保存方式</h4>\r\n未開封置於乾燥陰涼處可保存 12個月\r\n\r\n開封後請盡速食用\r\n\r\n<strong>推薦閱讀 |</strong> <a href="https://realreal.cc/protein-warning/">你的身體正在提醒你，蛋白質不足了嗎？</a>
84439a7c-16a3-4c33-9f7c-5903953c7b7f	單果日常｜無花果	fig	\\r\\n 天然 阿洛酮醣 來源，無額外添加糖 \\r\\n 無動物成分．vegan \\r\\n 高度保留水果之原型、風味，與營養價值 \\r\\n 單吃香脆，覆水還原濕潤的口感 \\r\\n 可搭配穀片、優格、沙拉，加入茶飲或高蛋白飲中享用 \\r\\n 淨重 70公克\\r\\n高 x 寬 x 底 18 x 14 x 6 公分\\r\\n(手工包裝與測量，略有誤差) \\r\\n \\r\\n&nbsp;\\r\\n\\r\\n&nbsp;	133ad6b1-ada9-4add-9d65-8bf99cf31355	["https://realreal.cc/wp-content/uploads/2025/12/果乾包裝主圖_無花果_600x600.jpg"]	t	2026-03-27 08:03:18.669694+00	'14':40B '18':38B '6':42B '70公克':31B 'n':4B,10B,14B,19B,23B,29B,45B,49B,51B,53B,55B 'n高':33B 'r':3B,9B,13B,18B,22B,28B,32B,44B,48B,50B,52B,54B 'vegan':12B 'x':34B,36B,39B,41B '來源':7B '優格':25B '公分':43B '加入茶飲或高蛋白飲中享用':27B '可搭配穀片':24B '單吃香脆':20B '單果日常':1A '天然':5B '寬':35B '底':37B '手工包裝與測量':46B '沙拉':26B '淨重':30B '無動物成分':11B '無花果':2A '無額外添加糖':8B '略有誤差':47B '與營養價值':17B '覆水還原濕潤的口感':21B '阿洛酮醣':6B '風味':16B '高度保留水果之原型':15B	<blockquote>\r\n<h5 class="p1"><em>營養寶庫無花果，含天然阿洛酮醣，適合想吃甜，也在意身體感受的你。</em></h5>\r\n<h5 class="p2"><em>天然維生素與抗氧化營養，為身體注入自然能量。</em></h5>\r\n<h5><em>可單吃、搭配穀片、優格、沙拉，加入茶飲或高蛋白飲中享用。</em></h5>\r\n&nbsp;</blockquote>\r\n<ul>\r\n \t<li>無動物成分．vegan</li>\r\n \t<li>無額外添加糖</li>\r\n \t<li>高膳食纖維</li>\r\n \t<li>高度保留水果之原型、風味，與營養價值</li>\r\n \t<li>單吃香脆，覆水還原濕潤的口感</li>\r\n</ul>\r\n<h4>檢測證書</h4>\r\n無蔗糖素、無甜菊糖、無糖精鈉、\r\n無環己基(代)黃硫胺酸鈉、\r\n無rebaudioside b\r\n\r\n<strong>食品業者登錄字號：A-202321704-00000-8</strong>	<h4>成分</h4>\r\n無花果\r\n<h4>過敏原</h4>\r\n無花果\r\n<h4>規格</h4>\r\n淨重 70公克\r\n高 x 寬 x 底 18 x 14 x 6 公分\r\n(手工包裝與測量，略有誤差)\r\n<h4>營養標示</h4>\r\n<h5>每一份量 10 公克 本包裝含 7 份</h5>\r\n<ul>\r\n \t<li>熱量 35.4 大卡</li>\r\n \t<li>蛋白質 0.5 公克</li>\r\n \t<li>脂肪 0.2 公克</li>\r\n \t<li>飽和脂肪 0.1 公克</li>\r\n \t<li>反式脂肪 0.0</li>\r\n \t<li>膽固醇 0.0</li>\r\n \t<li>碳水化合物 7.9 公克</li>\r\n \t<li>糖 2.9 公克</li>\r\n \t<li>鈉 1.9 毫克</li>\r\n</ul>	<h4>保存期限與保存方式</h4>\r\n未開封置於乾燥陰涼處可保存半年\r\n\r\n開封後請盡速食用\r\n\r\n若受潮可置於冷凍庫，取出後不用退冰即可恢復酥脆口感！\r\n<h4><strong>公益存款</strong></h4>\r\n您的每一筆消費都會累積為您的公益存款\r\n\r\n每購買一包「單果日常」，會捐出約 5元*\r\n\r\n*以原價試算，詳細說明請見<a href="https://realreal.cc/membership/">會員制度</a>\r\n<h4>一句我們想說的話</h4>\r\n不必每天都很特別，\r\n\r\n有一樣可靠的好東西，\r\n\r\n就足以撐起一整天。\r\n\r\n<a href="https://realreal.cc/allulose/" target="_blank" rel="noopener">推薦閱讀 | 認識天然代糖與凍乾無花果的雙重好處</a>
ca6cc76b-33fe-492b-99bf-ddaaa56c5180	穩定補給 | 300克凍乾水果植物蛋白2入組	popevent	▪️任選口味植物蛋白夾鏈袋 300g × 2 \\r\\n\\r\\n▪️每一份 50 公克約含 21-24 公克蛋白質 \\r\\n\\r\\n▪️比單袋分開購買省 NT$91，超取直接免運\\r\\n\\r\\n ▪️無添加糖、香料、色素、防腐劑，無動物成分 · vegan \\r\\n\\r\\n▪️搭配 品牌帆布袋 ，袋著走，送禮更好看\\r\\n\\r\\n▪️本商品為優惠組合定價，不與會員折扣及折扣碼合併使用	0c27248d-807f-43a0-9a25-a50fc2bea69a	["https://realreal.cc/wp-content/uploads/2025/12/蛋白粉隨身包_黑芝麻藍莓_600x600.jpg"]	t	2026-03-27 08:03:18.669694+00	'-24':14B '2':5B '21':13B '300g':4B '300克凍乾水果植物蛋白2入組':2A '50':11B '91':22B 'n':7B,9B,17B,19B,25B,27B,35B,37B,43B,45B 'nt':21B 'r':6B,8B,16B,18B,24B,26B,34B,36B,42B,44B 'vegan':33B '不與會員折扣及折扣碼合併使用':47B '任選口味植物蛋白夾鏈袋':3B '公克約含':12B '公克蛋白質':15B '品牌帆布袋':39B '搭配':38B '本商品為優惠組合定價':46B '每一份':10B '比單袋分開購買省':20B '無動物成分':32B '無添加糖':28B '穩定補給':1A '色素':30B '袋著走':40B '超取直接免運':23B '送禮更好看':41B '防腐劑':31B '香料':29B	<blockquote>\r\n<h5><strong><em>真正的改變，不靠爆發力，靠日常。\r\n</em></strong><em><strong>兩袋口味，每天都有期待感。</strong></em></h5>\r\n<h5><em><strong>同一個口味囤著穩定喝，</strong></em>\r\n<em><strong>或兩袋選不同，讓每天的補給都有點變化——</strong></em>\r\n<em><strong>你說了算。</strong></em></h5>\r\n&nbsp;</blockquote>\r\n<h4 data-start="361" data-end="376">成分單純，身體感受得到</h4>\r\n<p data-start="379" data-end="386">▪️無動物成分 vegan</p>\r\n<p data-start="389" data-end="403">▪️無<strong>額外添加糖、香料、色素</strong></p>\r\n<p data-start="406" data-end="418">▪️無膽固醇、無反式脂肪</p>\r\n<p data-start="421" data-end="429">▪️富含<strong>膳食纖維</strong></p>\r\n<p data-start="432" data-end="441">▪️吃得到<strong>真實凍乾水果粒</strong></p>\r\n<p data-start="444" data-end="464">▪️多元植物蛋白來源，建構<strong>完整胺基酸譜系</strong></p>\r\n&nbsp;\r\n\r\n<strong>兩袋口味夾鏈袋，約12-15天份。</strong>\r\n\r\n均攤後，原味每份 45.8元，其他風味每份 54.1元。\r\n比單袋購買分別省下 51元與 91元。\r\n\r\n&nbsp;\r\n\r\n<strong>食品業者登錄字號 A-202321704-00000-8</strong>\r\n\r\n<strong>產品投保旺旺友聯產物\r\n保單號碼1212第14PL0N000137</strong>	<h4><strong>適合你，如果你是⋯⋯</strong></h4>\r\n▪️有明確健康目標（肌肉維持、體重管理、術後恢復）\r\n\r\n▪️希望用高蛋白補充維持飽足感與肌肉量的人\r\n\r\n▪️銀髮族或中高齡者需要長期溫和補充蛋白質\r\n\r\n▪️習慣規律補充\r\n\r\n▪️乳糖不耐、純素飲食者需穩定蛋白質來源\r\n\r\n▪️喜歡自己控制份量，少量多次補充蛋白質\r\n<h4>檢測證書</h4>\r\n無沙門氏桿菌、無金黃色葡萄球菌\r\n<h4>規格</h4>\r\n<strong>植物高蛋白粉 夾鏈袋裝 </strong>\r\n淨重 300公克\r\n高 x 寬 x 底 24 x 17 x 6 公分\r\n<h4>成分與營養標示</h4>\r\n詳細資訊請見下列商品連結\r\n\r\n[embed]https://realreal.cc/product/vegan-protein-powder-original/[/embed]\r\n\r\nhttps://realreal.cc/product/cocoa/\r\n\r\nhttps://realreal.cc/product/vegan-protein-powder-stawberry/\r\n\r\nhttps://realreal.cc/product/vegan-protein-powder-almond-drawgonfruit/\r\n\r\nhttps://realreal.cc/product/vegan-protein-powder-sesame/\r\n<h4>過敏原</h4>\r\n黃豆、芝麻、杏仁，生產設備亦生產花生、堅果及麩質穀類製品\r\n\r\n&nbsp;\r\n\r\n&nbsp;	<h4>公益存款</h4>\r\n購買此組合，將累積 <span class="opt">NT$24 公益存款</span>，陪著誠真繼續走向需要幫助的角落\r\n\r\n詳細說明請見<a href="https://realreal.cc/membership/">會員制度</a>\r\n<h4><strong>為什麼選誠真的植物蛋白？</strong></h4>\r\n<strong>✔ 在地創新\r\n</strong>\r\n誠真邀請在地三十餘年的堅果穀粉專家，以植物為本、以真實食材為魂，將傳統的溫潤滋味化為現代的營養力\r\n\r\n<strong>✔ 完全蛋白質\r\n</strong>\r\n非基改大豆蛋白 ＋ 豌豆蛋白 ＋ 米蛋白三合一，提供人體所需的完整胺基酸\r\n\r\n<strong>✔ 五無\r\n</strong>\r\n無動物成分、無添加糖(亦無人工代糖)、無色素香料防腐劑，通過無沙門氏桿菌、無金黃色葡萄球菌雙重檢測\r\n\r\n<strong>✔ 台灣製造\r\n</strong>\r\n每一口都有誠意與初心\r\n\r\n<strong>✔ 良心創業\r\n</strong>\r\n品牌根於一念之善，誠真感謝每位有緣的你，在生活中的每一個選擇，一起善意不斷的你\r\n\r\n&nbsp;\r\n\r\n<strong>推薦閱讀 |</strong> <a href="https://realreal.cc/protein-warning/">你的身體正在提醒你，蛋白質不足了嗎？</a>
d1cdb9ce-65ae-4dae-9934-fb09400d8771	穩定補給 | 30天植物蛋白自選組合	protein-30pack-mix	▪️植物蛋白隨身包 × 30包\\r\\n\\r\\n▪️均攤後，原味每包約 47元 ，其他風味每包 56元 ，超取宅配皆享 免運 \\r\\n\\r\\n▪️選擇客製口味， 請於結帳購物車備註各口味之數量 \\r\\n\\r\\n▪️搭配 品牌帆布袋 ，袋著走，送禮更好看\\r\\n\\r\\n▪️本商品為優惠組合定價，不與會員折扣及折扣碼合併使用	0c27248d-807f-43a0-9a25-a50fc2bea69a	["https://realreal.cc/wp-content/uploads/2025/12/蛋白粉隨身包_黑芝麻藍莓_600x600.jpg"]	t	2026-03-27 08:03:18.669694+00	'30包':4B '30天植物蛋白自選組合':2A '47元':11B '56元':13B 'n':6B,8B,17B,19B,23B,25B,31B,33B 'r':5B,7B,16B,18B,22B,24B,30B,32B '不與會員折扣及折扣碼合併使用':35B '免運':15B '其他風味每包':12B '原味每包約':10B '品牌帆布袋':27B '均攤後':9B '搭配':26B '本商品為優惠組合定價':34B '植物蛋白隨身包':3B '穩定補給':1A '袋著走':28B '請於結帳購物車備註各口味之數量':21B '超取宅配皆享':14B '送禮更好看':29B '選擇客製口味':20B	<h5><em>三十天，是一個習慣真正落地的時間。</em></h5>\r\n<h5><em>每一包都有真實的凍乾水果——</em>\r\n<em>不是香料，不是添加物，是食物本來的樣子。</em>\r\n<em>選好你的節奏，其餘的交給誠真</em>。</h5>\r\n&nbsp;\r\n<h4 data-start="361" data-end="376">成分單純，身體感受得到</h4>\r\n<p data-start="379" data-end="386">▪️無動物成分 vegan</p>\r\n<p data-start="389" data-end="403">▪️無額外添加糖、香料、色素</p>\r\n<p data-start="406" data-end="418">▪️無膽固醇、無反式脂肪</p>\r\n<p data-start="421" data-end="429">▪️富含膳食纖維</p>\r\n<p data-start="432" data-end="441">▪️吃得到真實果粒</p>\r\n<p data-start="444" data-end="464">▪️多元植物蛋白來源，建構完整胺基酸譜系</p>\r\n\r\n<h4><strong>適合你，如果你是⋯⋯</strong></h4>\r\n▪️有明確健康目標（肌肉維持、體重管理、術後恢復）\r\n\r\n▪️銀髮族或中高齡者每日補充蛋白質\r\n\r\n▪️習慣規律補充\r\n\r\n▪️不想頻繁下單\r\n\r\n▪️純素飲食者需穩定蛋白質來源\r\n\r\n▪️喜歡和親朋好友同事分享\r\n<p data-start="466" data-end="488"></p>	<h4><strong>如何飲用？</strong></h4>\r\n直接加水(水溫 20 – 60度)沖泡即可飲用\r\n\r\n水粉比例建議約 1 : 6 – 8，視個人口味，調整濃淡\r\n<h4>💡小祕訣</h4>\r\n✔ 加入小麥胚芽(維生素E來源)、奇亞籽(omega-3來源)等配料，立刻為自己和家人準備超級營養的早餐或點心\r\n\r\n✔ 用燕麥奶取代水，更增甜度與風味\r\n<h4>檢測證書</h4>\r\n無沙門氏桿菌、無金黃色葡萄球菌\r\n<h4>成分與營養標示</h4>\r\n詳細資訊請見下列商品連結\r\n\r\n<a href="https://realreal.cc/product/vegan-protein-powder-original/">初心原味 | 誠之初</a>\r\n\r\nhttps://realreal.cc/product/cocoa/\r\n\r\nhttps://realreal.cc/product/vegan-protein-powder-stawberry/\r\n\r\nhttps://realreal.cc/product/vegan-protein-powder-almond-drawgonfruit/\r\n\r\nhttps://realreal.cc/product/vegan-protein-powder-sesame/\r\n<h4>過敏原</h4>\r\n黃豆、芝麻、杏仁，生產設備亦生產花生、堅果及麩質穀類製品\r\n\r\n<strong>食品業者登錄字號 A-202321704-00000-8</strong>\r\n\r\n<strong>產品投保旺旺友聯產物\r\n保單號碼1212第14PL0N000137</strong>	<h4>規格</h4>\r\n淨重 50公克\r\n\r\n長 x 寬 15 x 10 公分\r\n<h4>公益存款</h4>\r\n購買此組合，將累積 38<span class="opt">元公益存款</span>，陪著誠真繼續走向需要幫助的角落。\r\n\r\n詳細說明請見<a href="https://realreal.cc/membership/">會員制度</a>\r\n<h4><strong>為什麼選誠真的植物蛋白？</strong></h4>\r\n<strong>✔ 在地創新\r\n</strong>\r\n誠真邀請在地三十餘年的堅果穀粉專家，以植物為本、以真實食材為魂，將傳統的溫潤滋味化為現代的營養力\r\n\r\n<strong>✔ 完全蛋白質\r\n</strong>\r\n非基改大豆蛋白 ＋ 豌豆蛋白 ＋ 米蛋白三合一，提供人體所需的完整胺基酸\r\n\r\n<strong>✔ 五無</strong>\r\n\r\n無動物成分、無添加糖(亦無人工代糖)、無色素香料防腐劑，通過無沙門氏桿菌、無金黃色葡萄球菌雙重檢測\r\n\r\n<strong>✔ 台灣製造</strong>\r\n\r\n每一口都有誠意與初心\r\n\r\n<strong>✔ 良心創業</strong>\r\n\r\n品牌根於一念之善，誠真感謝每位有緣的你，在生活中的每一個選擇，一起善意不斷的你\r\n<h4>保存期限與保存方式</h4>\r\n未開封置於乾燥陰涼處可保存 12個月\r\n\r\n開封後請盡速食用\r\n\r\n<strong>推薦閱讀 |</strong> <a href="https://realreal.cc/protein-warning/">你的身體正在提醒你，蛋白質不足了嗎？</a>
686869b7-0d6f-44f7-a7a3-625eed280a93	初心原味｜50克純素植物蛋白粉｜誠之初	vegan-protein-powder-original	▪️ 全成分：非基改黃豆、大豆蛋白、小麥纖維、豌豆蛋白、米蛋白\\r\\n\\r\\n ▪️ 由多元的植物營養補足人體所需的 完整胺基酸 \\r\\n\\r\\n ▪️ 每一份 50 公克含 21.5 公克蛋白質 \\r\\n\\r\\n ▪️無添加糖、色素、香料、防腐劑，無動物成分 · vegan \\r\\n\\r\\n▪️會員折扣後，1 包隨身包約為 49 - 52 元\\r\\n\\r\\n▪️每購買 1 包，將累積 1 元公益存款	0c27248d-807f-43a0-9a25-a50fc2bea69a	["https://realreal.cc/wp-content/uploads/2025/12/蛋白情境圖原味600x600-1.jpg"]	t	2026-03-27 08:03:18.669694+00	'1':40B,50B,53B '21.5':23B '49':42B '50':21B '50克純素植物蛋白粉':2A '52':43B 'n':11B,13B,17B,19B,26B,28B,36B,38B,46B,48B 'r':10B,12B,16B,18B,25B,27B,35B,37B,45B,47B 'vegan':34B '元':44B '元公益存款':54B '全成分':4B '公克含':22B '公克蛋白質':24B '初心原味':1A '包':51B '包隨身包約為':41B '大豆蛋白':6B '完整胺基酸':15B '將累積':52B '小麥纖維':7B '會員折扣後':39B '每一份':20B '每購買':49B '無動物成分':33B '無添加糖':29B '由多元的植物營養補足人體所需的':14B '米蛋白':9B '色素':30B '誠之初':3A '豌豆蛋白':8B '防腐劑':32B '非基改黃豆':5B '香料':31B	<blockquote>\r\n<h5 class="p1"><em>最簡單的成分，最純粹的力量。</em></h5>\r\n<h5 class="p2"><em>豆香柔順、口感細緻，回歸植物本味，喝出身體的安然與信任感。</em></h5>\r\n</blockquote>\r\n<ul>\r\n \t<li>無動物成分</li>\r\n \t<li>無額外添加糖</li>\r\n \t<li>無膽固醇與反式脂肪</li>\r\n \t<li>富含膳食纖維</li>\r\n \t<li>多元的植物營養建構完整胺基酸譜系</li>\r\n</ul>\r\n<h4><strong>每份含 21.5公克蛋白質，相比傳統飲品如何？</strong></h4>\r\n一杯傳統豆漿（約 240毫升）通常只含 6–8公克蛋白質，且多數含有添加糖。\r\n\r\n誠真原味每份（50公克）含 21.5公克蛋白質，相當於喝近 3 杯豆漿的蛋白質量，卻不帶多餘的糖分與熱量負擔。\r\n<h4><strong>適合你，如果你是⋯⋯</strong></h4>\r\n<ul>\r\n \t<li>乳糖不耐者</li>\r\n \t<li>純素飲食者</li>\r\n \t<li>銀髮族</li>\r\n \t<li>運動或日常補充蛋白質</li>\r\n \t<li>術後恢復期需要溫和蛋白質來源</li>\r\n \t<li>想要嚐試單純好喝，不過甜的補充品</li>\r\n \t<li>生活節奏緊湊，但也想吃好照顧自己</li>\r\n</ul>\r\n<h4><strong>如何飲用？</strong></h4>\r\n原味本身就自帶黃豆的天然甜味，直接加水沖泡(水溫 20 - 60度)即可飲用\r\n\r\n水粉比例建議約<strong> 1 : 6 - 8</strong>，視個人口味，調整濃淡\r\n<h4>💡小祕訣</h4>\r\n✔ 加入小麥胚芽(維生素E來源)、奇亞籽(omega-3來源)等配料，立刻為自己和家人準備超級營養的早餐或點心\r\n\r\n✔ 用燕麥奶取代水，更增甜度與風味\r\n\r\n&nbsp;	<h4>成分</h4>\r\n非基改黃豆、大豆蛋白、小麥纖維、豌豆蛋白、米蛋白\r\n<h4>過敏原</h4>\r\n非基改黃豆，生產設備亦生產芝麻、花生、堅果及麩質穀類製品\r\n<h4>檢測證書</h4>\r\n無沙門氏桿菌\r\n無金黃色葡萄球菌\r\n<h4>規格</h4>\r\n隨身包 淨重 50公克\r\n長 x 寬 15 x 10 公分\r\n\r\n夾鏈袋 淨重 300公克\r\n高 x 寬 x 底 24 x 17 x 6 公分\r\n<h4>營養標示</h4>\r\n<h5>每一份量 50 公克</h5>\r\n<ul>\r\n \t<li>熱量 182.8 大卡</li>\r\n \t<li>蛋白質 21.5 公克</li>\r\n \t<li>脂肪 5.3 公克</li>\r\n \t<li>飽和脂肪 0.9 公克</li>\r\n \t<li>反式脂肪 0.0</li>\r\n \t<li>膽固醇 0.0</li>\r\n \t<li>碳水化合物 18.1 公克</li>\r\n \t<li>糖 2.8 公克</li>\r\n \t<li>膳食纖維 11.3 公克</li>\r\n \t<li>鈉 255.5 毫克</li>\r\n \t<li>鈣 3.2 毫克</li>\r\n \t<li>鐵 0.3 毫克</li>\r\n</ul>\r\n<strong>食品業者登錄字號 A-202321704-00000-8</strong>\r\n\r\n<strong>產品投保旺旺友聯產物 保單號碼1212第14PL0N000137</strong>	<h4>公益存款</h4>\r\n您的每一筆消費都會累積為您的公益存款\r\n\r\n每購買一包隨身包，會捐出約 1元*\r\n\r\n*詳細說明請見<a href="https://realreal.cc/membership/">會員制度</a>\r\n<h4><strong>為什麼選誠真的植物蛋白？</strong></h4>\r\n<strong>✔ 在地創新\r\n</strong>\r\n誠真邀請在地三十餘年的堅果穀粉專家，以植物為本、以真實食材為魂，將傳統的溫潤滋味化為現代的營養力\r\n\r\n<strong>✔ 完全蛋白質\r\n</strong>\r\n非基改大豆蛋白 ＋ 豌豆蛋白 ＋ 米蛋白三合一，提供人體所需的完整胺基酸\r\n\r\n<strong>✔ 五無\r\n</strong>\r\n無動物成分、無添加糖(亦無人工代糖)、無色素香料防腐劑，通過無沙門氏桿菌、無金黃色葡萄球菌雙重檢測\r\n\r\n<strong>✔ 台灣製造\r\n</strong>\r\n每一口都有誠意與初心\r\n\r\n<strong>✔ 良心創業\r\n</strong>\r\n品牌根於一念之善，誠真感謝每位有緣的你，在生活中的每一個選擇，一起善意不斷的你\r\n<h4>保存期限與保存方式</h4>\r\n未開封置於乾燥陰涼處可保存 12個月\r\n\r\n開封後請盡速食用\r\n\r\n<strong>推薦閱讀 |</strong> <a href="https://realreal.cc/faq-vegan-protein-powder/">喝植物高蛋白要注意甚麼？什麼人不適合喝？常見問題一次全部告訴你</a>
14f4ff37-85c7-42b2-9fc9-e45cc3e22ac2	杏仁火龍果｜50克純素凍乾水果蛋白粉｜自由之心	vegan-protein-powder-almond-drawgonfruit	▪️全成分：非基改黃豆、凍乾火龍果、大豆蛋白、杏仁、小麥纖維、豌豆蛋白、米蛋白\\r\\n\\r\\n▪️由多元的植物營養補足人體所需的 完整胺基酸 \\r\\n\\r\\n▪️每一份 50 公克含 20.6 公克蛋白質 \\r\\n\\r\\n ▪️無添加糖、色素、香料、防腐劑，無動物成分 · vegan \\r\\n\\r\\n▪️每一口都吃得到真實果粒\\r\\n\\r\\n▪️會員折扣後，1 包隨身包約為 60 – 64 元\\r\\n\\r\\n▪️每購買一包，將累積 2 元公益存款	0c27248d-807f-43a0-9a25-a50fc2bea69a	["https://realreal.cc/wp-content/uploads/2025/12/蛋白情境圖原味火龍果600x600-1.jpg"]	t	2026-03-27 08:03:18.669694+00	'1':47B '2':58B '20.6':25B '50':23B '50克純素凍乾水果蛋白粉':2A '60':49B '64':50B 'n':13B,15B,19B,21B,28B,30B,38B,40B,43B,45B,53B,55B 'r':12B,14B,18B,20B,27B,29B,37B,39B,42B,44B,52B,54B 'vegan':36B '元':51B '元公益存款':59B '全成分':4B '公克含':24B '公克蛋白質':26B '凍乾火龍果':6B '包隨身包約為':48B '大豆蛋白':7B '完整胺基酸':17B '將累積':57B '小麥纖維':9B '會員折扣後':46B '杏仁':8B '杏仁火龍果':1A '每一份':22B '每一口都吃得到真實果粒':41B '每購買一包':56B '無動物成分':35B '無添加糖':31B '由多元的植物營養補足人體所需的':16B '米蛋白':11B '自由之心':3A '色素':32B '豌豆蛋白':10B '防腐劑':34B '非基改黃豆':5B '香料':33B	<blockquote>\r\n<h5 class="p1"><em>杏仁的溫潤遇上火龍鮮豔，滋味與色彩都充滿生命力。</em></h5>\r\n<h5 class="p2"><em>一款帶著冒險精神的配方，讓每次飲用都像是一次新的旅程。</em></h5>\r\n</blockquote>\r\n<ul>\r\n \t<li>無動物成分</li>\r\n \t<li>無額外添加糖</li>\r\n \t<li>無膽固醇與反式脂肪</li>\r\n \t<li>富含膳食纖維</li>\r\n \t<li>多元的植物營養建構完整胺基酸譜系</li>\r\n</ul>\r\n<h4><strong>每份含 20.5 公克蛋白質，相比傳統飲品如何？</strong></h4>\r\n杏仁茶是台灣傳統飲品，但原版含糖高、蛋白質偏低（約 4–6公克）\r\n\r\n誠真杏仁火龍果保留了杏仁的溫潤香氣，植物蛋白提升至 20.6公克，並以凍乾火龍果替代糖分來源，讓傳統滋味有了現代的營養密度，是最具台灣在地特色的一款\r\n<h4><strong>適合你，如果你是⋯⋯</strong></h4>\r\n<ul>\r\n \t<li>喜歡杏仁茶傳統風味的人</li>\r\n \t<li>想讓補充蛋白質變得有趣</li>\r\n \t<li>親子共飲（長輩或小孩都能接受的輕甜口感）</li>\r\n \t<li>純素飲食者</li>\r\n \t<li>銀髮族</li>\r\n \t<li>術後恢復期需要好心情與溫和蛋白質來源</li>\r\n \t<li>想要嚐試單純好喝，不過甜的補充品</li>\r\n \t<li>生活節奏緊湊，但也想吃好照顧自己</li>\r\n</ul>\r\n<h4><strong>如何飲用？</strong></h4>\r\n品嘗杏仁原豆的天然香氣，直接加水(水溫 20 – 60度)沖泡即可飲用\r\n\r\n水粉比例建議約 1 : 6 – 8，視個人口味，調整濃淡\r\n<h4>💡小祕訣</h4>\r\n✔ 加入小麥胚芽(維生素E來源)、奇亞籽(omega-3來源)等配料，立刻為自己和家人準備超級營養的早餐或點心\r\n\r\n✔ 用燕麥奶取代水，更增甜度與風味	<h4>成分</h4>\r\n非基改黃豆、凍乾火龍果、大豆蛋白、杏仁、小麥纖維、豌豆蛋白、米蛋白\r\n<h4>過敏原</h4>\r\n黃豆、杏仁，生產設備亦生產芝麻、花生、堅果及麩質穀類製品\r\n<h4>檢測證書</h4>\r\n無沙門氏桿菌、無金黃色葡萄球菌\r\n<h4>規格</h4>\r\n隨身包 淨重 50公克\r\n長 x 寬 15 x 10 公分\r\n\r\n夾鏈袋 淨重 300公克\r\n高 x 寬 x 底 24 x 17 x 6 公分\r\n<h4>營養標示</h4>\r\n<h5>每一份量 50 公克</h5>\r\n<ul>\r\n \t<li>熱量 210.6 大卡</li>\r\n \t<li>蛋白質 20.6 公克</li>\r\n \t<li>脂肪 8.9 公克</li>\r\n \t<li>飽和脂肪 1.7 公克</li>\r\n \t<li>反式脂肪 0.0</li>\r\n \t<li>膽固醇 0.0</li>\r\n \t<li>碳水化合物 15.5 公克</li>\r\n \t<li>糖 4.5 公克</li>\r\n \t<li>膳食纖維 6.6 公克</li>\r\n \t<li>鈉 211.2 毫克</li>\r\n \t<li>鈣 12.1 毫克</li>\r\n \t<li>鐵 0.3 毫克</li>\r\n</ul>\r\n<strong>食品業者登錄字號 A-202321704-00000-8</strong>\r\n\r\n<strong>產品投保旺旺友聯產物\r\n保單號碼1212第14PL0N000137</strong>	<h4>公益存款</h4>\r\n您的每一筆消費都會累積為您的公益存款\r\n\r\n每購買一包隨身包，會捐出約 2元*\r\n\r\n*詳細說明請見<a href="https://realreal.cc/membership/">會員制度</a>\r\n<h4><strong>為什麼選誠真的植物蛋白？</strong></h4>\r\n<strong>✔ 在地創新：</strong>\r\n誠真邀請在地三十餘年的堅果穀粉專家，以植物為本、以真實食材為魂，將傳統的溫潤滋味化為現代的營養力\r\n\r\n<strong>✔ 完全蛋白質：</strong>\r\n非基改大豆蛋白 ＋ 豌豆蛋白 ＋ 米蛋白三合一，提供人體所需的完整胺基酸\r\n\r\n<strong>✔ 五無：</strong>\r\n無動物成分、無添加糖(亦無人工代糖)、無色素香料防腐劑，通過無沙門氏桿菌、無金黃色葡萄球菌雙重檢測\r\n\r\n<strong>✔ 台灣製造：</strong>\r\n每一口都有誠意與初心\r\n\r\n<strong>✔ 良心創業：</strong>\r\n品牌根於一念之善，誠真感謝每位有緣的你，在生活中的每一個選擇，一起善意不斷的你\r\n<h4>一句我們想說的話</h4>\r\n不設限的風味\r\n\r\n給身體更自由的空間\r\n<h4>保存期限與保存方式</h4>\r\n未開封置於乾燥陰涼處可保存 12個月\r\n\r\n開封後請盡速食用\r\n\r\n<strong>推薦閱讀 |</strong> <a href="https://realreal.cc/faq-vegan-protein-powder/">喝植物高蛋白要注意甚麼？什麼人不適合喝？常見問題一次全部告訴你</a>
2b04476d-eb6b-4107-bf75-a74e9227a4d1	可可｜50克純素植物蛋白粉｜哥守護你	cocoa	▪️全成分：非基改黃豆、大豆蛋白、可可粉、豌豆蛋白、小麥纖維、米蛋白\\r\\n\\r\\n▪️由多元的植物營養補足人體所需的 完整胺基酸 \\r\\n\\r\\n▪️每一份 50 公克含 20.6 公克蛋白質 \\r\\n\\r\\n ▪️無添加糖、色素、香料、防腐劑，無動物成分 · vegan \\r\\n\\r\\n▪️每一口都吃得到真實果粒\\r\\n\\r\\n▪️會員折扣後，1 入夾鏈袋裝約為 333 – 351 元\\r\\n\\r\\n▪️每購買一包，將累積 2 元公益存款	0c27248d-807f-43a0-9a25-a50fc2bea69a	["https://realreal.cc/wp-content/uploads/2025/12/蛋白情境圖可可600x600.jpg"]	t	2026-03-27 08:03:18.669694+00	'1':46B '2':57B '20.6':24B '333':48B '351':49B '50':22B '50克純素植物蛋白粉':2A 'n':12B,14B,18B,20B,27B,29B,37B,39B,42B,44B,52B,54B 'r':11B,13B,17B,19B,26B,28B,36B,38B,41B,43B,51B,53B 'vegan':35B '元':50B '元公益存款':58B '入夾鏈袋裝約為':47B '全成分':4B '公克含':23B '公克蛋白質':25B '可可':1A '可可粉':7B '哥守護你':3A '大豆蛋白':6B '完整胺基酸':16B '將累積':56B '小麥纖維':9B '會員折扣後':45B '每一份':21B '每一口都吃得到真實果粒':40B '每購買一包':55B '無動物成分':34B '無添加糖':30B '由多元的植物營養補足人體所需的':15B '米蛋白':10B '色素':31B '豌豆蛋白':8B '防腐劑':33B '非基改黃豆':5B '香料':32B	<blockquote>\r\n<h5 class="p1"><em>微苦之下藏著溫柔甜意。</em></h5>\r\n<h5 class="p2"><em>以純植物可可結合植物蛋白的細緻口感，讓疲憊的午後重拾安定與滿足。</em></h5>\r\n</blockquote>\r\n<ul>\r\n \t<li>無動物成分</li>\r\n \t<li>無額外添加糖</li>\r\n \t<li>無膽固醇與反式脂肪</li>\r\n \t<li>富含膳食纖維</li>\r\n \t<li>多元的植物營養建構完整胺基酸譜系</li>\r\n</ul>\r\n<h4><strong>每份含 24.1 公克蛋白質</strong><strong>（全系列最高） </strong><strong>，相比其他飲品如何？</strong></h4>\r\n市售可可口味蛋白飲常含動物乳清、人工香料與大量添加糖。\r\n\r\n誠真可可以純天然可可粉呈現真實苦甘風味，每份蛋白質 24.1 公克，無膽固醇，膳食纖維達 8.1 公克，跟同份量的可可粉相比（約 10 公克蛋白質）更高效。\r\n\r\n<strong>適合你，如果你是⋯⋯</strong>\r\n<ul>\r\n \t<li>健身族、運動後補給</li>\r\n \t<li>想攝取高蛋白又不想喝到人工甜味</li>\r\n \t<li>乳糖不耐者</li>\r\n \t<li>純素飲食者</li>\r\n \t<li>銀髮族</li>\r\n \t<li>術後恢復期需要溫和蛋白質來源</li>\r\n \t<li>想要嚐試單純好喝，不甜的補充品</li>\r\n \t<li>生活節奏緊湊，但也想吃好照顧自己</li>\r\n</ul>\r\n<h4><strong>如何飲用？</strong></h4>\r\n可可本身以苦味為主，口感厚實，直接加水沖泡(水溫 20 – 60度)即可飲用\r\n\r\n水粉比例建議約<strong> 1 : 8 – 10</strong>，視個人口味，調整濃淡\r\n<h4>💡小祕訣</h4>\r\n✔ 加入小麥胚芽(維生素E來源)、奇亞籽(omega-3來源)等配料，立刻為自己和家人準備超級營養的早餐或點心\r\n\r\n✔ 用燕麥奶取代水，搭配香蕉、凍乾水果一起吃，更增甜度與風味	<h4>成分</h4>\r\n非基改黃豆、大豆蛋白、可可粉、豌豆蛋白、小麥纖維、米蛋白\r\n<h4>過敏原</h4>\r\n黃豆，生產設備亦生產芝麻、花生、堅果及麩質穀類製品\r\n<h4>檢測證書</h4>\r\n無沙門氏桿菌\r\n無金黃色葡萄球菌\r\n<h4>規格</h4>\r\n隨身包 淨重 50公克\r\n長 x 寬 15 x 10 公分\r\n\r\n夾鏈袋 淨重 300公克\r\n高 x 寬 x 底 24 x 17 x 6 公分\r\n<h4>營養標示</h4>\r\n<h5>每一份量 50 公克</h5>\r\n<ul>\r\n \t<li>熱量 182.8 大卡</li>\r\n \t<li>蛋白質 24.1 公克</li>\r\n \t<li>脂肪 5.0 公克</li>\r\n \t<li>飽和脂肪 1.6 公克</li>\r\n \t<li>反式脂肪 0.0</li>\r\n \t<li>膽固醇 0.0</li>\r\n \t<li>碳水化合物 14.4 公克</li>\r\n \t<li>糖 1.9 公克</li>\r\n \t<li>膳食纖維 8.1 公克</li>\r\n \t<li>鈉 321.3 毫克</li>\r\n \t<li>鈣 10.3 毫克</li>\r\n \t<li>鐵 0.9 毫克</li>\r\n</ul>\r\n<strong>食品業者登錄字號：A-202321704-00000-8</strong>\r\n\r\n<strong>產品投保旺旺友聯產物\r\n保單號碼1212第14PL0N000137</strong>	<h4>公益存款</h4>\r\n您的每一筆消費都會累積為您的公益存款\r\n\r\n每購買一包隨身包，會捐出約 2元*\r\n\r\n*詳細說明請見<a href="https://realreal.cc/membership/">會員制度</a>\r\n<h4>一句我們想說的話</h4>\r\n不甜膩的可可，適合每天。\r\n\r\n讓苦，有一個溫柔的去處。\r\n<h4><strong>為什麼選誠真的植物蛋白？</strong></h4>\r\n<strong>✔ 在地創新\r\n</strong>\r\n誠真邀請在地三十餘年的堅果穀粉專家，以植物為本、以真實食材為魂，將傳統的溫潤滋味化為現代的營養力\r\n\r\n<strong>✔ 完全蛋白質\r\n</strong>\r\n非基改大豆蛋白 ＋ 豌豆蛋白 ＋ 米蛋白三合一，提供人體所需的完整胺基酸\r\n\r\n<strong>✔ 五無\r\n</strong>\r\n無動物成分、無添加糖(亦無人工代糖)、無色素香料防腐劑，通過無沙門氏桿菌、無金黃色葡萄球菌雙重檢測\r\n\r\n<strong>✔ 台灣製造\r\n</strong>\r\n每一口都有誠意與初心\r\n\r\n<strong>✔ 良心創業\r\n</strong>\r\n品牌根於一念之善，誠摯感謝每位有緣的你，在生活中的每一個選擇，一起善意不斷的你\r\n<h4>保存期限與保存方式</h4>\r\n未開封置於乾燥陰涼處可保存 12個月\r\n\r\n開封後請盡速食用\r\n\r\n<strong>推薦閱讀 |</strong> <a href="https://realreal.cc/faq-vegan-protein-powder/">喝植物高蛋白要注意甚麼？什麼人不適合喝？常見問題一次全部告訴你</a>
28de1c74-fbe6-4a5c-87b8-f77060422af9	雙果日和｜草莓 x 蘋果	strawberry_apple	\\r\\n 無化工添加物 \\r\\n 無動物成分．vegan \\r\\n 高度保留水果之原型、風味，與營養價值 \\r\\n 單吃香脆，覆水還原濕潤的口感 \\r\\n 可搭配穀片、優格、沙拉，加入茶飲或高蛋白飲中享用 \\r\\n 淨重 70公克\\r\\n高 x 寬 x 底 18 x 14 x 6 公分\\r\\n(手工包裝與測量，略有誤差) \\r\\n \\r\\n&nbsp;\\r\\n\\r\\n&nbsp;	133ad6b1-ada9-4add-9d65-8bf99cf31355	["https://realreal.cc/wp-content/uploads/2025/12/蛋白情境圖草莓600x600.jpg"]	t	2026-03-27 08:03:18.669694+00	'14':39B '18':37B '6':41B '70公克':30B 'n':6B,9B,13B,18B,22B,28B,44B,48B,50B,52B,54B 'n高':32B 'r':5B,8B,12B,17B,21B,27B,31B,43B,47B,49B,51B,53B 'vegan':11B 'x':3A,33B,35B,38B,40B '優格':24B '公分':42B '加入茶飲或高蛋白飲中享用':26B '可搭配穀片':23B '單吃香脆':19B '寬':34B '底':36B '手工包裝與測量':45B '沙拉':25B '淨重':29B '無動物成分':10B '無化工添加物':7B '略有誤差':46B '與營養價值':16B '草莓':2A '蘋果':4A '覆水還原濕潤的口感':20B '雙果日和':1A '風味':15B '高度保留水果之原型':14B	<blockquote>\r\n<h5 class="p1"><em>鮮紅欲滴的草莓，細緻香氣中帶著陽光的甜。</em></h5>\r\n<h5 class="p2"><em>富含維他命C與抗氧化營養，為身體注入自然能量。</em></h5>\r\n<h5><em>可單吃、搭配穀片、優格、沙拉，加入茶飲或高蛋白飲中享用。</em></h5>\r\n&nbsp;</blockquote>\r\n<ul>\r\n \t<li>無動物成分．vegan</li>\r\n \t<li>無化工添加物</li>\r\n \t<li>高度保留水果之原型、風味，與營養價值</li>\r\n \t<li>單吃香脆，覆水還原濕潤的口感</li>\r\n</ul>\r\n<h4>檢測證書</h4>\r\n無蔗糖素、無甜菊糖、無糖精鈉、\r\n無環己基(代)黃硫胺酸鈉、\r\n無rebaudioside b\r\n\r\n<strong>食品業者登錄字號：A-202321704-00000-8</strong>	<h4>成分</h4>\r\n草莓、蘋果、蔗糖\r\n<h4>過敏原</h4>\r\n草莓\r\n<h4>規格</h4>\r\n淨重 70公克\r\n高 x 寬 x 底 18 x 14 x 6 公分\r\n(手工包裝與測量，略有誤差)\r\n<h4>營養標示</h4>\r\n<h5>每一份量 10 公克 本包裝含 7 份</h5>\r\n<ul>\r\n \t<li>熱量 38.4 大卡</li>\r\n \t<li>蛋白質 0.3 公克</li>\r\n \t<li>脂肪 0.1 公克</li>\r\n \t<li>飽和脂肪 0.0 公克</li>\r\n \t<li>反式脂肪 0.0</li>\r\n \t<li>膽固醇 0.0</li>\r\n \t<li>碳水化合物 9.1 公克</li>\r\n \t<li>糖 7.5 公克</li>\r\n \t<li>鈉 1.2 毫克</li>\r\n</ul>	<h4>保存期限與保存方式</h4>\r\n未開封可保存半年，置於乾燥陰涼處\r\n\r\n開封後請盡速食用\r\n\r\n若受潮可置於冷凍庫，取出後不用退冰即可恢復酥脆口感！\r\n<h4>公益存款</h4>\r\n您的每一筆消費都會累積為您的公益存款\r\n\r\n每購買一包「雙果日和」，會捐出約 5元*\r\n\r\n*以原價試算，詳細說明請見<a href="https://realreal.cc/membership/">會員制度</a>\r\n<h4>一句我們想說的話</h4>\r\n不是每一天都要特別，\r\n\r\n有時，只要果實剛好、心情剛好，\r\n\r\n那就是最好的日和。\r\n\r\n<a href="https://realreal.cc/freeze-dried-space-fruit/" target="_blank" rel="noopener">推薦閱讀 | 凍乾水果與傳統果乾的差別</a>
01beca6f-0b63-4c98-8530-6d0b6ea21731	三果日麗｜草莓 x 蘋果 x 哈密瓜	strawberry_apple_melon	\\r\\n 無化工添加物 \\r\\n 無動物成分．vegan \\r\\n 高度保留水果之原型、風味，與營養價值 \\r\\n 單吃香脆，覆水還原濕潤的口感 \\r\\n 可搭配穀片、優格、沙拉，加入茶飲或高蛋白飲中享用 \\r\\n 淨重 180公克\\r\\n高 x 寬 x 底 19 x 16 x 8 公分\\r\\n(手工包裝與測量，略有誤差) \\r\\n	133ad6b1-ada9-4add-9d65-8bf99cf31355	["https://realreal.cc/wp-content/uploads/2025/12/蛋白情境圖草莓600x600.jpg"]	t	2026-03-27 08:03:18.669694+00	'16':41B '180公克':32B '19':39B '8':43B 'n':8B,11B,15B,20B,24B,30B,46B,50B 'n高':34B 'r':7B,10B,14B,19B,23B,29B,33B,45B,49B 'vegan':13B 'x':3A,5A,35B,37B,40B,42B '三果日麗':1A '優格':26B '公分':44B '加入茶飲或高蛋白飲中享用':28B '可搭配穀片':25B '哈密瓜':6A '單吃香脆':21B '寬':36B '底':38B '手工包裝與測量':47B '沙拉':27B '淨重':31B '無動物成分':12B '無化工添加物':9B '略有誤差':48B '與營養價值':18B '草莓':2A '蘋果':4A '覆水還原濕潤的口感':22B '風味':17B '高度保留水果之原型':16B	<blockquote>\r\n<h5 class="isSelectedEnd"><em>草莓的酸甜、蘋果的清爽、哈密瓜的甜郁滋味。</em></h5>\r\n<h5 class="isSelectedEnd"><em>熱鬧明亮的果實，讓日常，多一點陽光。</em></h5>\r\n<p class="p2"><em>富含維他命C與抗氧化營養，為身體注入自然能量。</em></p>\r\n<em>可單吃、搭配穀片、優格、沙拉，加入茶飲或高蛋白飲中享用。</em>\r\n\r\n&nbsp;</blockquote>\r\n<ul>\r\n \t<li>無動物成分．vegan</li>\r\n \t<li>無化工添加物</li>\r\n \t<li>高度保留水果之原型、風味，與營養價值</li>\r\n \t<li>單吃香脆，覆水還原濕潤的口感</li>\r\n</ul>\r\n<h4>檢測證書</h4>\r\n無蔗糖素、無甜菊糖、無糖精鈉、\r\n無環己基(代)黃硫胺酸鈉、\r\n無rebaudioside b\r\n\r\n<strong>食品業者登錄字號：A-202321704-00000-8</strong>	<h4>成分</h4>\r\n草莓、蘋果、哈密瓜、蔗糖\r\n<h4>過敏原</h4>\r\n草莓\r\n<h4>規格</h4>\r\n淨重 180公克\r\n高 x 寬 x 底 19 x 16 x 8 公分\r\n(手工包裝與測量，略有誤差)\r\n<h4>營養標示</h4>\r\n<h5>每一份量 10 公克 本包裝含 18 份</h5>\r\n<ul>\r\n \t<li>熱量 37.7 大卡</li>\r\n \t<li>蛋白質 0.4 公克</li>\r\n \t<li>脂肪 0.1 公克</li>\r\n \t<li>飽和脂肪 0.0 公克</li>\r\n \t<li>反式脂肪 0.0</li>\r\n \t<li>膽固醇 0.0</li>\r\n \t<li>碳水化合物 8.7 公克</li>\r\n \t<li>糖 7.4 公克</li>\r\n \t<li>鈉 13.2 毫克</li>\r\n</ul>	<h4>保存期限與保存方式</h4>\r\n未開封置於乾燥陰涼處可保存半年\r\n\r\n開封後請盡速食用\r\n\r\n若受潮可置於冷凍庫，取出後不用退冰即可恢復酥脆口感！\r\n<h4>公益存款</h4>\r\n您的每一筆消費都會累積為您的公益存款\r\n\r\n每購買一包三果日麗，會捐出約 10元*\r\n\r\n*以原價試算，詳細說明請見<a href="https://realreal.cc/membership/">會員制度</a>\r\n<h4>一句我們想說的話</h4>\r\n不是每天都需要特別計畫，\r\n\r\n有果香、有陽光，\r\n\r\n這一天，就已經很日麗了。\r\n\r\n<a href="https://realreal.cc/freeze-dried-space-fruit/" target="_blank" rel="noopener">推薦閱讀 | 凍乾水果與傳統果乾的差別</a>
c96a539c-62f1-4060-8066-136d5c7e5891	雙果日和｜無花果 x 蘋果	fig_apple	\\r\\n 無化工添加物 \\r\\n 無動物成分．vegan \\r\\n 高度保留水果之原型、風味，與營養價值 \\r\\n 單吃香脆，覆水還原濕潤的口感 \\r\\n 可搭配穀片、優格、沙拉，加入茶飲或高蛋白飲中享用 \\r\\n 淨重 50公克\\r\\n高 x 寬 x 底 18 x 14 x 6 公分\\r\\n(手工包裝與測量，略有誤差) \\r\\n	133ad6b1-ada9-4add-9d65-8bf99cf31355	["https://realreal.cc/wp-content/uploads/2025/12/果乾包裝主圖_無花果_600x600.jpg"]	t	2026-03-27 08:03:18.669694+00	'14':39B '18':37B '50公克':30B '6':41B 'n':6B,9B,13B,18B,22B,28B,44B,48B 'n高':32B 'r':5B,8B,12B,17B,21B,27B,31B,43B,47B 'vegan':11B 'x':3A,33B,35B,38B,40B '優格':24B '公分':42B '加入茶飲或高蛋白飲中享用':26B '可搭配穀片':23B '單吃香脆':19B '寬':34B '底':36B '手工包裝與測量':45B '沙拉':25B '淨重':29B '無動物成分':10B '無化工添加物':7B '無花果':2A '略有誤差':46B '與營養價值':16B '蘋果':4A '覆水還原濕潤的口感':20B '雙果日和':1A '風味':15B '高度保留水果之原型':14B	<blockquote>\r\n<h5 class="p1"><em>無花果的溫潤深甜，蘋果的清爽果酸，恰好的平衡，獻給開始懂得照顧自己的人。</em></h5>\r\n<h5 class="p2"><em>天然維生素與抗氧化營養，為身體注入自然能量。</em></h5>\r\n<h5><em>可單吃、搭配穀片、優格、沙拉，加入茶飲或高蛋白飲中享用。</em></h5>\r\n&nbsp;</blockquote>\r\n<ul>\r\n \t<li>無動物成分．vegan</li>\r\n \t<li>無化工添加物</li>\r\n \t<li>高度保留水果之原型、風味，與營養價值</li>\r\n \t<li>單吃香脆，覆水還原濕潤的口感</li>\r\n</ul>\r\n<h4>檢測證書</h4>\r\n無蔗糖素、無甜菊糖、無糖精鈉、無環己基(代)黃硫胺酸鈉、無rebaudioside b\r\n\r\n<strong>食品業者登錄字號：A-202321704-00000-8</strong>	<h4>成分</h4>\r\n無花果、蘋果、蔗糖\r\n<h4>過敏原</h4>\r\n無花果\r\n<h4>規格</h4>\r\n淨重 50公克\r\n(無花果與蘋果體積較大，\r\n因此同樣規格但重量較其他水果輕)\r\n高 x 寬 x 底 18 x 14 x 6 公分\r\n(手工包裝與測量，略有誤差)\r\n<h4>營養標示</h4>\r\n<h5>每一份量 10 公克 本包裝含 7 份</h5>\r\n<ul>\r\n \t<li>熱量 37.4 大卡</li>\r\n \t<li>蛋白質 0.3 公克</li>\r\n \t<li>脂肪 0.2 公克</li>\r\n \t<li>飽和脂肪 0.0 公克</li>\r\n \t<li>反式脂肪 0.0</li>\r\n \t<li>膽固醇 0.0</li>\r\n \t<li>碳水化合物 8.7 公克</li>\r\n \t<li>糖 5.3 公克</li>\r\n \t<li>鈉 1.3 毫克</li>\r\n</ul>	<h4>保存期限與保存方式</h4>\r\n未開封可保存半年，置於乾燥陰涼處\r\n\r\n開封後請盡速食用\r\n\r\n若受潮可置於冷凍庫，取出後不用退冰即可恢復酥脆口感！\r\n<h4>公益存款</h4>\r\n您的每一筆消費都會累積為您的公益存款\r\n\r\n每購買一包「雙果日和」，會捐出約 5元*\r\n\r\n*以原價試算，詳細說明請見<a href="https://realreal.cc/membership/">會員制度</a>\r\n<h4>一句我們想說的話</h4>\r\n不是每一天都要特別，\r\n\r\n有時，只要果實剛好、心情剛好，\r\n\r\n那就是最好的日和。\r\n\r\n<a href="https://realreal.cc/freeze-dried-space-fruit/" target="_blank" rel="noopener">推薦閱讀 | 凍乾水果與傳統果乾的差別</a>
116c7111-8547-4861-a3f3-475ee9e5157f	日麗和常｜果乾完整體驗組	fruit-set2	\\r\\n 一組三包，完整的果乾層次風味體驗 \\r\\n 無化工添加物 \\r\\n 無動物成分．vegan \\r\\n 高度保留水果之原型、風味，與營養價值 \\r\\n 單吃香脆，覆水還原濕潤的口感 \\r\\n 可搭配穀片、優格、沙拉，加入茶飲或蛋白飲中享用 \\r\\n 總淨重 320公克 \\r\\n	133ad6b1-ada9-4add-9d65-8bf99cf31355	["https://realreal.cc/wp-content/uploads/2025/12/蛋白粉隨身包_黑芝麻藍莓_600x600.jpg"]	t	2026-03-27 08:03:18.669694+00	'320公克':32B 'n':4B,8B,11B,15B,20B,24B,30B,34B 'r':3B,7B,10B,14B,19B,23B,29B,33B 'vegan':13B '一組三包':5B '優格':26B '加入茶飲或蛋白飲中享用':28B '可搭配穀片':25B '單吃香脆':21B '完整的果乾層次風味體驗':6B '日麗和常':1A '果乾完整體驗組':2A '沙拉':27B '無動物成分':12B '無化工添加物':9B '總淨重':31B '與營養價值':18B '覆水還原濕潤的口感':22B '風味':17B '高度保留水果之原型':16B	<blockquote>\r\n<h5 class="isSelectedEnd"><em>一次擁有誠真生活最完整的果乾風味層次：</em></h5>\r\n<ul data-spread="false">\r\n \t<li>\r\n<p class="isSelectedEnd"><em><strong>單果日常</strong>｜無花果</em></p>\r\n</li>\r\n \t<li>\r\n<p class="isSelectedEnd"><em><strong>雙果日和</strong>｜水蜜桃 x 蘋果</em></p>\r\n</li>\r\n \t<li>\r\n<p class="isSelectedEnd"><em><strong>三果日麗</strong>｜草莓 x 蘋果 x 哈密瓜</em><em>\r\n</em></p>\r\n</li>\r\n</ul>\r\n<h5><em>從簡單到豐富，</em>\r\n<em>從安定到開朗，</em>\r\n<em>一組就能涵蓋整個生活節奏。</em></h5>\r\n&nbsp;</blockquote>\r\n<ul>\r\n \t<li>無動物成分．vegan</li>\r\n \t<li>無化工添加物</li>\r\n \t<li>天然維生素與抗氧化營養</li>\r\n \t<li>高度保留水果之原型、風味，與營養價值</li>\r\n \t<li>單吃香脆，覆水還原濕潤的口感</li>\r\n \t<li>可搭配穀片、優格、沙拉，加入茶飲或高蛋白飲中享用</li>\r\n \t<li><strong><strong>最划算的組合</strong></strong>，適合家庭、聚會分享</li>\r\n</ul>	<h4>檢測證書</h4>\r\n無蔗糖素、無甜菊糖、無糖精鈉、\r\n\r\n無環己基(代)黃硫胺酸鈉、\r\n\r\n無rebaudioside b\r\n<h4>成分與營養標示</h4>\r\n請見下列商品連結\r\n\r\nhttps://realreal.cc/product/strawberry_apple_melon/\r\n\r\n[embed]https://realreal.cc/product/fig/[/embed]\r\n\r\n[embed]https://realreal.cc/product/peach_apple/[/embed]\r\n\r\n<strong>食品業者登錄字號：A-202321704-00000-8</strong>	<h4>保存期限與保存方式</h4>\r\n未開封置於乾燥陰涼處可保存半年\r\n\r\n開封後請盡速食用\r\n\r\n若受潮可置於冷凍庫，取出後不用退冰即可恢復酥脆口感！\r\n<h4>公益存款</h4>\r\n您的每一筆消費都會累積為您的公益存款\r\n\r\n每購買一組「日麗和常」，會捐出約 22元*\r\n\r\n*以原價試算，詳細說明請見<a href="https://realreal.cc/membership/">會員制度</a>\r\n<h4>一句我們想說的話</h4>\r\n把喜歡的果香留一點，\r\n\r\n分享給身邊重要的人。\r\n\r\n日子，就這樣慢慢變亮。\r\n\r\n<a href="https://realreal.cc/freeze-dried-space-fruit/" target="_blank" rel="noopener">推薦閱讀 | 凍乾水果與傳統果乾的差別</a>
ef8762c8-eac8-4560-a0fb-e15ad0163da4	誠真心意 | 營養任務禮	lightgift__trashed	\\r\\n 送的不只是禮物，還是一份關心的提醒 \\r\\n 這份 營養任務禮 ，內含： \\r\\n \\r\\n ✔ 10 入 隨身包 (50 公克) ✔ 品牌星星帆布小袋（可重複使用） ✔ 心意小卡 1 張（兩款擇一） \\r\\n\\r\\n \\r\\n 由多元的植物營養補足人體所需的 完整胺基酸 \\r\\n 每一份 50 公克約含 21-24 公克蛋白質 \\r\\n 無動物成分 · vegan \\r\\n 無額外添加糖、香料、色素、防腐劑 \\r\\n 會員折扣後 567 - 598 元 / 組 \\r\\n	72d7314f-9bed-42e3-ad0b-3719fff40e4c	["https://realreal.cc/wp-content/uploads/2025/12/蛋白粉隨身包_黑芝麻藍莓_600x600.jpg"]	f	2026-03-27 08:03:18.669694+00	'-24':41B '1':24B '10':16B '21':40B '50':19B,38B '567':56B '598':57B 'n':4B,8B,13B,15B,28B,30B,32B,36B,44B,48B,54B,61B 'r':3B,7B,12B,14B,27B,29B,31B,35B,43B,47B,53B,60B 'vegan':46B '元':58B '入':17B '內含':11B '兩款擇一':26B '公克':20B '公克約含':39B '公克蛋白質':42B '可重複使用':22B '品牌星星帆布小袋':21B '完整胺基酸':34B '張':25B '心意小卡':23B '會員折扣後':55B '每一份':37B '無動物成分':45B '無額外添加糖':49B '營養任務禮':2A,10B '由多元的植物營養補足人體所需的':33B '組':59B '色素':51B '誠真心意':1A '送的不只是禮物':5B '這份':9B '還是一份關心的提醒':6B '防腐劑':52B '隨身包':18B '香料':50B	\N	\N	\N
1f4085e3-14c7-45c7-a71f-69372297a0c7	誠真心意 | 滋養禮盒	giftset	▪️剛剛好的體貼，讓收禮的人感受到：你真的有想到我 \\r\\n\\r\\n▪️由多元的植物營養補足人體所需的 完整胺基酸 \\r\\n\\r\\n▪️每一份 50 公克約含 20 - 24 公克蛋白質 \\r\\n\\r\\n ▪️無添加糖、香料、色素、防腐劑，純素 \\r\\n\\r\\n▪️這份 滋養禮盒 ，內含：\\r\\n ✨ 植物蛋白粉 5 入 ▪️初心原味 | 誠之初 ▪️可可 | 哥守護你 ▪️果真草莓 | 童心未泯 ▪️黑芝麻藍莓 | 深邃之美 ▪️杏仁火龍果 | 自由之心\\r\\n🍓 凍乾水果 ×1 💌 心意小卡 ×1（款式可選）\\r\\n 👜 禮盒提袋 x 1\\r\\n\\r\\n▪️送出這份禮盒，累積 17 元公益存款	0c27248d-807f-43a0-9a25-a50fc2bea69a	["https://realreal.cc/wp-content/uploads/2026/02/禮盒-600x600.jpg"]	t	2026-03-27 08:03:18.669694+00	'1':56B,58B,64B '17':71B '20':19B '24':20B '5':41B '50':17B 'n':7B,9B,13B,15B,23B,25B,32B,34B,39B,54B,61B,66B,68B 'r':6B,8B,12B,14B,22B,24B,31B,33B,38B,53B,60B,65B,67B 'x':63B '你真的有想到我':5B '元公益存款':72B '入':42B '內含':37B '公克約含':18B '公克蛋白質':21B '凍乾水果':55B '初心原味':43B '剛剛好的體貼':3B '可可':45B '哥守護你':46B '完整胺基酸':11B '心意小卡':57B '杏仁火龍果':51B '果真草莓':47B '植物蛋白粉':40B '款式可選':59B '每一份':16B '深邃之美':50B '滋養禮盒':2A,36B '無添加糖':26B '由多元的植物營養補足人體所需的':10B '禮盒提袋':62B '童心未泯':48B '純素':30B '累積':70B '自由之心':52B '色素':28B '誠之初':44B '誠真心意':1A '讓收禮的人感受到':4B '送出這份禮盒':69B '這份':35B '防腐劑':29B '香料':27B '黑芝麻藍莓':49B	<blockquote>\r\n<h5 data-start="130" data-end="142"><em>五種口味，代表五種心意。\r\n每一個都是誠真精選，\r\n讓收禮的人無論哪一口都喝得到誠意</em><em>。</em></h5>\r\n<h5 data-start="172" data-end="212"><em>誠真替你把關內容、比例與質感，</em><br data-start="185" data-end="188" /><em>讓收禮的人感受到：</em><br data-start="197" data-end="200" /><em><strong data-start="200" data-end="212">你真的有想過我</strong></em></h5>\r\n</blockquote>\r\n<h4></h4>\r\n<h4><strong>為什麼選這個組合？</strong></h4>\r\n市場上常見的健康禮盒仍有太甜或是成分複雜的狀況，送給長輩或在意健康的人往往不放心。\r\n\r\n誠真禮盒完全無添加糖、無色素香料，富含膳食纖維，吃得到真實果粒。\r\n\r\n成分單純透明，口味有創意，全年齡友善，銀髮族、術後恢復者皆可安心食用。\r\n\r\n這份<strong>滋養禮盒</strong>，內含：\r\n\r\n✨<strong>植物蛋白粉</strong> 5 入<br data-start="242" data-end="245" />  ✔ 初心原味 | 誠之初<br data-start="250" data-end="253" />  ✔ 可可 | 哥守護你<br data-start="256" data-end="259" />  ✔ 果真草莓 | 童心未泯<br data-start="264" data-end="267" />  ✔ 黑芝麻藍莓 | 深邃之美<br data-start="273" data-end="276" />  ✔ 杏仁火龍果 | 自由之心\r\n<p data-start="286" data-end="344">🍓 <strong>凍乾水果</strong> ×1（口味可選，下單備註）<br data-start="300" data-end="303" />💌 <strong>心意小卡</strong> ×1（款式可選）</p>\r\n\r\n<h4><strong>適合你，如果你是⋯⋯</strong></h4>\r\n▪️送長輩（補充蛋白質、好吞嚥、無糖）\r\n\r\n▪️術後康復探望（溫和補給）\r\n\r\n▪️送健身朋友（植物蛋白、無乳製品）\r\n\r\n▪️公司節慶伴手禮（質感包裝、台灣製）\r\n\r\n▪️送有飲食要求的朋友（純素、無過多添加物）。\r\n<h5>若單品分開購買：</h5>\r\n蛋白粉5包 $335 ＋ 凍乾水果 $200 ＝ $535\r\n這份禮盒 $730，多的 $195 是：\r\n\r\n▪️五口味精選搭配，不用你煩惱選哪個\r\n\r\n▪️高質感手工包裝，禮盒直接可送\r\n\r\n▪️心意小卡替你說出想說的話\r\n\r\n▪️一盒送出去，對方感受到的是滿滿的心意	<h4>規格</h4>\r\n<strong>植物蛋白粉 隨身包 </strong>\r\n淨重 50公克\r\n長 x 寬 15 x 10 公分\r\n\r\n<strong>雙果日和 或 單果日常 系列果乾</strong>\r\n淨重 50 - 70 公克\r\n高 x 寬 x 底 18 x 14 x 6 公分\r\n<h4>檢測證書</h4>\r\n<strong>植物高蛋白粉：</strong>\r\n無沙門氏桿菌、無金黃色葡萄球菌\r\n\r\n<strong>凍乾水果：</strong>\r\n無農藥殘留、無蔗糖素、無甜菊糖、\r\n無糖精鈉、無環己基(代)黃硫胺酸鈉、無Rebaudioside B\r\n<h4>成分與營養標示</h4>\r\n詳細資訊請見下列商品連結\r\n\r\nhttps://realreal.cc/product/vegan-protein-powder-original/\r\n\r\nhttps://realreal.cc/product/cocoa/\r\n\r\nhttps://realreal.cc/product/vegan-protein-powder-stawberry/\r\n\r\nhttps://realreal.cc/product/vegan-protein-powder-almond-drawgonfruit/\r\n\r\nhttps://realreal.cc/product/vegan-protein-powder-sesame/\r\n<h4>過敏原</h4>\r\n黃豆、芝麻、杏仁，生產設備亦生產花生、堅果及麩質穀類製品\r\n\r\n<strong>食品業者登錄字號 A-202321704-00000-8</strong>\r\n\r\n<strong>產品投保旺旺友聯產物\r\n保單號碼1212第14PL0N000137</strong>	<h4>公益存款</h4>\r\n您的每一筆消費都會累積為您的公益存款\r\n\r\n每購買一組滋養禮盒，會捐出約 17 元*\r\n\r\n*詳細說明請見<a href="https://realreal.cc/membership/">會員制度</a>\r\n<h4><strong>為什麼選誠真的植物蛋白？</strong></h4>\r\n<strong>✔ 在地創新\r\n</strong>\r\n誠真邀請在地三十餘年的堅果穀粉專家，以植物為本、以真實食材為魂，將傳統的溫潤滋味化為現代的營養力\r\n\r\n<strong>✔ 完全蛋白質\r\n</strong>\r\n非基改大豆蛋白 ＋ 豌豆蛋白 ＋ 米蛋白三合一，提供人體所需的完整胺基酸\r\n\r\n<strong>✔ 五無\r\n</strong>\r\n無動物成分、無添加糖(亦無人工代糖)、無色素香料防腐劑，通過無沙門氏桿菌、無金黃色葡萄球菌雙重檢測\r\n\r\n<strong>✔ 台灣製造\r\n</strong>\r\n每一口都有誠意與初心\r\n\r\n<strong>✔ 良心創業\r\n</strong>\r\n品牌根於一念之善，誠真感謝每位有緣的你，在生活中的每一個選擇，一起善意不斷的你\r\n<h4>一句我們想說的話</h4>\r\n這一盒，替你把心意準備好，\r\n讓人記得：\r\n<strong data-start="192" data-end="209">你送的是心意，不只是禮物。</strong>\r\n\r\n&nbsp;\r\n\r\n<strong>推薦閱讀 |</strong> <a href="https://realreal.cc/protein-warning/">你的身體正在提醒你，蛋白質不足了嗎？</a>
89432b84-bd72-485f-81fd-8883663c2332	誠真生活禮袋．帆布環保袋 (小)	canvabag_s	\\r\\n \\r\\n 省略紙盒、取代紙袋 ，減少不必要包裝 \\r\\n \\r\\n \\r\\n 適合自用，也適合送禮的 永續選項 \\r\\n \\r\\n \\r\\n 素雅俐落，日常外出也能自然使用 \\r\\n \\r\\n 出差、登山、健身房——蛋白質隨時在身邊 \\r\\n	03c39b7a-3cbe-48a9-b050-4a3c97c94f99	["https://realreal.cc/wp-content/uploads/2025/12/Gemini_Generated_Image_jlivljlivljlivlj-processed-600x600.png"]	t	2026-03-27 08:03:18.669694+00	'n':5B,7B,12B,14B,16B,21B,23B,25B,29B,31B,37B 'r':4B,6B,11B,13B,15B,20B,22B,24B,28B,30B,36B '也適合送禮的':18B '健身房':34B '出差':32B '取代紙袋':9B '小':3A '帆布環保袋':2A '日常外出也能自然使用':27B '永續選項':19B '減少不必要包裝':10B '登山':33B '省略紙盒':8B '素雅俐落':26B '蛋白質隨時在身邊':35B '誠真生活禮袋':1A '適合自用':17B	<h4 class="isSelectedEnd"><em>十包蛋白質，剛剛好的重量。</em></h4>\r\n<p class="isSelectedEnd"><em>放進包包的角落，忘記它在那裡，</em>\r\n<em> 需要的時候，它就在。</em></p>\r\n\r\n<h4>規格</h4>\r\n<ul data-spread="false">\r\n \t<li>\r\n<p class="isSelectedEnd"><strong>寬 20 公分 × 高 25 公分 × 底 8 公分 </strong>\r\n手提把高 24 公分\r\n(手工測量，略有誤差，尺寸以實際商品為主)</p>\r\n</li>\r\n</ul>\r\n<ul>\r\n \t<li>可手提亦可肩背，輕巧舒適</li>\r\n</ul>\r\n<h4>適合誰</h4>\r\n<ul data-spread="false">\r\n \t<li>\r\n<p class="isSelectedEnd">想減少包裝、但不犧牲質感的人</p>\r\n</li>\r\n \t<li>\r\n<p class="isSelectedEnd">樂於分享，希望送禮同時，也傳遞價值選擇的人</p>\r\n</li>\r\n \t<li>\r\n<p class="isSelectedEnd">把永續視為生活一部分的人</p>\r\n</li>\r\n</ul>\r\n&nbsp;	<h4><em>剛好放下十包隨身包。</em></h4>\r\n<em>這個尺寸，是刻意的——剛好配著十日補給包，放進去，背出門，今天的補給就搞定了。</em>\r\n\r\n<em> 出差不忘補蛋白質、健身包裡多了一個好夥伴、登山行囊裡的輕量選擇。</em>\r\n\r\n用誠真的袋子裝誠真的補給，這組合本來就應該在一起。\r\n<h4>送禮可裝內容參考</h4>\r\n<ul>\r\n \t<li class="isSelectedEnd">夾鏈袋裝高蛋白粉 x 1 + 隨身包 x 2</li>\r\n \t<li>高蛋白粉隨身包 x 10</li>\r\n \t<li>大包果乾 x 1</li>\r\n</ul>	<h4>公益存款</h4>\r\n您的每一筆消費都會累積為您的公益存款\r\n\r\n每購買一只誠真生活環保袋，會捐出約 2元*\r\n\r\n*以原價試算，詳細說明請見<a href="https://realreal.cc/membership/">會員制度</a>\r\n<h4>我們的小堅持</h4>\r\n少一個紙盒紙袋，\r\n\r\n多一次重複使用的可能。\r\n\r\n這是我們一起，對世界溫柔的一步。\r\n<h6>建議與蛋白粉組合包一同下單，享超商取貨免運優惠</h6>
309a341e-48b6-4d4a-8d48-c0ac9e6bfdfd	穩定補給 | 初心原味30天補給組	protein-10pack-original__trashed	▪️初心原味植物蛋白 × 30包\\r\\n\\r\\n▪️每包含 蛋白質 21.5公克 \\r\\n\\r\\n▪️每包均攤約 46元 ，比單包購買便宜 9 元，超取宅配免運\\r\\n\\r\\n▪️購買此組合，將累積約 32元公益存款 \\r\\n\\r\\n▪️本商品為優惠組合定價，不與會員折扣及折扣碼合併使用	72d7314f-9bed-42e3-ad0b-3719fff40e4c	["https://realreal.cc/wp-content/uploads/2025/12/蛋白情境圖原味600x600-1.jpg"]	f	2026-03-27 08:03:18.669694+00	'21.5':11B '30包':4B '32元公益存款':29B '46元':18B '9':20B 'n':6B,8B,14B,16B,24B,26B,31B,33B 'r':5B,7B,13B,15B,23B,25B,30B,32B '不與會員折扣及折扣碼合併使用':35B '元':21B '公克':12B '初心原味30天補給組':2A '初心原味植物蛋白':3B '將累積約':28B '本商品為優惠組合定價':34B '每包含':9B '每包均攤約':17B '比單包購買便宜':19B '穩定補給':1A '蛋白質':10B '購買此組合':27B '超取宅配免運':22B	\N	\N	\N
515d8f6e-a1dd-4788-b3e1-9df56d050960	入門推薦 | 初心探索10天隨身組合	protein-10pack-sampler	▪️ 原味 × 5包 ＋ 自選風味× 5包 ，一次找到最愛的那一口\\r\\n\\r\\n ▪️ 請於 備註填寫自選之口味，5包 可混搭：\\r\\n1. 可可、2. 草莓、3. 芝麻藍莓、4. 杏仁火龍果\\r\\n若未指定，將依當日庫存搭配，每種口味至少各一包\\r\\n\\r\\n▪️搭配 品牌帆布袋 ，袋著走，送禮更好看\\r\\n\\r\\n▪️超取 免運 ，不用拚單\\r\\n\\r\\n▪️本商品為優惠組合，不與會員折扣及折扣碼合併使用	0c27248d-807f-43a0-9a25-a50fc2bea69a	["https://realreal.cc/wp-content/uploads/2025/12/蛋白粉隨身包_黑芝麻藍莓_600x600.jpg"]	t	2026-03-27 08:03:18.669694+00	'2':19B '3':21B '4':23B '5包':4B,6B,14B 'n':9B,11B,30B,32B,38B,40B,45B,47B 'n1':17B 'n若未指定':26B 'r':8B,10B,16B,25B,29B,31B,37B,39B,44B,46B '一次找到最愛的那一口':7B '不用拚單':43B '不與會員折扣及折扣碼合併使用':49B '備註填寫自選之口味':13B '免運':42B '入門推薦':1A '初心探索10天隨身組合':2A '原味':3B '可可':18B '可混搭':15B '品牌帆布袋':34B '將依當日庫存搭配':27B '搭配':33B '本商品為優惠組合':48B '杏仁火龍果':24B '每種口味至少各一包':28B '自選風味':5B '芝麻藍莓':22B '草莓':20B '袋著走':35B '請於':12B '超取':41B '送禮更好看':36B	<blockquote>\r\n<h5 class="p1"><em>第一次，就喝到自己喜歡的那一口。</em></h5>\r\n<h5 class="p1"><em>不用賭，不用猜—— 原味打底，口味探路，</em>\r\n<em>十天找到屬於你的節奏。</em></h5>\r\n</blockquote>\r\n&nbsp;\r\n<h5>不確定哪個口味適合自己？\r\n<strong>這組就是為你設計的。</strong></h5>\r\n<strong>原味 × 5包</strong>，是最安全的起點，\r\n\r\n豆香柔順、不甜不膩，\r\n讓身體先習慣植物蛋白的節奏。\r\n\r\n<strong>其他風味 × 5包</strong>，由你自選——\r\n\r\n可可的深邃、芝麻藍莓的細膩、\r\n草莓的清甜、杏仁火龍果的自由，\r\n每一種都是真實的食材，沒有人工香料。\r\n\r\n十天喝完，你自然知道下次要選哪一個。\r\n\r\n&nbsp;\r\n<h4><strong>適合你，如果你是⋯⋯</strong></h4>\r\n▪️第一次購買誠真、想多方嘗試的你\r\n\r\n▪️想換換口味、擺脫喝膩的困境\r\n\r\n▪️想送禮但不確定對方口味偏好\r\n\r\n▪️第一次接觸植物蛋白補充品\r\n\r\n&nbsp;\r\n\r\n<strong>食品業者登錄字號 A-202321704-00000-8</strong>\r\n\r\n<strong>產品投保旺旺友聯產物\r\n保單號碼1212第14PL0N000137</strong>	<h4><strong>如何飲用？</strong></h4>\r\n直接加水(水溫 20 – 60度)沖泡即可飲用\r\n\r\n水粉比例建議約 1 : 6 – 8，視個人口味，調整濃淡\r\n<h4>💡小祕訣</h4>\r\n✔ 加入小麥胚芽(維生素E來源)、奇亞籽(omega-3來源)等配料，立刻為自己和家人準備超級營養的早餐或點心\r\n\r\n✔ 用燕麥奶取代水，更增甜度與風味\r\n<h4>檢測證書</h4>\r\n<strong>植物高蛋白粉：\r\n</strong>\r\n無沙門氏桿菌、無金黃色葡萄球菌\r\n\r\n<strong>凍乾水果：\r\n</strong>\r\n無農藥殘留、無蔗糖素、無甜菊糖、\r\n無糖精鈉、無環己基(代)黃硫胺酸鈉、無Rebaudioside B\r\n<h4>成分與營養標示</h4>\r\n詳細資訊請見下列商品連結\r\n\r\nhttps://realreal.cc/product/vegan-protein-powder-original/\r\n\r\nhttps://realreal.cc/product/cocoa/\r\n\r\nhttps://realreal.cc/product/vegan-protein-powder-stawberry/\r\n\r\nhttps://realreal.cc/product/vegan-protein-powder-almond-drawgonfruit/\r\n\r\nhttps://realreal.cc/product/vegan-protein-powder-sesame/\r\n<h4>過敏原</h4>\r\n黃豆、芝麻、杏仁，生產設備亦生產花生、堅果及麩質穀類製品\r\n\r\n&nbsp;	<h4>規格</h4>\r\n淨重 50公克\r\n\r\n長 x 寬 15 x 10 公分\r\n<h4>公益存款</h4>\r\n購買此組合，將累積 12<span class="opt">元公益存款</span>，陪著誠真繼續走向需要幫助的角落。\r\n\r\n詳細說明請見<a href="https://realreal.cc/membership/">會員制度</a>\r\n<h4><strong>為什麼選誠真的植物蛋白？</strong></h4>\r\n<strong>✔ 在地創新\r\n</strong>\r\n誠真邀請在地三十餘年的堅果穀粉專家，以植物為本、以真實食材為魂，將傳統的溫潤滋味化為現代的營養力\r\n\r\n<strong>✔ 完全蛋白質\r\n</strong>\r\n非基改大豆蛋白 ＋ 豌豆蛋白 ＋ 米蛋白三合一，提供人體所需的完整胺基酸\r\n\r\n<strong>✔ 五無\r\n</strong>\r\n無動物成分、無添加糖(亦無人工代糖)、無色素香料防腐劑，通過無沙門氏桿菌、無金黃色葡萄球菌雙重檢測\r\n\r\n<strong>✔ 台灣製造\r\n</strong>\r\n每一口都有誠意與初心\r\n\r\n<strong>✔ 良心創業\r\n</strong>\r\n品牌根於一念之善，誠真感謝每位有緣的你，在生活中的每一個選擇，一起善意不斷的你\r\n<h4>保存期限與保存方式</h4>\r\n未開封置於乾燥陰涼處可保存 12個月\r\n\r\n開封後請盡速食用\r\n\r\n<strong>推薦閱讀 |</strong> <a href="https://realreal.cc/protein-warning/">你的身體正在提醒你，蛋白質不足了嗎？</a>
84b37d38-f43b-4240-8ef8-46da41650310	果真草莓 | 300克純素凍乾水果蛋白粉 | 童心未泯	vegan-protein-st300	▪️ 全成分：非基改黃豆、凍乾草莓、大豆蛋白、豌豆蛋白、米蛋白\\r\\n\\r\\n ▪️ 由多元的植物營養補足人體所需的 完整胺基酸 \\r\\n\\r\\n ▪️ 每一份 50 公克含 21.4 公克蛋白質 \\r\\n\\r\\n ▪️無添加糖、色素、香料、防腐劑，無動物成分 · vegan \\r\\n\\r\\n▪️每一口都吃得到真實果粒\\r\\n\\r\\n▪️會員折扣後，1 入夾鏈袋裝約為 333 - 351 元\\r\\n\\r\\n▪️購買一袋，將累積 8 元公益存款	0c27248d-807f-43a0-9a25-a50fc2bea69a	["https://realreal.cc/wp-content/uploads/2025/12/蛋白情境圖草莓600x600.jpg"]	t	2026-03-27 08:03:18.669694+00	'1':45B '21.4':23B '300克純素凍乾水果蛋白粉':2A '333':47B '351':48B '50':21B '8':56B 'n':11B,13B,17B,19B,26B,28B,36B,38B,41B,43B,51B,53B 'r':10B,12B,16B,18B,25B,27B,35B,37B,40B,42B,50B,52B 'vegan':34B '元':49B '元公益存款':57B '入夾鏈袋裝約為':46B '全成分':4B '公克含':22B '公克蛋白質':24B '凍乾草莓':6B '大豆蛋白':7B '完整胺基酸':15B '將累積':55B '會員折扣後':44B '果真草莓':1A '每一份':20B '每一口都吃得到真實果粒':39B '無動物成分':33B '無添加糖':29B '由多元的植物營養補足人體所需的':14B '童心未泯':3A '米蛋白':9B '色素':30B '豌豆蛋白':8B '購買一袋':54B '防腐劑':32B '非基改黃豆':5B '香料':31B	<blockquote>\r\n<h5 class="p1"><em>酸甜恰好，像早晨第一縷陽光。</em></h5>\r\n<h5 class="p2"><em>選用凍乾草莓碎片，入口可嘗果粒香，溫柔喚醒心裡的快樂小孩。</em></h5>\r\n</blockquote>\r\n<ul>\r\n \t<li>無動物成分</li>\r\n \t<li>無額外添加糖</li>\r\n \t<li>無膽固醇與反式脂肪</li>\r\n \t<li>富含膳食纖維</li>\r\n \t<li>多元的植物營養建構完整胺基酸譜系</li>\r\n</ul>\r\n<h4><strong>每份含 21.4 公克蛋白質，相比傳統飲品如何？</strong></h4>\r\n一般市售草莓口味蛋白飲幾乎都依賴人工草莓香料與大量添加糖來呈現風味。\r\n\r\n誠真草莓以真實凍乾草莓碎片入料，每口都吃得到果粒，完全不含人工香料，糖分只來自草莓本身的果糖，不是加工甜味。\r\n<h4><strong>適合你，如果你是⋯⋯</strong></h4>\r\n<ul>\r\n \t<li>想讓補充蛋白質變得有趣</li>\r\n \t<li>親子共飲（長輩或小孩都能接受的輕甜口感）</li>\r\n \t<li>運動後想喝帶點果香的補給品</li>\r\n \t<li>純素飲食者</li>\r\n \t<li>銀髮族</li>\r\n \t<li>術後恢復期需要好心情與溫和蛋白質來源</li>\r\n \t<li>想要嚐試單純好喝，不過甜的補充品</li>\r\n \t<li>生活節奏緊湊，但也想吃好照顧自己</li>\r\n</ul>\r\n<h4><strong>如何飲用？</strong></h4>\r\n酸甜清爽，直接加水(水溫 20 – 60度)沖泡即可飲用\r\n\r\n水粉比例建議約 1 : 6 – 8，視個人口味，調整濃淡\r\n<h4>💡小祕訣</h4>\r\n✔ 加入小麥胚芽(維生素E來源)、奇亞籽(omega-3來源)等配料，立刻為自己和家人準備超級營養的早餐或點心\r\n\r\n✔ 用燕麥奶取代水，更增甜度與風味\r\n\r\n&nbsp;	<h4>成分</h4>\r\n非基改黃豆、凍乾草莓、大豆蛋白、豌豆蛋白、麥芽糊精、米蛋白\r\n<h4>過敏原</h4>\r\n黃豆，生產設備亦生產芝麻、花生、堅果及麩質穀類製品\r\n<h4>檢測證書</h4>\r\n無沙門氏桿菌\r\n無金黃色葡萄球菌\r\n<h4>規格</h4>\r\n隨身包 淨重 50公克\r\n長 x 寬 15 x 10 公分\r\n\r\n夾鏈袋 淨重 300公克\r\n高 x 寬 x 底 24 x 17 x 6 公分\r\n<h4>營養標示</h4>\r\n<h5>每一份量 50 公克</h5>\r\n<ul>\r\n \t<li>熱量 195.4 大卡</li>\r\n \t<li>蛋白質 21.4 公克</li>\r\n \t<li>脂肪 4.8 公克</li>\r\n \t<li>飽和脂肪 0.8 公克</li>\r\n \t<li>反式脂肪 0.0</li>\r\n \t<li>膽固醇 0.0</li>\r\n \t<li>碳水化合物 19.0 公克</li>\r\n \t<li>糖 9.8 公克</li>\r\n \t<li>膳食纖維 4.6 公克</li>\r\n \t<li>鈉 235.0 毫克</li>\r\n \t<li>鈣 1.3 毫克</li>\r\n \t<li>鐵 0.2 毫克</li>\r\n</ul>\r\n<strong>食品業者登錄字號 A-202321704-00000-8</strong>\r\n\r\n<strong>產品投保旺旺友聯產物\r\n保單號碼1212第14PL0N000137</strong>	<h4>公益存款</h4>\r\n您的每一筆消費都會累積為您的公益存款\r\n\r\n每購買一包夾鏈袋，會捐出約 8元*\r\n\r\n*以原價試算，詳細說明請見<a href="https://realreal.cc/membership/">會員制度</a>\r\n<h4><strong>為什麼選誠真的植物蛋白？</strong></h4>\r\n<strong>✔ 在地創新\r\n</strong>\r\n誠真邀請在地三十餘年的堅果穀粉專家，以植物為本、以真實食材為魂，將傳統的溫潤滋味化為現代的營養力\r\n\r\n<strong>✔ 完全蛋白質\r\n</strong>\r\n非基改大豆蛋白 ＋ 豌豆蛋白 ＋ 米蛋白三合一，提供人體所需的完整胺基酸\r\n\r\n<strong>✔ 五無\r\n</strong>\r\n無動物成分、無添加糖(亦無人工代糖)、無色素香料防腐劑，通過無沙門氏桿菌、無金黃色葡萄球菌雙重檢測\r\n\r\n<strong>✔ 台灣製造\r\n</strong>\r\n每一口都有誠意與初心\r\n\r\n<strong>✔ 良心創業\r\n</strong>\r\n品牌根於一念之善，誠真感謝每位有緣的你，在生活中的每一個選擇，一起善意不斷的你\r\n<h4>保存期限與保存方式</h4>\r\n未開封置於乾燥陰涼處可保存 12個月\r\n\r\n開封後請盡速食用\r\n\r\n&nbsp;\r\n\r\n<strong>推薦閱讀 |</strong> <a href="https://realreal.cc/faq-vegan-protein-powder/">喝植物高蛋白要注意甚麼？什麼人不適合喝？常見問題一次全部告訴你</a>
71766468-22df-4782-879d-5df4821adf5d	可可｜300克純素植物蛋白粉｜哥守護你	vegan-protein-ca300	▪️全成分：非基改黃豆、大豆蛋白、可可粉、豌豆蛋白、小麥纖維、米蛋白\\r\\n\\r\\n▪️由多元的植物營養補足人體所需的 完整胺基酸 \\r\\n\\r\\n▪️每一份 50 公克含 24.1 公克蛋白質 \\r\\n\\r\\n ▪️無添加糖、色素、香料、防腐劑，無動物成分 · vegan \\r\\n\\r\\n▪️每一口都吃得到真實果粒\\r\\n\\r\\n▪️會員折扣後，1 入夾鏈袋裝約為 333 - 351 元\\r\\n\\r\\n▪️購買一袋，將累積 8 元公益存款	0c27248d-807f-43a0-9a25-a50fc2bea69a	["https://realreal.cc/wp-content/uploads/2025/12/蛋白情境圖可可600x600.jpg"]	t	2026-03-27 08:03:18.669694+00	'1':46B '24.1':24B '300克純素植物蛋白粉':2A '333':48B '351':49B '50':22B '8':57B 'n':12B,14B,18B,20B,27B,29B,37B,39B,42B,44B,52B,54B 'r':11B,13B,17B,19B,26B,28B,36B,38B,41B,43B,51B,53B 'vegan':35B '元':50B '元公益存款':58B '入夾鏈袋裝約為':47B '全成分':4B '公克含':23B '公克蛋白質':25B '可可':1A '可可粉':7B '哥守護你':3A '大豆蛋白':6B '完整胺基酸':16B '將累積':56B '小麥纖維':9B '會員折扣後':45B '每一份':21B '每一口都吃得到真實果粒':40B '無動物成分':34B '無添加糖':30B '由多元的植物營養補足人體所需的':15B '米蛋白':10B '色素':31B '豌豆蛋白':8B '購買一袋':55B '防腐劑':33B '非基改黃豆':5B '香料':32B	<blockquote>\r\n<h5 class="p1"><em>微苦之下藏著溫柔甜意。</em></h5>\r\n<h5 class="p2"><em>以純植物可可結合植物蛋白的細緻口感，讓疲憊的午後重拾安定與滿足。</em></h5>\r\n</blockquote>\r\n<ul>\r\n \t<li>無動物成分</li>\r\n \t<li>無額外添加糖</li>\r\n \t<li>無膽固醇與反式脂肪</li>\r\n \t<li>富含膳食纖維</li>\r\n \t<li>多元的植物營養建構完整胺基酸譜系</li>\r\n</ul>\r\n<h4><strong>每份含 24.1 公克蛋白質</strong><strong>（全系列最高） </strong><strong>，相比其他飲品如何？</strong></h4>\r\n市售可可口味蛋白飲常含動物乳清、人工香料與大量添加糖。\r\n\r\n誠真可可以純天然可可粉呈現真實苦甘風味，每份蛋白質 24.1 公克，無膽固醇，膳食纖維達 8.1 公克，跟同份量的可可粉相比（約 10 公克蛋白質）更高效。\r\n\r\n<strong>適合你，如果你是⋯⋯</strong>\r\n<ul>\r\n \t<li>健身族、運動後補給</li>\r\n \t<li>想攝取高蛋白又不想喝到人工甜味</li>\r\n \t<li>乳糖不耐者</li>\r\n \t<li>純素飲食者</li>\r\n \t<li>銀髮族</li>\r\n \t<li>術後恢復期需要溫和蛋白質來源</li>\r\n \t<li>想要嚐試單純好喝，不甜的補充品</li>\r\n \t<li>生活節奏緊湊，但也想吃好照顧自己</li>\r\n</ul>\r\n<h4><strong>如何飲用？</strong></h4>\r\n可可本身以苦味為主，口感厚實，直接加水沖泡(水溫 20 – 60度)即可飲用\r\n\r\n水粉比例建議約<strong> 1 : 8 – 10</strong>，視個人口味，調整濃淡\r\n<h4>💡小祕訣</h4>\r\n✔ 加入小麥胚芽(維生素E來源)、奇亞籽(omega-3來源)等配料，立刻為自己和家人準備超級營養的早餐或點心\r\n\r\n✔ 用燕麥奶取代水，搭配香蕉、凍乾水果一起吃，更增甜度與風味	<h4>成分</h4>\r\n非基改黃豆、大豆蛋白、可可粉、豌豆蛋白、小麥纖維、米蛋白\r\n<h4>過敏原</h4>\r\n黃豆，生產設備亦生產芝麻、花生、堅果及麩質穀類製品\r\n<h4>檢測證書</h4>\r\n無沙門氏桿菌\r\n無金黃色葡萄球菌\r\n<h4>規格</h4>\r\n隨身包 淨重 50公克\r\n長 x 寬 15 x 10 公分\r\n\r\n夾鏈袋 淨重 300公克\r\n高 x 寬 x 底 24 x 17 x 6 公分\r\n<h4>營養標示</h4>\r\n<h5>每一份量 50 公克</h5>\r\n<ul>\r\n \t<li>熱量 182.8 大卡</li>\r\n \t<li>蛋白質 24.1 公克</li>\r\n \t<li>脂肪 5.0 公克</li>\r\n \t<li>飽和脂肪 1.6 公克</li>\r\n \t<li>反式脂肪 0.0</li>\r\n \t<li>膽固醇 0.0</li>\r\n \t<li>碳水化合物 14.4 公克</li>\r\n \t<li>糖 1.9 公克</li>\r\n \t<li>膳食纖維 8.1 公克</li>\r\n \t<li>鈉 321.3 毫克</li>\r\n \t<li>鈣 10.3 毫克</li>\r\n \t<li>鐵 0.9 毫克</li>\r\n</ul>\r\n<strong>食品業者登錄字號：A-202321704-00000-8</strong>\r\n\r\n<strong>產品投保旺旺友聯產物\r\n保單號碼1212第14PL0N000137</strong>	<h4>公益存款</h4>\r\n您的每一筆消費都會累積為您的公益存款\r\n\r\n每購買一包夾鏈袋，會捐出約 8元*\r\n\r\n*以原價試算，詳細說明請見<a href="https://realreal.cc/membership/">會員制度</a>\r\n<h4>一句我們想說的話</h4>\r\n不甜膩的可可，適合每天。\r\n\r\n讓苦，有一個溫柔的去處。\r\n<h4><strong>為什麼選誠真的植物蛋白？</strong></h4>\r\n<strong>✔ 在地創新：</strong>\r\n誠真邀請在地三十餘年的堅果穀粉專家，以植物為本、以真實食材為魂，將傳統的溫潤滋味化為現代的營養力\r\n\r\n<strong>✔ 完全蛋白質：</strong>\r\n非基改大豆蛋白 ＋ 豌豆蛋白 ＋ 米蛋白三合一，提供人體所需的完整胺基酸\r\n\r\n<strong>✔ 五無：</strong>\r\n無動物成分、無添加糖(亦無人工代糖)、無色素香料防腐劑，通過無沙門氏桿菌、無金黃色葡萄球菌雙重檢測\r\n\r\n<strong>✔ 台灣製造：</strong>\r\n每一口都有誠意與初心\r\n\r\n<strong>✔ 良心創業：</strong>\r\n品牌根於一念之善，誠摯感謝每位有緣的你，在生活中的每一個選擇，一起善意不斷的你\r\n<h4>保存期限與保存方式</h4>\r\n未開封置於乾燥陰涼處可保存 12個月\r\n\r\n開封後請盡速食用\r\n\r\n<strong>推薦閱讀 |</strong> <a href="https://realreal.cc/faq-vegan-protein-powder/">喝植物高蛋白要注意甚麼？什麼人不適合喝？常見問題一次全部告訴你</a>
0edb1652-9aa4-44fc-a932-70ebd53ad76c	初心原味｜300克純素植物蛋白粉｜誠之初	vegan-protein-or300	▪️ 全成分：非基改黃豆、大豆蛋白、小麥纖維、豌豆蛋白、米蛋白\\r\\n\\r\\n ▪️ 由多元的植物營養補足人體所需的 完整胺基酸 \\r\\n\\r\\n ▪️ 每一份 50 公克含 21.5 公克蛋白質 \\r\\n\\r\\n ▪️無添加糖、色素、香料、防腐劑，無動物成分 · vegan \\r\\n\\r\\n▪️會員折扣後，1 入夾鏈袋裝約為 270 - 285 元\\r\\n\\r\\n▪️每購買一袋，將累積 6 元公益存款	0c27248d-807f-43a0-9a25-a50fc2bea69a	["https://realreal.cc/wp-content/uploads/2025/12/蛋白情境圖原味600x600-1.jpg"]	t	2026-03-27 08:03:18.669694+00	'1':40B '21.5':23B '270':42B '285':43B '300克純素植物蛋白粉':2A '50':21B '6':51B 'n':11B,13B,17B,19B,26B,28B,36B,38B,46B,48B 'r':10B,12B,16B,18B,25B,27B,35B,37B,45B,47B 'vegan':34B '元':44B '元公益存款':52B '入夾鏈袋裝約為':41B '全成分':4B '公克含':22B '公克蛋白質':24B '初心原味':1A '大豆蛋白':6B '完整胺基酸':15B '將累積':50B '小麥纖維':7B '會員折扣後':39B '每一份':20B '每購買一袋':49B '無動物成分':33B '無添加糖':29B '由多元的植物營養補足人體所需的':14B '米蛋白':9B '色素':30B '誠之初':3A '豌豆蛋白':8B '防腐劑':32B '非基改黃豆':5B '香料':31B	<blockquote>\r\n<h5 class="p1"><em>最簡單的成分，最純粹的力量。</em></h5>\r\n<h5 class="p2"><em>豆香柔順、口感細緻，回歸植物本味，喝出身體的安然與信任感。</em></h5>\r\n</blockquote>\r\n<ul>\r\n \t<li>無動物成分</li>\r\n \t<li>無額外添加糖</li>\r\n \t<li>無膽固醇與反式脂肪</li>\r\n \t<li>富含膳食纖維</li>\r\n \t<li>多元的植物營養建構完整胺基酸譜系</li>\r\n</ul>\r\n<h4><strong>每份含 21.5公克蛋白質，相比傳統飲品如何？</strong></h4>\r\n一杯傳統豆漿（約 240毫升）通常只含 6–8公克蛋白質，且多數含有添加糖。\r\n\r\n誠真原味每份（50公克）含 21.5公克蛋白質，相當於喝近 3 杯豆漿的蛋白質量，卻不帶多餘的糖分與熱量負擔。\r\n<h4><strong>適合你，如果你是⋯⋯</strong></h4>\r\n<ul>\r\n \t<li>乳糖不耐者</li>\r\n \t<li>純素飲食者</li>\r\n \t<li>銀髮族</li>\r\n \t<li>運動或日常補充蛋白質</li>\r\n \t<li>術後恢復期需要溫和蛋白質來源</li>\r\n \t<li>想要嚐試單純好喝，不過甜的補充品</li>\r\n \t<li>生活節奏緊湊，但也想吃好照顧自己</li>\r\n</ul>\r\n<h4><strong>如何飲用？</strong></h4>\r\n原味本身就自帶黃豆的天然甜味，直接加水沖泡(水溫 20 - 60度)即可飲用\r\n\r\n水粉比例建議約<strong> 1 : 6 - 8</strong>，視個人口味，調整濃淡\r\n<h4>💡小祕訣</h4>\r\n✔ 加入小麥胚芽(維生素E來源)、奇亞籽(omega-3來源)等配料，立刻為自己和家人準備超級營養的早餐或點心\r\n\r\n✔ 用燕麥奶取代水，更增甜度與風味\r\n\r\n&nbsp;	<h4>成分</h4>\r\n非基改黃豆、大豆蛋白、小麥纖維、豌豆蛋白、米蛋白\r\n<h4>過敏原</h4>\r\n非基改黃豆，生產設備亦生產芝麻、花生、堅果及麩質穀類製品\r\n<h4>檢測證書</h4>\r\n無沙門氏桿菌\r\n無金黃色葡萄球菌\r\n<h4>規格</h4>\r\n隨身包 淨重 50公克\r\n長 x 寬 15 x 10 公分\r\n\r\n夾鏈袋 淨重 300公克\r\n高 x 寬 x 底 24 x 17 x 6 公分\r\n<h4>營養標示</h4>\r\n<h5>每一份量 50 公克</h5>\r\n<ul>\r\n \t<li>熱量 182.8 大卡</li>\r\n \t<li>蛋白質 21.5 公克</li>\r\n \t<li>脂肪 5.3 公克</li>\r\n \t<li>飽和脂肪 0.9 公克</li>\r\n \t<li>反式脂肪 0.0</li>\r\n \t<li>膽固醇 0.0</li>\r\n \t<li>碳水化合物 18.1 公克</li>\r\n \t<li>糖 2.8 公克</li>\r\n \t<li>膳食纖維 11.3 公克</li>\r\n \t<li>鈉 255.5 毫克</li>\r\n \t<li>鈣 3.2 毫克</li>\r\n \t<li>鐵 0.3 毫克</li>\r\n</ul>\r\n<strong>食品業者登錄字號 A-202321704-00000-8</strong>\r\n\r\n<strong>產品投保旺旺友聯產物 保單號碼1212第14PL0N000137</strong>	<h4>公益存款</h4>\r\n您的每一筆消費都會累積為您的公益存款\r\n\r\n每購買一包夾鏈袋，會捐出約 6元*\r\n\r\n*詳細說明請見<a href="https://realreal.cc/membership/">會員制度</a>\r\n<h4><strong>為什麼選誠真的植物蛋白？</strong></h4>\r\n<strong>✔ 在地創新\r\n</strong>\r\n誠真邀請在地三十餘年的堅果穀粉專家，以植物為本、以真實食材為魂，將傳統的溫潤滋味化為現代的營養力\r\n\r\n<strong>✔ 完全蛋白質\r\n</strong>\r\n非基改大豆蛋白 ＋ 豌豆蛋白 ＋ 米蛋白三合一，提供人體所需的完整胺基酸\r\n\r\n<strong>✔ 五無\r\n</strong>\r\n無動物成分、無添加糖(亦無人工代糖)、無色素香料防腐劑，通過無沙門氏桿菌、無金黃色葡萄球菌雙重檢測\r\n\r\n<strong>✔ 台灣製造\r\n</strong>\r\n每一口都有誠意與初心\r\n\r\n<strong>✔ 良心創業\r\n</strong>\r\n品牌根於一念之善，誠真感謝每位有緣的你，在生活中的每一個選擇，一起善意不斷的你\r\n<h4>保存期限與保存方式</h4>\r\n未開封置於乾燥陰涼處可保存 12個月\r\n\r\n開封後請盡速食用\r\n\r\n<strong>推薦閱讀 |</strong> <a href="https://realreal.cc/faq-vegan-protein-powder/">喝植物高蛋白要注意甚麼？什麼人不適合喝？常見問題一次全部告訴你</a>
\.


--
-- Data for Name: product_variants; Type: TABLE DATA; Schema: public; Owner: postgres
--

COPY public.product_variants (id, product_id, sku, name, price, sale_price, stock_qty, weight, attributes) FROM stdin;
98120f96-5fbf-43e9-a5f2-f7b3777f24d4	1a2237c4-e04d-45d6-8d7a-a08098a8f5c1	RR-PP-PK-B-1	體驗任務: 營養任務包	380.00	380.00	100	\N	\N
2cf2e5cb-ea2a-4afb-909b-8a61f23df167	1a2237c4-e04d-45d6-8d7a-a08098a8f5c1	RR-PP-PK-A-1	體驗任務: 營養升級包	570.00	570.00	100	\N	\N
f5af1ea6-af33-4eb6-b035-503d9bea6196	ca6cc76b-33fe-492b-99bf-ddaaa56c5180	\N	選擇風味: 原味 2入	549.00	549.00	100	\N	\N
ab851944-bbe2-4fc2-8123-c02880c271fc	ca6cc76b-33fe-492b-99bf-ddaaa56c5180	\N	選擇風味: 草莓 2入	649.00	649.00	100	\N	\N
a0233f71-a43c-48c0-b7be-b9ea936848b2	ca6cc76b-33fe-492b-99bf-ddaaa56c5180	\N	選擇風味: 芝麻藍莓 2入	649.00	649.00	100	\N	\N
ff523ac1-217d-4573-b6b0-9ad7eb29d445	ca6cc76b-33fe-492b-99bf-ddaaa56c5180	\N	選擇風味: 杏仁火龍果 2入	649.00	649.00	100	\N	\N
9c9e26b2-3fe6-49e0-bf44-8e4ee2ca4cf8	ca6cc76b-33fe-492b-99bf-ddaaa56c5180	\N	選擇風味: 可可 2入	649.00	649.00	100	\N	\N
14bba33f-e52d-4d52-8d4a-b09a732b14a8	ca6cc76b-33fe-492b-99bf-ddaaa56c5180	\N	選擇風味: 草莓．芝麻藍莓 各 1入	649.00	649.00	100	\N	\N
979faaba-036d-467b-9145-3af21e7c9f5d	ca6cc76b-33fe-492b-99bf-ddaaa56c5180	\N	選擇風味: 草莓．可可 各 1入	649.00	649.00	100	\N	\N
59d43b69-7e6e-4395-bb7d-8199b590994e	ca6cc76b-33fe-492b-99bf-ddaaa56c5180	\N	選擇風味: 芝麻藍莓．杏仁火龍果 各1入	649.00	649.00	100	\N	\N
8cfc8a34-b294-48b4-8472-aa239f6ac073	ca6cc76b-33fe-492b-99bf-ddaaa56c5180	\N	選擇風味: 草莓 ．杏仁火龍果 各1入	649.00	649.00	100	\N	\N
3ed7952c-fab0-40d8-bd9e-a1cd07ef7a6a	ca6cc76b-33fe-492b-99bf-ddaaa56c5180	\N	選擇風味: 可可．杏仁火龍果 各1入	649.00	649.00	100	\N	\N
b260787b-8f07-4d66-941f-ae8835c16c5a	ca6cc76b-33fe-492b-99bf-ddaaa56c5180	\N	選擇風味: 可可．芝麻藍莓 各1入	649.00	649.00	100	\N	\N
37b0e4ad-12d6-4732-8577-7979e2f74d62	d1cdb9ce-65ae-4dae-9934-fb09400d8771	\N	選擇風味: 草莓+芝麻藍莓 各15包	1680.00	1680.00	100	\N	\N
f820f853-638c-4558-b4f6-7162ca205391	d1cdb9ce-65ae-4dae-9934-fb09400d8771	\N	選擇風味: 其他組合	1680.00	1680.00	100	\N	\N
f8e8d6e5-bee6-4ca3-b767-35458261387b	d1cdb9ce-65ae-4dae-9934-fb09400d8771	\N	選擇風味: 杏仁火龍果+芝麻藍莓 各15包	1680.00	1680.00	100	\N	\N
c090b07d-32b8-4e4b-8a1b-6845141cef93	d1cdb9ce-65ae-4dae-9934-fb09400d8771	\N	選擇風味: 可可+杏仁火龍果 各15包	1680.00	1680.00	100	\N	\N
052a634d-5904-4279-a8de-84c8a7459b1f	d1cdb9ce-65ae-4dae-9934-fb09400d8771	\N	選擇風味: 草莓+可可 各15包	1680.00	1680.00	100	\N	\N
b895bdf7-0e1f-49de-9a9a-f8bd6408ca8a	d1cdb9ce-65ae-4dae-9934-fb09400d8771	\N	選擇風味: 草莓+杏仁火龍果 各15包	1680.00	1680.00	100	\N	\N
378de631-dce7-4eb6-9344-b08bd20ee277	d1cdb9ce-65ae-4dae-9934-fb09400d8771	\N	選擇風味: 原味 30包	1380.00	1380.00	100	\N	\N
a16bf487-1074-48bf-b340-87125a2b99e4	686869b7-0d6f-44f7-a7a3-625eed280a93	251A	預設	55.00	\N	100	\N	\N
d1c490eb-d8ca-4438-a5f5-2ece23ba02bf	f62f5257-bec8-49d5-999b-eb0d6f385143	251B	預設	67.00	\N	100	\N	\N
b8242f24-4087-45c1-a1e0-5dfe4705025f	14f4ff37-85c7-42b2-9fc9-e45cc3e22ac2	\N	預設	67.00	\N	100	\N	\N
32836ed1-ded6-470e-9a8b-25c7da8e9ead	0072a56f-2e73-4511-82f0-f2d5d0a5a1d3	\N	預設	370.00	\N	100	\N	\N
8f2e3146-9e23-44a1-ac2f-0fc6d880ca8d	2b04476d-eb6b-4107-bf75-a74e9227a4d1	\N	預設	67.00	\N	100	\N	\N
f454430c-45c9-4116-925d-7cd7d89f8292	a42613a1-ccb8-4271-8bbb-6a6d14b8d726	RR-CB-W40	預設	200.00	\N	100	\N	\N
a05357b6-e410-4fb5-b3de-d0e47e6322cd	28de1c74-fbe6-4a5c-87b8-f77060422af9	RR-DF-SA-70	預設	200.00	\N	100	\N	\N
ffd0b34e-fce1-4d6d-a06f-637aab1f8df8	1d48b627-9580-4084-8b32-b1351614a07a	RR-DF-PA-70	預設	200.00	\N	100	\N	\N
91f86a3b-9d4d-44c5-863b-1735dbecf7db	01beca6f-0b63-4c98-8530-6d0b6ea21731	RR-DF-SMA-180	預設	420.00	\N	100	\N	\N
21576973-66a3-4468-b9b1-66c9d1f84e96	e440a039-4258-439d-b425-ac383ef48f01	RR-DF-SM-70	預設	200.00	\N	100	\N	\N
369929a2-6de6-4eb9-90f8-08173af8958f	625c87bf-3450-4f98-8c65-35336b2caaea	RR-DF-PK-210	預設	580.00	580.00	100	\N	\N
fd6186cf-93df-4a65-932c-7f9207a8d2c1	116c7111-8547-4861-a3f3-475ee9e5157f	RR-DF-PK-320	預設	800.00	800.00	100	\N	\N
5f4ef0f3-9ab2-4bb5-ae2c-0de0956fb2a4	89432b84-bd72-485f-81fd-8883663c2332	RR-CB-W40-1	預設	100.00	\N	100	\N	\N
deb84850-7cf5-4dce-9f17-2eb9f1128a20	309a341e-48b6-4d4a-8d48-c0ac9e6bfdfd	RR-SET-10DAY-O	預設	1380.00	1380.00	100	\N	\N
42af4e3c-c5da-420e-a149-784680b64fdc	515d8f6e-a1dd-4788-b3e1-9df56d050960	RR-SET-10DAY-OM	預設	520.00	520.00	100	\N	\N
859d6b64-36db-4b97-abac-9e06123a99be	b84e3410-3bcc-4ef5-b8cb-3a470425540d	RR-SET-10DAY-M	預設	588.00	588.00	100	\N	\N
8b6bdf71-77bd-411d-a5c8-e92b80aff2c1	d629340b-37e4-4bf7-a6f7-c0721dd94ce8	\N	預設	370.00	\N	100	\N	\N
edc44d33-2b70-412f-b17d-eeb8dbafd511	c96a539c-62f1-4060-8066-136d5c7e5891	RR-DF-FA-70	預設	200.00	\N	2	\N	\N
7c8083e0-a1f0-4c1c-aadf-eca97717d9e8	84439a7c-16a3-4c33-9f7c-5903953c7b7f	RR-DF-F-70	預設	200.00	\N	7	\N	\N
867293d6-85c9-4b7a-921c-8bdfbd688d57	84b37d38-f43b-4240-8ef8-46da41650310	251B-52	預設	370.00	\N	100	\N	\N
20b7ea8b-4ae9-46c9-9def-e9fbb3b1b6b7	71766468-22df-4782-879d-5df4821adf5d	\N	預設	370.00	\N	100	\N	\N
caa4c589-1a88-4e96-992c-2e262e373b84	f922c79e-6022-4552-ba2a-f88370b28d0b	\N	預設	67.00	\N	100	\N	\N
93c40b9e-632a-46b7-b34d-03d228aa2f82	0edb1652-9aa4-44fc-a932-70ebd53ad76c	251A-52	預設	300.00	\N	100	\N	\N
f3012ba5-88fe-40fa-9de2-433f189fe2de	bf7083f5-95f8-4db1-a293-ba1c2e3e1398	RR-PP-PK-B	體驗任務: 營養任務包	370.00	370.00	100	\N	\N
2d25760f-dc86-4e2e-b454-d8e1a9b9daa5	bf7083f5-95f8-4db1-a293-ba1c2e3e1398	RR-PP-PK-A	體驗任務: 營養升級包	560.00	560.00	100	\N	\N
a77ae52d-6703-4f3e-a30b-c46e985953a6	ef8762c8-eac8-4560-a0fb-e15ad0163da4	RR-PP-GS-S1	小卡款式: 一份用心準備的心意	630.00	630.00	100	\N	\N
2bba6b0f-d910-42fb-9f33-bc843a7b5e6d	ef8762c8-eac8-4560-a0fb-e15ad0163da4	RR-PP-GS-S2	小卡款式: 記得對自己好一點	630.00	630.00	100	\N	\N
c919e6cf-7a40-4ea0-b7c0-edb9a3cd033d	05f55791-1831-4934-9ed8-eeb0a1c2c4bf	\N	選擇風味: 原味 60入	2760.00	2760.00	100	\N	\N
d7aa3576-3736-41a0-b372-e81686d99729	05f55791-1831-4934-9ed8-eeb0a1c2c4bf	\N	選擇風味: 草莓 60入	3180.00	3180.00	100	\N	\N
215fe3e6-ba38-4b88-b066-2f78a27d0d48	05f55791-1831-4934-9ed8-eeb0a1c2c4bf	\N	選擇風味: 芝麻藍莓 60入	3180.00	3180.00	100	\N	\N
73872405-eee3-4e8e-b453-09e92ce31d82	05f55791-1831-4934-9ed8-eeb0a1c2c4bf	\N	選擇風味: 杏仁火龍果 60入	3180.00	3180.00	100	\N	\N
9949eeac-d1b3-4f19-8043-c2a20ad1666c	05f55791-1831-4934-9ed8-eeb0a1c2c4bf	\N	選擇風味: 可可 60入	3180.00	3180.00	100	\N	\N
cc098ed5-f9df-4f4c-8856-04a5f92194de	05f55791-1831-4934-9ed8-eeb0a1c2c4bf	\N	選擇風味: 草莓．芝麻藍莓．杏仁火龍果．可可 各 15入	3180.00	3180.00	100	\N	\N
3e8f7774-02a5-4e41-afe0-5cef7ac00881	05f55791-1831-4934-9ed8-eeb0a1c2c4bf	\N	選擇風味: 草莓．芝麻藍莓．杏仁火龍果 各 20入	3180.00	3180.00	100	\N	\N
a1fd899f-e304-4785-ba5a-10959488a10c	05f55791-1831-4934-9ed8-eeb0a1c2c4bf	\N	選擇風味: 芝麻藍莓．杏仁火龍果 各30入	3180.00	3180.00	100	\N	\N
aa608ea7-0456-41a5-935c-53e8ccd0cb5b	05f55791-1831-4934-9ed8-eeb0a1c2c4bf	\N	選擇風味: 草莓．芝麻藍莓 各30入	3180.00	3180.00	100	\N	\N
22c6315a-d1f7-4bb3-b51d-ee989a89b5bb	05f55791-1831-4934-9ed8-eeb0a1c2c4bf	\N	選擇風味: 草莓．杏仁火龍果 各30入	3180.00	3180.00	100	\N	\N
7f1ec19e-cd27-4fcd-a228-9b0335151016	05f55791-1831-4934-9ed8-eeb0a1c2c4bf	\N	選擇風味: 可可．杏仁火龍果 各30入	3180.00	3180.00	100	\N	\N
1b4bab94-48eb-4c59-a93a-6de7717d30e2	05f55791-1831-4934-9ed8-eeb0a1c2c4bf	\N	選擇風味: 可可．芝麻藍莓 各30入	3180.00	3180.00	100	\N	\N
bdd82f18-cad8-4fd6-8810-63d8518fceca	05f55791-1831-4934-9ed8-eeb0a1c2c4bf	\N	選擇風味: 可可．草莓 各30入	3180.00	3180.00	100	\N	\N
8599b370-5d01-45e4-a7b9-ef1a0f98ed39	1f4085e3-14c7-45c7-a71f-69372297a0c7	RR-PP-GS-B1	選擇小卡: 一份用心準備的心意	730.00	\N	100	\N	\N
60fe9a8e-ec53-4fab-80f5-6b8bd0316df4	1f4085e3-14c7-45c7-a71f-69372297a0c7	RR-PP-GS-B2	選擇小卡: 記得對自己好一點	730.00	\N	100	\N	\N
\.


--
-- Data for Name: subscription_plans; Type: TABLE DATA; Schema: public; Owner: postgres
--

COPY public.subscription_plans (id, name, type, "interval", price, variant_id, qty, benefits, is_active) FROM stdin;
d251968e-9d74-416a-9736-8485f685efbc	月訂單品補充	replenishment	monthly	990.00	\N	\N	\N	t
4d1b8f5c-eded-46ee-9d87-fafd1e656c17	雙月訂單品補充	replenishment	bimonthly	1800.00	\N	\N	\N	t
b26f4ad6-8e05-424d-a2d7-606104280637	月訂健康禮盒	membership	monthly	1490.00	\N	\N	\N	t
\.


--
-- Data for Name: subscriptions; Type: TABLE DATA; Schema: public; Owner: postgres
--

COPY public.subscriptions (id, user_id, plan_id, type, status, payment_method, payment_method_token, token_key_version, retry_count, current_period_start, current_period_end, next_billing_date, created_at) FROM stdin;
\.


--
-- Data for Name: coupon_uses; Type: TABLE DATA; Schema: public; Owner: postgres
--

COPY public.coupon_uses (id, coupon_id, user_id, order_id, subscription_id, used_at) FROM stdin;
\.


--
-- Data for Name: invoices; Type: TABLE DATA; Schema: public; Owner: postgres
--

COPY public.invoices (id, order_id, invoice_number, type, tax_id, amount, tax_amount, status, amego_id, issued_at, voided_at, carrier_type, carrier_number, love_code, company_title, random_code, error_message, retry_count) FROM stdin;
\.


--
-- Data for Name: logistics; Type: TABLE DATA; Schema: public; Owner: postgres
--

COPY public.logistics (id, order_id, provider, type, ecpay_logistics_id, tracking_number, cvs_payment_no, cvs_validation_no, status, shipped_at, delivered_at, raw_response) FROM stdin;
\.


--
-- Data for Name: media; Type: TABLE DATA; Schema: public; Owner: postgres
--

COPY public.media (id, url, filename, alt_text, mime_type, size_bytes, width, height, uploaded_by, created_at) FROM stdin;
\.


--
-- Data for Name: order_addresses; Type: TABLE DATA; Schema: public; Owner: postgres
--

COPY public.order_addresses (id, order_id, type, name, phone, email, address_type, cvs_store_id, cvs_type, address, city, postal_code) FROM stdin;
bab7551d-8a08-462b-bc29-82e6dc550f17	c7e85e05-cb4a-4fbc-a321-277abe6d4b3b	billing	林佳翰	0985-083-155	hamburger0831@gmail.com	home	\N	\N	新生北路三段1號7樓之六	臺北市 中山區	104
bf570f1a-7c66-48ff-8164-3cb7dea1205a	c7e85e05-cb4a-4fbc-a321-277abe6d4b3b	shipping	林佳翰	0985-083-155	\N	home	\N	\N	新生北路三段1號7樓之六	臺北市 中山區	104
9730f1eb-58f5-4fcb-95fe-466de14b252a	a7a8f2de-e379-4c71-a13a-6c6dda4b0216	billing	曹智翔	0919059985	j308882001@gmail.com	home	\N	\N	山脚路六段東北巷274弄 15號	彰化縣 員林市	510
08f771c9-cbad-4619-afd8-2a4a015b0b0b	a7a8f2de-e379-4c71-a13a-6c6dda4b0216	shipping	晶鏵船舶轉亮春大副	0919059985	\N	home	\N	\N	中山路一段398巷一樓	新北市 八里區	249
8dea9a4b-a3e8-4530-8b70-74905f1cc5fa	d267a6d9-aa84-4937-8fe3-f980e19c2743	billing	桂承漢	0912489085	kuei19960511@gmail.com	home	\N	\N	\N	\N	\N
8f0636c2-480c-4222-a5a3-ba16f19d669f	d267a6d9-aa84-4937-8fe3-f980e19c2743	shipping	桂承漢	0912489085	\N	home	\N	\N	新北市中和區成功路115號117號	\N	\N
229d1973-4bc2-4078-b25a-d49e04a462a1	3ea9cef9-b3f7-41ae-9adb-96eb30bc72b0	billing	佳瓅郭	0955135976	jojogirl0706@yahoo.com.tw	home	\N	\N	南港路二段141號	臺北市 南港區	115
b25e804a-dba2-497d-a627-157ef3808b2b	3ea9cef9-b3f7-41ae-9adb-96eb30bc72b0	shipping	佳瓅郭	0955135976	\N	home	\N	\N	南港路二段141號	臺北市 南港區	115
1e468073-a278-4118-a5ee-cd4ef4b11df7	5ba0ed35-0f51-4593-a184-5dfe834238b3	billing	連曙均	0916989821	gina0116@kimo.com	home	\N	\N	\N	\N	\N
03259528-5de5-423e-8bdf-36fe0c71da0b	5ba0ed35-0f51-4593-a184-5dfe834238b3	shipping	連曙均	0916989821	\N	home	\N	\N	新北市新店區中正路396號398號	\N	\N
ab57437f-509a-4500-b79f-46a0233c86de	72a381b1-c5d7-4b71-8a08-09be3cebaeaa	billing	蕭景瑜	0987803762	sarahdonnay@gmail.com	home	\N	\N	成功街7號4樓	臺南市 麻豆區	721
256e29d7-c913-4c8c-88ab-da317fe28004	72a381b1-c5d7-4b71-8a08-09be3cebaeaa	shipping	蕭景瑜	0987803762	\N	home	\N	\N	成功街7號4樓	臺南市 麻豆區	721
9bfc1617-0c24-4819-a88c-f91e8340d456	d794c504-5b76-4130-b387-c7c437d7df5b	billing	莊旻樺	+886910226057	mimihuahuachuangchuang@gmail.com	home	\N	\N	工業九路12號	\N	40740
6e325a2c-1387-4c70-8251-71781054d27c	d794c504-5b76-4130-b387-c7c437d7df5b	shipping	莊旻樺	+886910226057	\N	home	\N	\N	台中市龍井區台灣大道五段3巷43號45號1樓	\N	\N
be1e6f60-a2ea-4855-b110-2ab4773caac4	34c22045-abee-4e55-9a7e-ca1491beaaf4	billing	洪藝齊	0981222647	ych921012@gmail.com	home	\N	\N	\N	新北市 板橋區	220
27d6d709-d402-4051-9f30-ffcfc3da4015	34c22045-abee-4e55-9a7e-ca1491beaaf4	shipping	洪藝齊	0981222647	\N	home	\N	\N	新北市板橋區光正街12號1樓	\N	\N
be20bf11-7d51-4759-9d31-915c1b696e6a	31897a33-dfe4-4d46-a675-11964514a6d4	billing	廖明麟	0910542169	andy09318jet@gmail.com	home	\N	\N	\N	\N	\N
89c93497-cd16-4297-9cf9-c68c544a3297	31897a33-dfe4-4d46-a675-11964514a6d4	shipping	廖明麟	0910542169	\N	home	\N	\N	台中市沙鹿區東晉路133號	\N	\N
0b84afa5-de1a-4e72-8b63-ac1230624bfc	9ca4b574-fc8f-4269-974b-0704e6991d8a	billing	陳文昕	0933463852	ericawhc@gmail.com	home	\N	\N	公明里忠貞路246巷25弄37號	臺中市 沙鹿區	433
df69c4d9-ed86-4406-9ce3-5396a3528fe4	9ca4b574-fc8f-4269-974b-0704e6991d8a	shipping	陳文昕	0933463852	\N	home	\N	\N	台中市大雅區中清東路240號	\N	\N
0f169e3a-d31b-4d2d-b0fc-6965d2f1065d	797043b1-128d-4a80-b2bd-350793275e71	billing	許恆慈	0972355370	lumenred@gmail.com	home	\N	\N	\N	\N	\N
810c2f7d-d3b5-4aee-9569-102605d6309b	797043b1-128d-4a80-b2bd-350793275e71	shipping	許恆慈	0972355370	\N	home	\N	\N	台中市南屯區黎明路二段504、506、506-1號	\N	\N
87381fe0-62c5-47e8-a007-c5a39f797411	dde1eda6-42a5-48c3-9725-225bcb567d01	billing	商雅琇	0987481241	9minda@gmail.com	home	\N	\N	\N	\N	\N
ed9ed28d-47a4-44b6-bf5b-e29b47ada80d	dde1eda6-42a5-48c3-9725-225bcb567d01	shipping	商雅琇	0987481241	\N	home	\N	\N	台北市松山區三民路137號1樓	\N	\N
bb59d8f3-d76a-4aed-8c46-40dc2821bab3	ba448998-76fd-4bdb-8557-4f02dacb697c	billing	林璟鴻	0988705207	fall1600@gmail.com	home	\N	\N	\N	\N	\N
f9ac10b4-ba35-4ac7-bd2b-080a7df18c2a	ba448998-76fd-4bdb-8557-4f02dacb697c	shipping	林璟鴻	0988705207	\N	home	\N	\N	新北市新莊區中原東路91號1樓	\N	\N
511b21f0-a775-45ea-9cb5-e322cd6f0608	e62077ac-dfaa-4cc7-8d54-db985b4f0d30	billing	張耀文	0955900941	win00wen@gmail.com	home	\N	\N	\N	\N	\N
59125692-8684-4299-afac-6f72fd058095	e62077ac-dfaa-4cc7-8d54-db985b4f0d30	shipping	張耀文	0955900941	\N	home	\N	\N	台北市松山區復興南路一段43號1樓	\N	\N
7feecfc0-20a5-4ac2-8ef0-c30877e04bab	81d976c9-d5f8-4ce9-a029-73db088856ea	billing	鄭雅文	0912542970	het331975@gmail.com	home	\N	\N	\N	\N	\N
437cfc4e-5bb8-49cd-98f7-a619c14e56ac	81d976c9-d5f8-4ce9-a029-73db088856ea	shipping	鄭雅文	0912542970	\N	home	\N	\N	桃園市八德區長興一路111號1樓廣興三路80號1樓	\N	\N
36fedb7f-cfb6-4540-b53a-e20cb0965616	16186695-a1a5-415f-becc-03473fe0f97c	billing	許立岡	+886953231996	pico33kong@gmail.com	home	\N	\N	\N	\N	\N
98730a87-e6dd-4f19-96a2-58fa49b5f1d7	16186695-a1a5-415f-becc-03473fe0f97c	shipping	許立岡	+886953231996	\N	home	\N	\N	高雄市苓雅區四維四路190-1號	\N	\N
2c1a867a-57f7-4731-b640-b0afc7c3b26a	ea85476f-9a26-4cb3-8905-3e6cbd8ad3db	billing	林筠樺	0988715491	huah_0@yahoo.com.tw	home	\N	\N	\N	\N	\N
91b6e209-47f3-40ae-950e-ddbc9f15eff8	ea85476f-9a26-4cb3-8905-3e6cbd8ad3db	shipping	林筠樺	0988715491	\N	home	\N	\N	台中市梧棲區自強一街76號	\N	\N
a716fcf1-669f-4458-9593-d7523eac3117	40aabc1d-1151-48e2-9d00-44f9353b0424	billing	施依婷	+886972365723	tamago108@gmail.com	home	\N	\N	\N	\N	\N
6bc3ba06-c291-415b-8078-bafc4e10b9b8	40aabc1d-1151-48e2-9d00-44f9353b0424	shipping	施依婷	+886972365723	\N	home	\N	\N	彰化縣溪湖鎮大公路166號	\N	\N
8b58494b-43d2-4fed-a829-2e0b3a380665	2e463121-2c27-4e98-a2db-706a98ab6a98	billing	陳彥如	0921186754	hchen7812@hotmail.com	home	\N	\N	公園路290號11樓之2	新竹市 東區	300
2ed85c24-6551-4ab7-ba9f-7ffec4c32d62	2e463121-2c27-4e98-a2db-706a98ab6a98	shipping	陳彥如	0921186754	\N	home	\N	\N	公園路290號11樓之2	新竹市 東區	300
1b675149-c6c4-4522-8f52-a002311d2859	bc5d0c92-c278-4599-84c6-0f019208c307	billing	張馨尹	0922657890	cynthiachang0113@gmail.com	home	\N	\N	竹林路346巷3號	新北市 林口區	244003
5010822d-ba04-4b92-b0e2-d58f3a477324	bc5d0c92-c278-4599-84c6-0f019208c307	shipping	張馨尹	0922657890	\N	home	\N	\N	新北市林口區林口路78號、82號1樓	\N	\N
b0562596-c8a7-4641-b07c-c9df7f1a0bae	5660c34d-974c-46e5-96b7-5c45a9294cb5	billing	陳三霖	0980629281	chi90006@gmail.com	home	\N	\N	\N	\N	\N
5d08e146-1f9c-434f-bfcc-48c783961d3f	5660c34d-974c-46e5-96b7-5c45a9294cb5	shipping	陳三霖	0980629281	\N	home	\N	\N	新竹縣竹北市台元二街1號1樓	\N	\N
8e418985-f5f9-4136-a95e-dd526d648ef9	aa31aad5-8938-4ae3-8265-e1d198014c3b	billing	黃雅婷	0970527281	ac0212024@gmail.com	home	\N	\N	大華路13號	\N	\N
7021c00f-5132-4218-b1f6-58bf54e12342	aa31aad5-8938-4ae3-8265-e1d198014c3b	shipping	黃雅婷	0970527281	\N	home	\N	\N	桃園市中壢區成章一街10號12號1樓2樓	\N	\N
ccc2afac-47b4-4eac-96f8-dd652c1c5200	1c1133e1-c129-40e5-abff-e532224dcfbe	billing	李泓漳	0977188678	raesqwe80275@gmail.com	home	\N	\N	創新一路12號義隆電子	\N	\N
95c5aeaf-f303-4651-8b17-801daca1f9a7	1c1133e1-c129-40e5-abff-e532224dcfbe	shipping	李泓漳	0977188678	\N	home	\N	\N	新竹市東區高翠路331號1樓	\N	\N
70f503f9-c4d1-4307-a1ab-344afcae1570	aa0ed44c-2350-4f7e-8ada-f04e3ff4e4fe	billing	葉宛鑫	0932865506	zoo86430@gmail.com	home	\N	\N	\N	\N	\N
0886f102-4784-47e3-9ff2-b31f9e85b076	aa0ed44c-2350-4f7e-8ada-f04e3ff4e4fe	shipping	葉宛鑫	0932865506	\N	home	\N	\N	台中市西區向上路一段15號1樓	\N	\N
1cbd0d11-3487-4dd8-92b5-48ea17571003	356b6153-6cac-4df0-835f-027f968240a8	billing	周宗瀚	0909445188	hanchou1228@gmail.com	home	\N	\N	環北路398號22樓之五	桃園市 中壢區	320
1381cdef-8e74-4a0c-9b04-de3930922f00	356b6153-6cac-4df0-835f-027f968240a8	shipping	周宗瀚	0909445188	\N	home	\N	\N	九合一街55號8樓	桃園市 中壢區	320
97107ba5-c40d-42f2-859c-792fd13b47a6	3aa74d0c-f85d-4711-aab1-b1a7d0bc3e8b	billing	周宗瀚	0909445188	hanchou1228@gmail.com	home	\N	\N	環北路398號22樓之五	桃園市 中壢區	320
6c3a67a6-5c31-4522-9700-5238b1e9d6a0	3aa74d0c-f85d-4711-aab1-b1a7d0bc3e8b	shipping	周宗瀚	0909445188	\N	home	\N	\N	環北路398號22樓之五	桃園市 中壢區	320
6b0b6f27-08fe-4a6b-9bda-19c3e3f6b42b	7a9c79b7-b020-49d6-bbd8-659bfee70f8a	billing	許恆慈	0972355370	lumenred@gmail.com	home	\N	\N	\N	\N	\N
d49ea35c-5347-4643-bc76-514f49fe37ad	7a9c79b7-b020-49d6-bbd8-659bfee70f8a	shipping	許恆慈	0972355370	\N	home	\N	\N	台中市南屯區黎明路二段504、506、506-1號	\N	\N
d4644040-5ba7-411e-b3c2-73495f8e0b92	0262f24e-f3e5-47c3-989d-eae046a947e6	billing	黎品溱	0937939308	mime1008@gmail.com	home	\N	\N	\N	\N	\N
08ad68a1-0a10-465f-81e4-dfbd1560c178	0262f24e-f3e5-47c3-989d-eae046a947e6	shipping	黎品溱	0937939308	\N	home	\N	\N	台北市大安區羅斯福路三段333巷18號1樓20號1樓(部分)	\N	\N
cb13485b-4697-4efe-b500-f8565c958dd4	13e8085b-0c15-4672-aaa1-746d6e6705b8	billing	林于雯	0984031611	itsmaviss@gmail.com	home	\N	\N	\N	\N	\N
e63cd2da-f818-4fe4-a389-b094e8e05bab	13e8085b-0c15-4672-aaa1-746d6e6705b8	shipping	林于雯	0984031611	\N	home	\N	\N	台北市內湖區新明路122之7號	\N	\N
9ada31e7-e2dd-4927-8e29-64a37d21c64d	5622ab1e-4343-46fa-9eff-06786cb28d10	billing	張家涵	0939070089	lune1225noire@gmail.com	home	\N	\N	後昌路116號13樓之5	高雄市 楠梓區	811
bd93b5cd-1e15-42de-8c93-6e7365d8b6be	5622ab1e-4343-46fa-9eff-06786cb28d10	shipping	張家涵	0939070089	\N	home	\N	\N	高雄市楠梓區錦屏里後昌路115號1樓	\N	\N
549ad978-615b-45f4-9628-e3694fdd9977	d669f1da-8f21-4c12-8541-19b1c685dc33	billing	蕭景瑜	0987803762	sarahdonnay@gmail.com	home	\N	\N	成功街7號4樓	臺南市 麻豆區	721
09551798-0d6f-4aa1-bae4-942af2b54717	d669f1da-8f21-4c12-8541-19b1c685dc33	shipping	蕭景瑜	0987803762	\N	home	\N	\N	成功街7號4樓	臺南市 麻豆區	721
78569bca-ba4f-46ad-94ca-856559e36dbb	ddb3cebc-012b-41fd-904f-6f3557b7ae6c	billing	林佳翰	0985-083-155	hamburger0831@gmail.com	home	\N	\N	新生北路三段1號7樓之六	臺北市 中山區	104
db8c9ea5-bb9b-4755-a605-d247bf27f7bf	ddb3cebc-012b-41fd-904f-6f3557b7ae6c	shipping	林佳翰	0985-083-155	\N	home	\N	\N	新生北路三段1號7樓之六	臺北市 中山區	104
ba174aad-f89c-45cb-bec3-43dce1aec76a	10eb1b79-2c20-4c6d-813f-5ce70ca9c314	billing	林佳翰	0985-083-155	hamburger0831@gmail.com	home	\N	\N	新生北路三段1號7樓之六	臺北市 中山區	104
f9ea8a6c-17ed-4a39-b87e-ab3f1c2ccaab	10eb1b79-2c20-4c6d-813f-5ce70ca9c314	shipping	林佳翰	0985-083-155	\N	home	\N	\N	新生北路三段1號7樓之六	臺北市 中山區	104
fe230a90-8c87-437b-8196-36f096913b99	a57d97e3-b6b6-45e2-9e53-0ba32d4b1bd5	billing	周承慧	0929536021	chouchenghui@gmail.com	home	\N	\N	東門街112巷11號	\N	\N
c16cdede-fce5-434d-a35f-6011d49ba71f	a57d97e3-b6b6-45e2-9e53-0ba32d4b1bd5	shipping	周承慧	0929536021	\N	home	\N	\N	新竹市東區東門街33號	\N	\N
9f45d95d-c42d-400c-96f2-a335732fb84b	6097dc52-26aa-46c6-b009-f8c871d9fe0b	billing	吳毓星	0958122012	wuyuhsing@gmail.com	home	\N	\N	\N	\N	\N
a51ce5d9-bf75-460b-b952-2c8a0fa5854c	6097dc52-26aa-46c6-b009-f8c871d9fe0b	shipping	吳毓星	0958122012	\N	home	\N	\N	台北市大安區復興南路二段82-1及82-2號	\N	\N
efbeacc1-742a-4629-936f-87fee84df7bb	a621fbfc-c6b5-408a-bc52-bac1b9ae0a31	billing	吳毓星	0958122012	wuyuhsing@gmail.com	home	\N	\N	\N	\N	\N
5ab5eccd-3f3a-4bd2-99e6-73c9d20d540a	a621fbfc-c6b5-408a-bc52-bac1b9ae0a31	shipping	吳毓星	0958122012	\N	home	\N	\N	台北市大安區復興南路二段203號	\N	\N
caefc5e1-39c6-4ebc-9394-fcf0d32a9923	26043866-fff3-4483-a96e-ea46e7462045	billing	謝怡雯	0922163348	applewindycandy@gmail.com	home	\N	\N	\N	\N	\N
e42fc97a-b4aa-4508-b94c-da2172fb02ff	26043866-fff3-4483-a96e-ea46e7462045	shipping	謝怡雯	0922163348	\N	home	\N	\N	新北市新店區北宜路二段82-2號82-3號1樓	\N	\N
eadccbc3-06e5-4774-9435-49471b1e3e1a	5ff9ad30-ae7e-421b-805e-1b901dab0587	billing	陳貞文	0982161323	applewindycandy@gmail.com	home	\N	\N	花園七路一段23號	\N	\N
6296279f-e751-4055-b497-3e1348af05b5	5ff9ad30-ae7e-421b-805e-1b901dab0587	shipping	陳貞文	0982161323	\N	home	\N	\N	新竹縣竹北市中華路881號1樓	\N	\N
ee774583-dd99-40a1-bae7-46ea3f11b006	6c85e2ba-9a8a-4b46-a0bc-24abfbc9162d	billing	ChiangJoseph	0905061020	joseph.mc.chiang@gmail.com	home	\N	\N	台北市大安區敦化南路一段188號5樓T05室	臺北市 大安區	106
92101c47-1362-46f2-b885-fa1b16907519	6c85e2ba-9a8a-4b46-a0bc-24abfbc9162d	shipping	ChiangJoseph	0905061020	\N	home	\N	\N	台北市大安區敦化南路一段188號5樓T05室	臺北市 大安區	106
34d94cca-b8a6-4fdc-b0d0-40ce899aab0a	a1d9f571-f446-41b9-ba5e-42d57c799a9a	billing	紀建弦	0918865386	kennethchi8899@gmail.com	home	\N	\N	\N	\N	\N
978a4de6-9a7a-464a-bae9-3abfd5056b98	a1d9f571-f446-41b9-ba5e-42d57c799a9a	shipping	紀建弦	0918865386	\N	home	\N	\N	台中市梧棲區八德路1號	\N	\N
64e9a07c-3c3e-4814-8a00-b7e174873247	8b30f859-ca59-41de-a255-b9f004552f0e	billing	測試測試測測測	0916581787	gathertaiwan@gmail.com	home	\N	\N	測試測試	基隆市 仁愛區	200
12a3d07a-160f-46b5-895f-8fbac7692298	8b30f859-ca59-41de-a255-b9f004552f0e	shipping	測試測試測測測	0916581787	\N	home	\N	\N	台中市中區成功路106號及108號一樓	\N	\N
8167dc76-cb17-46f0-88f4-6cd7985c48aa	95e5c1c5-7506-42ad-8a6b-54385ea8e824	billing	程連芳	0918080668	reneecheng1229@gmail.com	home	\N	\N	\N	\N	\N
3ced2b68-807d-48a6-a391-5e8e55b1d27b	95e5c1c5-7506-42ad-8a6b-54385ea8e824	shipping	程連芳	0918080668	\N	home	\N	\N	新北市中和區國光街215巷8弄1號3號5號(1樓)	\N	\N
efb86756-d495-4e8f-9a47-d4638075fab3	42b75745-766c-4617-a3b9-c19ae4bef63a	billing	HuangJennie	02-27472968	jennie.huang@panditms.com.tw	home	\N	\N	36-9號8樓	台北市 中山區	104698
27c7bafd-8004-4947-b792-da13259a18ec	42b75745-766c-4617-a3b9-c19ae4bef63a	shipping	HuangJennie	02-27472968	\N	home	\N	\N	36-9號8樓	台北市 中山區	104698
1b47c50f-df21-43f5-aee1-358bbf76fa78	f0972e27-7b5c-4ca7-a2ea-af0f92be1ba5	billing	邱莞育	0919193616	wandachiu@gmail.com	home	\N	\N	大觀路12-1號8樓	\N	\N
4119e10b-43d2-4f47-8954-5716fe0a1800	f0972e27-7b5c-4ca7-a2ea-af0f92be1ba5	shipping	邱莞育	0919193616	\N	home	\N	\N	新北市三峽區學成路301號303號1樓	\N	\N
c93a0952-7505-40a1-9259-b0e55f4566fe	9acf0dc1-3254-492e-a91e-f8bca85ebc41	billing	測試測試測測測	0916581787	gathertaiwan@gmail.com	home	\N	\N	測試測試	基隆市 仁愛區	200
49a34d70-64c9-488f-8271-443f1357c135	9acf0dc1-3254-492e-a91e-f8bca85ebc41	shipping	測試測試測測測	0916581787	\N	home	\N	\N	台北市大同區太原路153號1樓	\N	\N
eb46d4d9-e559-4a0d-be4d-3ddee06209d3	b68c2608-5a42-4d33-a2e0-0ab69fbef6f5	billing	測試測試測測測	0916581787	gathertaiwan@gmail.com	home	\N	\N	測試測試	基隆市 仁愛區	200
de98e2af-b833-4828-bf3b-ee072b2bea73	b68c2608-5a42-4d33-a2e0-0ab69fbef6f5	shipping	測試測試測測測	0916581787	\N	home	\N	\N	新竹市香山區中華路五段678號1樓	\N	\N
46e8200a-e728-444e-be5d-371f8286052e	9b3bac43-73a7-4782-989e-1448319bcd7e	billing	測試測試測測測	0916581787	gathertaiwan@gmail.com	home	\N	\N	測試測試	基隆市 仁愛區	200
f34f5169-8a90-4824-ba65-8258356ee253	9b3bac43-73a7-4782-989e-1448319bcd7e	shipping	測試測試測測測	0916581787	\N	home	\N	\N	桃園市大園區大工路106號1樓	\N	\N
f9eceeab-b1b9-4eeb-bf83-fa77deef8293	bb2877ac-96fc-489d-95e6-e93a8f7c5f0d	billing	LeePoyu mary	1231234233	leepoyumary@gmail.com	home	\N	\N	123123	臺北市 大同區	103
a6f89ca6-f995-4696-9b11-f1a56005a333	bb2877ac-96fc-489d-95e6-e93a8f7c5f0d	shipping	LeePoyu mary	1231234233	\N	home	\N	\N	123123	臺北市 大同區	103
90598646-3c15-40bc-ac8a-aba0031773c9	edafbfad-40ac-4c7b-90af-2a03eb2456a0	billing	LeePoyu mary	1231234233	leepoyumary@gmail.com	home	\N	\N	123123	臺北市 大同區	103
d7d69a1a-23c2-4539-9caf-05c27c364188	edafbfad-40ac-4c7b-90af-2a03eb2456a0	shipping	LeePoyu mary	1231234233	\N	home	\N	\N	123123	臺北市 大同區	103
82ada348-e278-4fd3-a525-c9c65fcccb37	531e4930-2d4c-4f48-82c9-a037282b8de3	billing	LeeMary	+85261591222	leepoyumary@gmail.com	home	\N	\N	寄香港	臺北市 中正區	100
128e97ba-0690-48f2-9911-2c95b7450fa1	531e4930-2d4c-4f48-82c9-a037282b8de3	shipping	LeeMary	+85261591222	\N	home	\N	\N	寄香港	臺北市 中正區	100
0019ff0e-2e4c-4e94-94d7-e8c7b3cb9ea0	8e4546ea-d3b4-4686-ad18-087ba01644b1	billing	陳三霖	0980629281	chi90006@gmail.com	home	\N	\N	\N	\N	\N
761d3dfd-9f97-498e-9ef6-4d3bcbb9edcc	8e4546ea-d3b4-4686-ad18-087ba01644b1	shipping	陳三霖	0980629281	\N	home	\N	\N	桃園市楊梅區裕成南路292號294號296號	\N	\N
842c5246-966a-4fce-98da-892cb25bd05b	e60ff350-1967-4009-8b77-45b9a24ffa5a	billing	蔡豐聯	0905115796	xc452116@gmail.com	home	\N	\N	\N	\N	\N
0a676810-ec1d-4f8b-9eb1-9865a9424862	e60ff350-1967-4009-8b77-45b9a24ffa5a	shipping	蔡豐聯	0905115796	\N	home	\N	\N	台中市霧峰區中正路146-20號	\N	\N
7556192c-e869-4053-aad6-106ab2c01c26	90f54f6f-24f2-4994-86cc-0a9a2a08e1af	billing	HwangNicky	0955324613	nickychungyuhwang@hotmail.com	home	\N	\N	\N	\N	\N
ccef7886-34d0-472b-bb8b-af9f6176b070	90f54f6f-24f2-4994-86cc-0a9a2a08e1af	shipping	HwangNicky	0955324613	\N	home	\N	\N	台北市萬華區西寧南路78號1樓	\N	\N
268e0c5c-0677-4110-ba0c-78611fbf9e05	0f38fe9c-eab2-430c-8297-a8e36efe7ce4	billing	陳柔逸	0939-509-965	mandy819.cool@gmail.com	home	\N	\N	一心路一巷3號1樓	臺北市 北投區	112
2bb848a9-a84a-4c33-a8ff-3990c412ca9b	0f38fe9c-eab2-430c-8297-a8e36efe7ce4	shipping	陳柔逸	0939-509-965	\N	home	\N	\N	一心路一巷3號1樓	臺北市 北投區	112
41fbd53c-6b63-431a-abb9-304d633e72ad	128e2df9-3c11-4332-b059-c6a0089fc64c	billing	陳柔逸	0939-509-965	mandy819.cool@gmail.com	home	\N	\N	一心路一巷3號1樓	臺北市 北投區	112
8b2d869c-1251-4df1-b720-4596b579acbf	128e2df9-3c11-4332-b059-c6a0089fc64c	shipping	陳柔逸	0939-509-965	\N	home	\N	\N	一心路一巷3號1樓	臺北市 北投區	112
e5bc2dee-1e19-4525-aea5-853cfa3cb60b	3f37cfd5-e63e-400a-8ab6-204081ab6321	billing	徐世昌	0916977305	jack.hsu0924@yahoo.com.tw	home	\N	\N	興農路一段496號	彰化縣 北斗鎮	521
460fee4e-b709-4e73-98a2-0e80e2710531	3f37cfd5-e63e-400a-8ab6-204081ab6321	shipping	徐世昌	0916977305	\N	home	\N	\N	興農路一段496號	彰化縣 北斗鎮	521
ec12b840-9f84-439d-baf4-0b621ef4bbd9	4a55eee0-89ed-474d-bb5e-5483b79cbba9	billing	郭友仁	0971315866	a9311010@gmail.com	home	\N	\N	\N	\N	\N
ffe0a915-ea43-42f2-9223-4fdab619da7b	4a55eee0-89ed-474d-bb5e-5483b79cbba9	shipping	郭友仁	0971315866	\N	home	\N	\N	桃園市龍潭區民生路10號	\N	\N
213e0299-fa9b-40df-8c61-277ce4b4236a	9f228d48-845b-4ee1-b544-63f9b7016532	billing	劉詩萍	0988-773-991	a8855462@kimo.com	home	\N	\N	\N	\N	\N
612fb43d-22e6-4c40-8745-d3870794514b	9f228d48-845b-4ee1-b544-63f9b7016532	shipping	劉詩萍	0988-773-991	\N	home	\N	\N	基隆市中山區中和路85巷12號1及2樓	\N	\N
f7cbfb8c-d01d-4dac-a2f7-0357813ce9f9	970588a7-072c-49ee-8522-c8dc0b6363b2	billing	廖芳妤	0972013303	lsmc999@gmail.com	home	\N	\N	\N	\N	\N
ead96847-7e9f-4ca0-9cea-60d07ae60905	970588a7-072c-49ee-8522-c8dc0b6363b2	shipping	廖芳妤	0972013303	\N	home	\N	\N	新北市新店區大豐路12號	\N	\N
0684ce5b-f5fa-41bd-a5ef-02895b99f252	d20b12ec-2e67-48ae-8778-458bd6602749	billing	徐宛韻	0918218748	ayuing@gmail.com	home	\N	\N	\N	\N	\N
5a7ca55d-a287-43c5-ba55-5a546e5924f3	d20b12ec-2e67-48ae-8778-458bd6602749	shipping	徐宛韻	0918218748	\N	home	\N	\N	台北市文山區興隆路一段55巷27弄1之4號	\N	\N
136a2cd0-4dac-427f-aee2-6799dad87d0d	d70926a8-984e-42a4-8a9f-af1d11c9768d	billing	佳瓅郭	0955135976	jojogirl0706@yahoo.com.tw	home	\N	\N	南港路二段141號	臺北市 南港區	115
be1aeebb-7cec-4bb4-a7b5-81825b42ba7f	d70926a8-984e-42a4-8a9f-af1d11c9768d	shipping	佳瓅郭	0955135976	\N	home	\N	\N	南港路二段141號	臺北市 南港區	115
1d8fc30e-aa4f-4074-a4eb-1039f002d6ba	0a49e401-3ead-47ec-91af-02be879e23d5	billing	蕭雯鴻	0928104922	whale1017@gmail.com	home	\N	\N	\N	\N	\N
d78f0e40-5d0f-4bfe-ad19-48db4cace542	0a49e401-3ead-47ec-91af-02be879e23d5	shipping	蕭雯鴻	0928104922	\N	home	\N	\N	新北市中和區中正路276號1樓	\N	\N
5093c8e0-ca89-425c-838e-c9b9b6669fc0	791800a8-c260-46d7-876f-20727cb17591	billing	蕭宥君	0912086079	yuchun1129@gmail.com	home	\N	\N	\N	\N	\N
6acee2e1-c996-4a63-ade9-e122d107a5b9	791800a8-c260-46d7-876f-20727cb17591	shipping	蕭宥君	0912086079	\N	home	\N	\N	新北市板橋區僑中二街116巷1號1樓	\N	\N
0a285818-9b07-412e-8508-1db20c2d2919	6fc8da4d-6941-4ef1-80f9-4e73debb749d	billing	張啟慧	0981340326	sabrina.chang1120@gmail.com	home	\N	\N	\N	\N	\N
4a421763-4ff7-478b-8f76-2cf4daa8edd7	6fc8da4d-6941-4ef1-80f9-4e73debb749d	shipping	張啟慧	0981340326	\N	home	\N	\N	台北市中正區牯嶺街138號1樓	\N	\N
2d5db9a4-616f-41b0-9742-b83d68854a84	8e75e193-e25e-4929-9cb4-c67dd7b9031c	billing	蕭景瑜	0987803762	sarahdonnay@gmail.com	home	\N	\N	\N	\N	\N
c24672e0-7a2f-4896-8567-1b3e910a1947	8e75e193-e25e-4929-9cb4-c67dd7b9031c	shipping	蕭景瑜	0987803762	\N	home	\N	\N	台南市麻豆區新生南路165號1樓	\N	\N
6a2803dc-1560-4333-8291-3cd5bd9948a7	216239cf-b1f5-4290-b247-ef3848d114c9	billing	佳瓅郭	0955135976	jojogirl0706@yahoo.com.tw	home	\N	\N	南港路二段141號	臺北市 南港區	115
0727078f-5691-4b47-9861-30b200ffdd57	216239cf-b1f5-4290-b247-ef3848d114c9	shipping	佳瓅郭	0955135976	\N	home	\N	\N	南港路二段141號	臺北市 南港區	115
6adc4e80-efa6-4a2b-a966-366f22b6a1d1	a0447394-9509-4018-9972-11a478d72f07	billing	謝怡雯	0922163348	applewindycandy@gmail.com	home	\N	\N	花園七路一段23號	\N	\N
e1c92766-d91f-42e0-bba0-872c7ca175dd	a0447394-9509-4018-9972-11a478d72f07	shipping	謝怡雯	0922163348	\N	home	\N	\N	新北市新店區粗坑里花園一路一段2號一樓	\N	\N
376117be-4f33-4325-9b51-e620d85ee60d	a365f29f-12e9-4c0d-82b7-d1a3762a91a4	billing	周自軒	0911869467	jan23xchou@gmail.com	home	\N	\N	廈門街113巷12之5號4樓	\N	\N
2c6233d1-6151-4834-a2f1-859e14ac7a3b	a365f29f-12e9-4c0d-82b7-d1a3762a91a4	shipping	周自軒	0911869467	\N	home	\N	\N	台北市中正區廈門街113巷17號1樓及地下室部分	\N	\N
d417c3ab-ade3-4469-b069-2f530c1c62da	5eb4058a-217b-4e26-8766-2d5fda57f7df	billing	周自軒	0911869467	jan23xchou@gmail.com	home	\N	\N	廈門街113巷12之5號4樓	\N	\N
25b0e647-b086-4736-b054-9125a38e3a07	5eb4058a-217b-4e26-8766-2d5fda57f7df	shipping	周自軒	0911869467	\N	home	\N	\N	台北市中正區廈門街113巷17號1樓及地下室部分	\N	\N
9cb01bac-fd89-482e-83f8-b5d3120798b7	dbdd6838-48fc-4ec5-89ec-57892c8dcf7f	billing	張葶衫	0929801858	amy900323@hotmail.com	home	\N	\N	\N	\N	\N
e48acfd1-0531-413b-93af-f00fdd8588dd	dbdd6838-48fc-4ec5-89ec-57892c8dcf7f	shipping	張葶衫	0929801858	\N	home	\N	\N	新北市汐止區保一街39號	\N	\N
eb11e516-0134-4339-8d92-d67686d14775	0be9bef0-09d2-481a-ac26-16b74ebda23e	billing	林淑媛	0911577758	a22633158@yahoo.com.tw	home	\N	\N	立德路74巷3號3樓	新北市 土城區	236
be1c3ef0-8b93-47e5-bd8d-6f0552f7c001	0be9bef0-09d2-481a-ac26-16b74ebda23e	shipping	林淑媛	0911577758	\N	home	\N	\N	立德路74巷3號3樓	新北市 土城區	236
20f86637-9ac1-481c-a07a-9324cd3abac8	1279eab0-c84f-49fe-8f03-0f2e21542c6e	billing	林淑媛	0911577758	a22633158@yahoo.com.tw	home	\N	\N	立德路74巷3號3樓	新北市 土城區	236
ad682c46-a036-4d0a-bba1-4226f9f840fb	1279eab0-c84f-49fe-8f03-0f2e21542c6e	shipping	林淑媛	0911577758	\N	home	\N	\N	立德路74巷3號3樓	新北市 土城區	236
eef2cd83-f30e-4ff1-9c92-ea11fc6cb74f	7599a544-2172-4372-b91d-8d09f998ad44	billing	林淑媛	0911577758	a22633158@yahoo.com.tw	home	\N	\N	立德路74巷3號3樓	新北市 土城區	23645
5dbf7fa8-f01a-4b5d-aed8-e3e90b718ebb	7599a544-2172-4372-b91d-8d09f998ad44	shipping	林淑媛	0911577758	\N	home	\N	\N	立德路74巷3號3樓	新北市 土城區	23645
\.


--
-- Data for Name: order_items; Type: TABLE DATA; Schema: public; Owner: postgres
--

COPY public.order_items (id, order_id, variant_id, product_snapshot, qty, unit_price) FROM stdin;
abb793c1-6557-47fd-838e-9ff865081f71	c7e85e05-cb4a-4fbc-a321-277abe6d4b3b	\N	{"name": "一週營養任務包 - 營養任務包", "variant_name": "variation_2570", "wp_product_id": 2480}	4	345.00
c7036119-d901-4bab-9e2e-95ead82f8bf4	c7e85e05-cb4a-4fbc-a321-277abe6d4b3b	\N	{"name": "果真草莓 | 童心未泯 - 夾鏈袋裝 300公克", "variant_name": "variation_2439", "wp_product_id": 2438}	1	380.00
bc80f170-483d-4379-8633-7d69699a7935	c7e85e05-cb4a-4fbc-a321-277abe6d4b3b	\N	{"name": "三果日麗｜草莓 x 蘋果 x 哈密瓜", "variant_name": null, "wp_product_id": 2664}	1	520.00
e38f292e-5edf-42c7-928f-5d2207b16221	c7e85e05-cb4a-4fbc-a321-277abe6d4b3b	\N	{"name": "雙果日和｜水蜜桃 x 蘋果", "variant_name": null, "wp_product_id": 2656}	1	215.00
98b4676b-dd5a-4b5d-9d86-701002d9a267	c7e85e05-cb4a-4fbc-a321-277abe6d4b3b	\N	{"name": "誠真生活禮袋．環保袋", "variant_name": null, "wp_product_id": 2457}	1	0.00
1b38e5bc-652c-468d-8752-ad134a1e8eb1	a7a8f2de-e379-4c71-a13a-6c6dda4b0216	\N	{"name": "一週營養任務包 - 營養任務包", "variant_name": "variation_2570", "wp_product_id": 2480}	2	333.00
8dae7c3b-2b91-447b-a97d-4fb95a5a80ec	a7a8f2de-e379-4c71-a13a-6c6dda4b0216	\N	{"name": "可可｜哥守護你 - 夾鏈袋裝 300公克", "variant_name": "variation_2454", "wp_product_id": 2453}	1	367.00
1b625a1c-c069-4179-a337-36c9a04ba03e	a7a8f2de-e379-4c71-a13a-6c6dda4b0216	\N	{"name": "芝麻藍莓｜深邃之美 - 夾鏈袋裝 300公克", "variant_name": "variation_2449", "wp_product_id": 2448}	1	367.00
00773ccc-c698-4d77-9be2-92b6caa493f9	a7a8f2de-e379-4c71-a13a-6c6dda4b0216	\N	{"name": "誠真生活禮袋．環保袋", "variant_name": null, "wp_product_id": 2457}	1	0.00
9827910d-8265-4b53-8127-e9b9804a2859	d267a6d9-aa84-4937-8fe3-f980e19c2743	\N	{"name": "可可｜哥守護你 - 隨身包 50公克", "variant_name": "variation_2455", "wp_product_id": 2453}	3	51.33
925f0e5a-9679-4747-b8b1-a5175ae8387b	d267a6d9-aa84-4937-8fe3-f980e19c2743	\N	{"name": "可可｜哥守護你 - 夾鏈袋裝 300公克", "variant_name": "variation_2454", "wp_product_id": 2453}	1	367.00
b2872a49-8096-4ba8-8f94-99a496b91047	d267a6d9-aa84-4937-8fe3-f980e19c2743	\N	{"name": "芝麻藍莓｜深邃之美 - 夾鏈袋裝 300公克", "variant_name": "variation_2449", "wp_product_id": 2448}	1	367.00
06164ce5-2889-4f18-8224-ea5f7ed6a1af	d267a6d9-aa84-4937-8fe3-f980e19c2743	\N	{"name": "芝麻藍莓｜深邃之美 - 隨身包 50公克", "variant_name": "variation_2450", "wp_product_id": 2448}	3	52.00
1b3e3328-621b-4e41-b412-8c118f7aa6dd	3ea9cef9-b3f7-41ae-9adb-96eb30bc72b0	\N	{"name": "一週營養任務包 - 營養任務包", "variant_name": "variation_2570", "wp_product_id": 2480}	3	325.00
68651957-d2b4-446c-9eb4-e0cc724fc235	3ea9cef9-b3f7-41ae-9adb-96eb30bc72b0	\N	{"name": "一週營養任務包 - 營養升級包", "variant_name": "variation_2572", "wp_product_id": 2480}	2	523.00
f6228e3e-cb9d-462d-8ad9-7e54d2c64b66	3ea9cef9-b3f7-41ae-9adb-96eb30bc72b0	\N	{"name": "芝麻藍莓｜深邃之美 - 隨身包 50公克", "variant_name": "variation_2450", "wp_product_id": 2448}	4	45.00
03619a28-7861-4c42-a958-e24aa83a8f86	3ea9cef9-b3f7-41ae-9adb-96eb30bc72b0	\N	{"name": "果真草莓 | 童心未泯 - 隨身包 50公克", "variant_name": "variation_2440", "wp_product_id": 2438}	4	45.50
e8641121-61ea-449e-87ac-12fe999969e8	5ba0ed35-0f51-4593-a184-5dfe834238b3	\N	{"name": "一週營養任務包 - 營養升級包", "variant_name": "variation_2572", "wp_product_id": 2480}	1	543.00
e1ceb53c-24df-4df5-9bd6-304a1978c492	5ba0ed35-0f51-4593-a184-5dfe834238b3	\N	{"name": "一週營養任務包 - 營養任務包", "variant_name": "variation_2570", "wp_product_id": 2480}	2	345.00
d0026d33-15ab-474e-b79e-fcda59a7884b	72a381b1-c5d7-4b71-8a08-09be3cebaeaa	\N	{"name": "一週營養任務包 - 營養任務包", "variant_name": "variation_2570", "wp_product_id": 2480}	1	345.00
7f6e537b-5707-4e50-a1f2-89c684cfe5de	72a381b1-c5d7-4b71-8a08-09be3cebaeaa	\N	{"name": "可可｜哥守護你 - 隨身包 50公克", "variant_name": "variation_2455", "wp_product_id": 2453}	3	64.00
4f23dbd3-a64a-45cd-b485-3d19440172bb	72a381b1-c5d7-4b71-8a08-09be3cebaeaa	\N	{"name": "雙果日和｜草莓 x 哈密瓜", "variant_name": null, "wp_product_id": 2668}	2	215.00
e67167bf-efb2-461f-b85b-7e772acd7560	d794c504-5b76-4130-b387-c7c437d7df5b	\N	{"name": "一週營養任務包 - 營養任務包", "variant_name": "variation_2570", "wp_product_id": 2480}	1	345.00
80b9c3e6-9eac-45f7-a887-057f2b6bdd96	d794c504-5b76-4130-b387-c7c437d7df5b	\N	{"name": "芝麻藍莓｜深邃之美 - 夾鏈袋裝 300公克", "variant_name": "variation_2449", "wp_product_id": 2448}	1	380.00
89ff058c-0ec9-47b7-9cfb-b4b06b0224bf	d794c504-5b76-4130-b387-c7c437d7df5b	\N	{"name": "初心原味｜誠之初 - 夾鏈袋裝 300公克", "variant_name": "variation_2434", "wp_product_id": 2365}	1	295.00
c8dba527-74e6-42f3-b266-c31da79861d1	34c22045-abee-4e55-9a7e-ca1491beaaf4	\N	{"name": "一週營養任務包 - 營養升級包", "variant_name": "variation_2572", "wp_product_id": 2480}	1	543.00
55b17268-0fe6-4899-8580-c97b43bed5cf	34c22045-abee-4e55-9a7e-ca1491beaaf4	\N	{"name": "芝麻藍莓｜深邃之美 - 夾鏈袋裝 300公克", "variant_name": "variation_2449", "wp_product_id": 2448}	1	380.00
ded47b06-bae5-49b0-9ce6-5e4d9a238add	31897a33-dfe4-4d46-a675-11964514a6d4	\N	{"name": "初心原味｜誠之初 - 夾鏈袋裝 300公克", "variant_name": "variation_2434", "wp_product_id": 2365}	3	295.00
d65fda0f-11d8-44c7-97fa-33637281117e	9ca4b574-fc8f-4269-974b-0704e6991d8a	\N	{"name": "日麗和常｜果乾完整體驗組", "variant_name": null, "wp_product_id": 2688}	1	900.00
be38ed3c-5caa-4852-b8df-be4b73caa203	797043b1-128d-4a80-b2bd-350793275e71	\N	{"name": "一週營養任務包 - 營養升級包", "variant_name": "variation_2572", "wp_product_id": 2480}	1	543.00
c4faeba9-4643-4d88-a8c1-e9546d0abb0f	dde1eda6-42a5-48c3-9725-225bcb567d01	\N	{"name": "一週營養任務包 - 營養任務包", "variant_name": "variation_2570", "wp_product_id": 2480}	1	345.00
03dbb65f-018a-4c86-b7e7-2b76712d02bf	dde1eda6-42a5-48c3-9725-225bcb567d01	\N	{"name": "一週營養任務包 - 營養升級包", "variant_name": "variation_2572", "wp_product_id": 2480}	1	543.00
dbaf673d-884d-4a21-a928-564977b69576	ba448998-76fd-4bdb-8557-4f02dacb697c	\N	{"name": "杏仁火龍果｜自由之心 - 夾鏈袋裝 300公克", "variant_name": "variation_2444", "wp_product_id": 2443}	1	380.00
588d295e-c9eb-4b4c-a3d7-31a80c7872e6	e62077ac-dfaa-4cc7-8d54-db985b4f0d30	\N	{"name": "可可｜哥守護你 - 隨身包 50公克", "variant_name": "variation_2455", "wp_product_id": 2453}	4	60.50
c5e03c7e-6bde-45d1-a50e-0581f59e1af1	e62077ac-dfaa-4cc7-8d54-db985b4f0d30	\N	{"name": "杏仁火龍果｜自由之心 - 隨身包 50公克", "variant_name": "variation_2445", "wp_product_id": 2443}	4	61.00
98f56080-2e31-46ea-a1ab-7bc2d81c15cd	e62077ac-dfaa-4cc7-8d54-db985b4f0d30	\N	{"name": "芝麻藍莓｜深邃之美 - 隨身包 50公克", "variant_name": "variation_2450", "wp_product_id": 2448}	4	61.00
63d67843-6752-42d0-83a1-34bebf7cb326	e62077ac-dfaa-4cc7-8d54-db985b4f0d30	\N	{"name": "果真草莓 | 童心未泯 - 隨身包 50公克", "variant_name": "variation_2440", "wp_product_id": 2438}	4	61.00
feca43a1-3994-45e9-a57b-f4ddd8cc0d3f	81d976c9-d5f8-4ce9-a029-73db088856ea	\N	{"name": "日麗和常｜果乾完整體驗組", "variant_name": null, "wp_product_id": 2688}	1	890.00
09496176-d4d6-45db-8f81-d3675c76d23a	16186695-a1a5-415f-becc-03473fe0f97c	\N	{"name": "雙果日和｜草莓 x 哈密瓜", "variant_name": null, "wp_product_id": 2668}	1	200.00
3ee81336-cf51-443a-ba50-6c78ec3cad85	16186695-a1a5-415f-becc-03473fe0f97c	\N	{"name": "初心原味｜誠之初 - 夾鏈袋裝 300公克", "variant_name": "variation_2434", "wp_product_id": 2365}	1	295.00
dd686019-9a16-4e2d-bc44-fef85d4cd217	16186695-a1a5-415f-becc-03473fe0f97c	\N	{"name": "芝麻藍莓｜深邃之美 - 夾鏈袋裝 300公克", "variant_name": "variation_2449", "wp_product_id": 2448}	1	380.00
475a9f4e-1dcd-4016-ad4e-9465a2806f59	ea85476f-9a26-4cb3-8905-3e6cbd8ad3db	\N	{"name": "日麗和常｜果乾完整體驗組", "variant_name": null, "wp_product_id": 2688}	1	800.00
c40a0659-faa7-4ccb-a894-bb9553e7524d	ea85476f-9a26-4cb3-8905-3e6cbd8ad3db	\N	{"name": "日和日常｜每日果香組", "variant_name": null, "wp_product_id": 2686}	1	580.00
76869763-46ee-4609-93d2-670e2ca9a592	ea85476f-9a26-4cb3-8905-3e6cbd8ad3db	\N	{"name": "誠真生活禮袋．環保袋", "variant_name": null, "wp_product_id": 2457}	1	0.00
c4e83c4c-ab84-4b78-81ec-b8b334205f8b	40aabc1d-1151-48e2-9d00-44f9353b0424	\N	{"name": "芝麻藍莓｜深邃之美 - 夾鏈袋裝 300公克", "variant_name": "variation_2449", "wp_product_id": 2448}	1	380.00
d38d86ae-7261-49da-bc89-6741e68a4860	40aabc1d-1151-48e2-9d00-44f9353b0424	\N	{"name": "果真草莓 | 童心未泯 - 夾鏈袋裝 300公克", "variant_name": "variation_2439", "wp_product_id": 2438}	1	380.00
cd703775-3a0e-4137-87a3-b9b0bdccd9b7	40aabc1d-1151-48e2-9d00-44f9353b0424	\N	{"name": "杏仁火龍果｜自由之心 - 夾鏈袋裝 300公克", "variant_name": "variation_2444", "wp_product_id": 2443}	1	380.00
39a1132c-0f82-4e66-b4e6-0b441cb830e9	40aabc1d-1151-48e2-9d00-44f9353b0424	\N	{"name": "一週營養任務包 - 營養任務包", "variant_name": "variation_2570", "wp_product_id": 2480}	2	345.00
352189aa-02f2-4206-a78d-2742c26afded	40aabc1d-1151-48e2-9d00-44f9353b0424	\N	{"name": "雙果日和｜草莓 x 哈密瓜", "variant_name": null, "wp_product_id": 2668}	2	200.00
03002bba-23b7-4e5d-a2ea-44a4d8ddfa2e	40aabc1d-1151-48e2-9d00-44f9353b0424	\N	{"name": "誠真生活禮袋．環保袋", "variant_name": null, "wp_product_id": 2457}	1	0.00
58068740-5bdc-49a3-acb6-86197b0d1d6d	2e463121-2c27-4e98-a2db-706a98ab6a98	\N	{"name": "誠真生活禮袋．環保袋", "variant_name": null, "wp_product_id": 2457}	1	0.00
79f2a026-7ce6-49c0-abdd-a33114e5078e	2e463121-2c27-4e98-a2db-706a98ab6a98	\N	{"name": "一週營養任務包 - 營養升級包", "variant_name": "variation_2572", "wp_product_id": 2480}	2	540.00
20912278-5856-490e-a61c-51c4a1e0583b	2e463121-2c27-4e98-a2db-706a98ab6a98	\N	{"name": "一週營養任務包 - 營養任務包", "variant_name": "variation_2570", "wp_product_id": 2480}	3	345.00
4c40c9d8-a264-410d-a3fb-7f767ecc33b8	bc5d0c92-c278-4599-84c6-0f019208c307	\N	{"name": "一週營養任務包 - 營養任務包", "variant_name": "variation_2570", "wp_product_id": 2480}	1	345.00
c4845814-0fcd-45c0-a7da-861210499e9f	bc5d0c92-c278-4599-84c6-0f019208c307	\N	{"name": "杏仁火龍果｜自由之心 - 隨身包 50公克", "variant_name": "variation_2445", "wp_product_id": 2443}	1	64.00
3ebddea4-5a3c-44b3-b1c9-33a0c66ff945	5660c34d-974c-46e5-96b7-5c45a9294cb5	\N	{"name": "初心原味｜誠之初 - 夾鏈袋裝 300公克", "variant_name": "variation_2434", "wp_product_id": 2365}	1	295.00
f1e38c7a-d0e3-43c1-ad71-c47003ac5bb5	aa31aad5-8938-4ae3-8265-e1d198014c3b	\N	{"name": "果真草莓 | 童心未泯 - 夾鏈袋裝 300公克", "variant_name": "variation_2439", "wp_product_id": 2438}	1	380.00
79259a97-2b86-4a92-9784-3776e52a46a1	aa31aad5-8938-4ae3-8265-e1d198014c3b	\N	{"name": "芝麻藍莓｜深邃之美 - 隨身包 50公克", "variant_name": "variation_2450", "wp_product_id": 2448}	2	64.00
d0f6dd01-5fdc-4d18-9039-de3063fbbab7	aa31aad5-8938-4ae3-8265-e1d198014c3b	\N	{"name": "可可｜哥守護你 - 隨身包 50公克", "variant_name": "variation_2455", "wp_product_id": 2453}	2	64.00
9d3e1100-ebb1-480e-a6fc-1cc4af58cf16	aa31aad5-8938-4ae3-8265-e1d198014c3b	\N	{"name": "杏仁火龍果｜自由之心 - 隨身包 50公克", "variant_name": "variation_2445", "wp_product_id": 2443}	2	64.00
ec463805-4e6a-4a35-88ae-c0a50197ce6f	1c1133e1-c129-40e5-abff-e532224dcfbe	\N	{"name": "日麗和常｜果乾完整體驗組", "variant_name": null, "wp_product_id": 2688}	1	800.00
22ea3fb5-e83e-4b22-a38b-739470cc1c29	aa0ed44c-2350-4f7e-8ada-f04e3ff4e4fe	\N	{"name": "可可｜哥守護你 - 隨身包 50公克", "variant_name": "variation_2455", "wp_product_id": 2453}	5	64.00
b1f6e660-229a-40a7-bff9-bdbc4a922710	aa0ed44c-2350-4f7e-8ada-f04e3ff4e4fe	\N	{"name": "杏仁火龍果｜自由之心 - 隨身包 50公克", "variant_name": "variation_2445", "wp_product_id": 2443}	5	64.00
38f6d38f-4fd2-4a89-aed5-edf0782699c0	aa0ed44c-2350-4f7e-8ada-f04e3ff4e4fe	\N	{"name": "芝麻藍莓｜深邃之美 - 隨身包 50公克", "variant_name": "variation_2450", "wp_product_id": 2448}	1	64.00
fc09b5ed-9153-4d8e-950f-ce3858ccb953	aa0ed44c-2350-4f7e-8ada-f04e3ff4e4fe	\N	{"name": "果真草莓 | 童心未泯 - 隨身包 50公克", "variant_name": "variation_2440", "wp_product_id": 2438}	1	64.00
5201d26c-4dcc-44af-91f2-c76ba76f0423	aa0ed44c-2350-4f7e-8ada-f04e3ff4e4fe	\N	{"name": "初心原味｜誠之初 - 隨身包 50公克", "variant_name": "variation_2435", "wp_product_id": 2365}	1	49.00
e0fb4338-bf42-4027-874d-b6f22cd3fe04	356b6153-6cac-4df0-835f-027f968240a8	\N	{"name": "芝麻藍莓｜深邃之美 - 夾鏈袋裝 300公克", "variant_name": "variation_2449", "wp_product_id": 2448}	5	380.00
b9661670-d4ab-41a7-a213-f54db5e09247	356b6153-6cac-4df0-835f-027f968240a8	\N	{"name": "杏仁火龍果｜自由之心 - 夾鏈袋裝 300公克", "variant_name": "variation_2444", "wp_product_id": 2443}	5	380.00
9f4b3be0-a21a-4dc9-8d2e-3d8c2281180e	356b6153-6cac-4df0-835f-027f968240a8	\N	{"name": "誠真生活禮袋．環保袋", "variant_name": null, "wp_product_id": 2457}	1	0.00
124a498f-bbeb-4a75-8508-f5f4cd8fe62c	3aa74d0c-f85d-4711-aab1-b1a7d0bc3e8b	\N	{"name": "初心原味｜誠之初 - 夾鏈袋裝 300公克", "variant_name": "variation_2434", "wp_product_id": 2365}	1	295.00
9d26e905-79d3-45b4-a956-4e72daf8245e	3aa74d0c-f85d-4711-aab1-b1a7d0bc3e8b	\N	{"name": "芝麻藍莓｜深邃之美 - 夾鏈袋裝 300公克", "variant_name": "variation_2449", "wp_product_id": 2448}	1	380.00
c0d98a5e-7c20-4c43-8ccc-567bb2bbd269	3aa74d0c-f85d-4711-aab1-b1a7d0bc3e8b	\N	{"name": "可可｜哥守護你 - 夾鏈袋裝 300公克", "variant_name": "variation_2454", "wp_product_id": 2453}	1	380.00
9ce45e91-75ef-46b6-8ac5-f65904c78e1a	7a9c79b7-b020-49d6-bbd8-659bfee70f8a	\N	{"name": "杏仁火龍果｜自由之心 - 夾鏈袋裝 300公克", "variant_name": "variation_2444", "wp_product_id": 2443}	1	373.00
f02d5b14-696b-42c5-9ef9-9f9fd29ae5e7	7a9c79b7-b020-49d6-bbd8-659bfee70f8a	\N	{"name": "初心原味｜誠之初 - 夾鏈袋裝 300公克", "variant_name": "variation_2434", "wp_product_id": 2365}	1	288.00
83e57ded-738b-4d19-9d47-6ac17716a8d4	7a9c79b7-b020-49d6-bbd8-659bfee70f8a	\N	{"name": "芝麻藍莓｜深邃之美 - 夾鏈袋裝 300公克", "variant_name": "variation_2449", "wp_product_id": 2448}	1	373.00
6b192732-9965-4cc9-a1e5-bc1796745574	7a9c79b7-b020-49d6-bbd8-659bfee70f8a	\N	{"name": "雙果日和｜無花果 x 蘋果", "variant_name": null, "wp_product_id": 2660}	2	193.00
ef0f9e91-a556-40b5-90fd-17663e2cac11	7a9c79b7-b020-49d6-bbd8-659bfee70f8a	\N	{"name": "誠真生活禮袋．環保袋", "variant_name": null, "wp_product_id": 2457}	1	0.00
e05138cc-fb8c-4a22-90a4-6070805aa300	7a9c79b7-b020-49d6-bbd8-659bfee70f8a	\N	{"name": "三果日麗｜草莓 x 蘋果 x 哈密瓜", "variant_name": null, "wp_product_id": 2664}	1	412.00
74b2f5e5-731c-4656-bc26-cfe79e9ced8b	7a9c79b7-b020-49d6-bbd8-659bfee70f8a	\N	{"name": "單果日常｜無花果", "variant_name": null, "wp_product_id": 2662}	1	193.00
0444511d-d62c-4836-996a-affbc43d3b54	0262f24e-f3e5-47c3-989d-eae046a947e6	\N	{"name": "可可｜哥守護你 - 夾鏈袋裝 300公克", "variant_name": "variation_2454", "wp_product_id": 2453}	2	371.00
b7a1076b-cd5e-4734-aa3c-4b06936c98ac	0262f24e-f3e5-47c3-989d-eae046a947e6	\N	{"name": "芝麻藍莓｜深邃之美 - 夾鏈袋裝 300公克", "variant_name": "variation_2449", "wp_product_id": 2448}	2	372.00
2f57d103-04da-4118-92dc-28cdb22c5ebc	0262f24e-f3e5-47c3-989d-eae046a947e6	\N	{"name": "杏仁火龍果｜自由之心 - 夾鏈袋裝 300公克", "variant_name": "variation_2444", "wp_product_id": 2443}	2	372.00
5de9db7e-9038-4098-a63f-fc8161b533fb	0262f24e-f3e5-47c3-989d-eae046a947e6	\N	{"name": "誠真生活禮袋．環保袋", "variant_name": null, "wp_product_id": 2457}	1	0.00
ca299be7-f09b-46c8-94ea-800a2010b818	13e8085b-0c15-4672-aaa1-746d6e6705b8	\N	{"name": "一週營養任務包 - 營養任務包", "variant_name": "variation_2570", "wp_product_id": 2480}	1	345.00
2330299a-b13f-4a73-a64b-e1291c2cbc94	5622ab1e-4343-46fa-9eff-06786cb28d10	\N	{"name": "可可｜哥守護你 - 夾鏈袋裝 300公克", "variant_name": "variation_2454", "wp_product_id": 2453}	1	355.00
41ce605b-a2bf-49c2-af63-59585d5efa5f	5622ab1e-4343-46fa-9eff-06786cb28d10	\N	{"name": "芝麻藍莓｜深邃之美 - 隨身包 50公克", "variant_name": "variation_2450", "wp_product_id": 2448}	1	39.00
3543f306-2e4a-4c07-a3d9-1ba5464e1cfa	d669f1da-8f21-4c12-8541-19b1c685dc33	\N	{"name": "芝麻藍莓｜深邃之美 - 隨身包 50公克", "variant_name": "variation_2450", "wp_product_id": 2448}	5	64.00
f9e53914-7fa1-4025-9884-27f4b7101e7a	d669f1da-8f21-4c12-8541-19b1c685dc33	\N	{"name": "果真草莓 | 童心未泯 - 隨身包 50公克", "variant_name": "variation_2440", "wp_product_id": 2438}	8	64.00
b8bc2ce8-ef30-4066-a74a-e0b8ff48deea	d669f1da-8f21-4c12-8541-19b1c685dc33	\N	{"name": "杏仁火龍果｜自由之心 - 隨身包 50公克", "variant_name": "variation_2445", "wp_product_id": 2443}	6	64.00
efbb8204-9f4d-46e5-8013-b1c1e2e4fcd2	d669f1da-8f21-4c12-8541-19b1c685dc33	\N	{"name": "誠真生活禮袋．環保袋", "variant_name": null, "wp_product_id": 2457}	1	0.00
cd667b76-54e8-46c4-9a6c-4e63a09b1e78	ddb3cebc-012b-41fd-904f-6f3557b7ae6c	\N	{"name": "可可｜哥守護你 - 夾鏈袋裝 300公克", "variant_name": "variation_2454", "wp_product_id": 2453}	1	400.00
4ac33e8c-61b9-4380-8c4d-c3ab071d9187	ddb3cebc-012b-41fd-904f-6f3557b7ae6c	\N	{"name": "一週營養任務包 - 營養升級包", "variant_name": "variation_2572", "wp_product_id": 2480}	1	540.00
699f5b36-2877-4932-ae82-910316098958	ddb3cebc-012b-41fd-904f-6f3557b7ae6c	\N	{"name": "一週營養任務包 - 營養任務包", "variant_name": "variation_2570", "wp_product_id": 2480}	1	345.00
0f448561-7504-4f6e-9712-0ca04044d9fd	ddb3cebc-012b-41fd-904f-6f3557b7ae6c	\N	{"name": "誠真生活禮袋．環保袋", "variant_name": null, "wp_product_id": 2457}	1	0.00
0491b9fe-32bc-452f-b5be-538f4eda779f	ddb3cebc-012b-41fd-904f-6f3557b7ae6c	\N	{"name": "果真草莓 | 童心未泯 - 隨身包 50公克", "variant_name": "variation_2440", "wp_product_id": 2438}	6	67.00
df6e4849-30b1-4729-aeaf-198edd937417	10eb1b79-2c20-4c6d-813f-5ce70ca9c314	\N	{"name": "可可｜哥守護你 - 夾鏈袋裝 300公克", "variant_name": "variation_2454", "wp_product_id": 2453}	1	400.00
96d6cd2f-c90b-430b-97a4-7253c7717949	10eb1b79-2c20-4c6d-813f-5ce70ca9c314	\N	{"name": "一週營養任務包 - 營養升級包", "variant_name": "variation_2572", "wp_product_id": 2480}	1	540.00
f6af8502-740c-4617-808f-432cb4fad0d6	10eb1b79-2c20-4c6d-813f-5ce70ca9c314	\N	{"name": "一週營養任務包 - 營養任務包", "variant_name": "variation_2570", "wp_product_id": 2480}	1	345.00
7275e25e-6f61-4b96-a541-74cb8e2f6051	10eb1b79-2c20-4c6d-813f-5ce70ca9c314	\N	{"name": "誠真生活禮袋．環保袋", "variant_name": null, "wp_product_id": 2457}	1	0.00
47ba85c1-8793-4439-9dd6-75807323dfda	10eb1b79-2c20-4c6d-813f-5ce70ca9c314	\N	{"name": "果真草莓 | 童心未泯 - 隨身包 50公克", "variant_name": "variation_2440", "wp_product_id": 2438}	6	67.00
f6ae984b-9b10-4ba0-abb0-52b36eaf2a9b	a57d97e3-b6b6-45e2-9e53-0ba32d4b1bd5	\N	{"name": "一週營養任務包 - 營養升級包", "variant_name": "variation_2572", "wp_product_id": 2480}	1	549.00
ec74f7d9-5c36-4bbd-9afc-e803df3128af	6097dc52-26aa-46c6-b009-f8c871d9fe0b	\N	{"name": "一週營養任務包 - 營養升級包", "variant_name": "variation_2572", "wp_product_id": 2480}	1	549.00
bf6c3d52-2933-49a8-a92c-62f31c652935	a621fbfc-c6b5-408a-bc52-bac1b9ae0a31	\N	{"name": "一週營養任務包 - 營養升級包", "variant_name": "variation_2572", "wp_product_id": 2480}	1	549.00
945052a4-38d3-44df-9ea7-44d6ad144e3a	26043866-fff3-4483-a96e-ea46e7462045	\N	{"name": "果真草莓 | 童心未泯 - 隨身包 50公克", "variant_name": "variation_2440", "wp_product_id": 2438}	8	67.00
0dc82c4b-5282-4123-aaa2-82f148c18de1	26043866-fff3-4483-a96e-ea46e7462045	\N	{"name": "可可｜哥守護你 - 隨身包 50公克", "variant_name": "variation_2455", "wp_product_id": 2453}	2	67.00
1e18a4bc-5ab4-4fcf-9858-940096a83a95	26043866-fff3-4483-a96e-ea46e7462045	\N	{"name": "杏仁火龍果｜自由之心 - 隨身包 50公克", "variant_name": "variation_2445", "wp_product_id": 2443}	1	67.00
bf3cd817-0e00-4ca2-9a5d-96e838d1dfb0	5ff9ad30-ae7e-421b-805e-1b901dab0587	\N	{"name": "入門首選 | 一週營養任務包 - 營養任務包", "variant_name": "variation_2570", "wp_product_id": 2480}	1	359.00
b47e8518-8c8a-4679-b3eb-9ff0fb5b307b	6c85e2ba-9a8a-4b46-a0bc-24abfbc9162d	\N	{"name": "雙果日和｜草莓 x 哈密瓜", "variant_name": null, "wp_product_id": 2668}	2	200.00
b2b2933a-6a63-412e-ba8d-48e09215b5c7	6c85e2ba-9a8a-4b46-a0bc-24abfbc9162d	\N	{"name": "雙果日和｜水蜜桃 x 蘋果", "variant_name": null, "wp_product_id": 2656}	2	200.00
5e9cd500-29c0-44ae-a974-293ec12faad7	6c85e2ba-9a8a-4b46-a0bc-24abfbc9162d	\N	{"name": "雙果日和｜草莓 x 蘋果", "variant_name": null, "wp_product_id": 2646}	2	200.00
3ddab71c-090f-47bc-a315-516859428ab6	6c85e2ba-9a8a-4b46-a0bc-24abfbc9162d	\N	{"name": "誠真生活禮袋．環保袋", "variant_name": null, "wp_product_id": 2457}	1	0.00
cbe8882e-3100-4796-a8c6-656243df1a1e	6c85e2ba-9a8a-4b46-a0bc-24abfbc9162d	\N	{"name": "三果日麗｜草莓 x 蘋果 x 哈密瓜", "variant_name": null, "wp_product_id": 2664}	1	420.00
67b1a919-6be0-4e3a-8d50-24a7b52de731	a1d9f571-f446-41b9-ba5e-42d57c799a9a	\N	{"name": "誠真心意 | 滋養禮盒 - 一份用心準備的心意", "variant_name": "variation_3476", "wp_product_id": 3475}	3	730.00
013c33aa-68b4-483c-aefa-cdf29b173292	a1d9f571-f446-41b9-ba5e-42d57c799a9a	\N	{"name": "誠真心意 | 滋養禮盒 - 記得對自己好一點", "variant_name": "variation_3477", "wp_product_id": 3475}	2	730.00
3e0823d7-50b0-47df-81d7-8c612d380cc6	a1d9f571-f446-41b9-ba5e-42d57c799a9a	\N	{"name": "誠真生活禮袋．環保袋", "variant_name": null, "wp_product_id": 2457}	1	0.00
19d971bc-3b95-40b5-9704-4c0a0d5d7764	a1d9f571-f446-41b9-ba5e-42d57c799a9a	\N	{"name": "三果日麗｜草莓 x 蘋果 x 哈密瓜", "variant_name": null, "wp_product_id": 2664}	1	420.00
86c1e234-ec21-4ed3-945c-d50d532dce90	8b30f859-ca59-41de-a255-b9f004552f0e	\N	{"name": "雙果日和｜草莓 x 哈密瓜", "variant_name": null, "wp_product_id": 2668}	1	200.00
c7a30856-c614-45f7-9022-f2df86b32031	95e5c1c5-7506-42ad-8a6b-54385ea8e824	\N	{"name": "杏仁火龍果｜自由之心 - 隨身包 50公克", "variant_name": "variation_2445", "wp_product_id": 2443}	1	67.00
d4f37842-8a32-428f-b590-46301643df06	95e5c1c5-7506-42ad-8a6b-54385ea8e824	\N	{"name": "芝麻藍莓｜深邃之美 - 隨身包 50公克", "variant_name": "variation_2450", "wp_product_id": 2448}	1	67.00
ebcf9a9b-6d0b-4984-a8d9-f011e972889d	95e5c1c5-7506-42ad-8a6b-54385ea8e824	\N	{"name": "入門首選 | 一週營養任務包 - 營養任務包", "variant_name": "variation_2570", "wp_product_id": 2480}	1	380.00
305e199d-310d-49f7-88a6-f1a5f7239b2b	95e5c1c5-7506-42ad-8a6b-54385ea8e824	\N	{"name": "果真草莓 | 童心未泯 - 隨身包 50公克", "variant_name": "variation_2440", "wp_product_id": 2438}	1	67.00
f459c69b-71e7-454d-b984-1ffa6a9b8c9c	95e5c1c5-7506-42ad-8a6b-54385ea8e824	\N	{"name": "芝麻藍莓｜深邃之美 - 夾鏈袋裝 300公克", "variant_name": "variation_2449", "wp_product_id": 2448}	1	400.00
070e2f69-d8eb-4f4a-9c4b-1c2befe8ee72	42b75745-766c-4617-a3b9-c19ae4bef63a	\N	{"name": "三果日麗｜草莓 x 蘋果 x 哈密瓜", "variant_name": null, "wp_product_id": 2664}	5	420.00
15faee94-ddf0-4cf5-ab5d-6a0fa53f7e37	42b75745-766c-4617-a3b9-c19ae4bef63a	\N	{"name": "雙果日和｜草莓 x 哈密瓜", "variant_name": null, "wp_product_id": 2668}	4	200.00
fdf35147-0294-4d25-a621-131e2ded1124	f0972e27-7b5c-4ca7-a2ea-af0f92be1ba5	\N	{"name": "入門首選 | 一週營養任務包 - 營養升級包", "variant_name": "variation_2572", "wp_product_id": 2480}	1	570.00
424fb46f-226e-4639-8f35-08588df4ea31	9acf0dc1-3254-492e-a91e-f8bca85ebc41	\N	{"name": "誠真心意 | 營養任務禮 - 記得對自己好一點", "variant_name": "variation_3414", "wp_product_id": 3410}	2	480.00
ae97dada-d3b6-46f9-bff4-b77a0aeac342	b68c2608-5a42-4d33-a2e0-0ab69fbef6f5	\N	{"name": "可可｜哥守護你 - 隨身包 50公克", "variant_name": "variation_2455", "wp_product_id": 2453}	1	67.00
54a4c9fa-0f2f-41a5-94f8-93fe203ee57c	9b3bac43-73a7-4782-989e-1448319bcd7e	\N	{"name": "果真草莓 | 童心未泯 - 隨身包 50公克", "variant_name": "variation_2440", "wp_product_id": 2438}	1	67.00
53848334-9314-4d50-b8ff-69d9fe773115	bb2877ac-96fc-489d-95e6-e93a8f7c5f0d	\N	{"name": "穩定補給 | 60 天植物蛋白支持計畫 - 可可．芝麻藍莓 各30入", "variant_name": "variation_3434", "wp_product_id": 3360}	1	3250.00
ba858f34-d81c-463b-a57e-6355efa12162	edafbfad-40ac-4c7b-90af-2a03eb2456a0	\N	{"name": "穩定補給 | 60 天植物蛋白支持計畫 - 可可．芝麻藍莓 各30入", "variant_name": "variation_3434", "wp_product_id": 3360}	1	3250.00
e7bb078d-c24d-473f-a388-0cd80f06ce2f	531e4930-2d4c-4f48-82c9-a037282b8de3	\N	{"name": "穩定補給 | 60 天植物蛋白支持計畫 - 可可．芝麻藍莓 各30入", "variant_name": "variation_3434", "wp_product_id": 3360}	1	3250.00
54a684f0-7b83-43c8-9c57-cb785d22b399	8e4546ea-d3b4-4686-ad18-087ba01644b1	\N	{"name": "穩定補給 | 60 天植物蛋白支持計畫 - 草莓．芝麻藍莓．杏仁火龍果 各 20入", "variant_name": "variation_3429", "wp_product_id": 3360}	1	3250.00
87730130-6912-42c2-8c3d-4a3640973f3e	e60ff350-1967-4009-8b77-45b9a24ffa5a	\N	{"name": "穩定補給 | 買3送2飲控支持活動 - 芝麻藍莓．杏仁火龍果．可可 各1入", "variant_name": "variation_3540", "wp_product_id": 3506}	1	1100.00
3daf6b7e-a15e-4899-8d41-7e38fd5cab7e	90f54f6f-24f2-4994-86cc-0a9a2a08e1af	\N	{"name": "穩定補給 | 買3送2飲控支持活動 - 初心原味 1入．草莓 2入", "variant_name": "variation_3551", "wp_product_id": 3506}	1	1045.00
c3129442-c3cc-4f68-ad0c-cb7cc3f71244	0f38fe9c-eab2-430c-8297-a8e36efe7ce4	\N	{"name": "日麗和常｜果乾完整體驗組", "variant_name": null, "wp_product_id": 2688}	1	782.00
0ddb36c3-d1b7-45cb-8e83-2d4c452833cd	0f38fe9c-eab2-430c-8297-a8e36efe7ce4	\N	{"name": "雙果日和｜無花果 x 蘋果", "variant_name": null, "wp_product_id": 2660}	3	183.00
4b9717dc-2515-438a-8516-e498af1b6990	0f38fe9c-eab2-430c-8297-a8e36efe7ce4	\N	{"name": "雙果日和｜草莓 x 蘋果", "variant_name": null, "wp_product_id": 2646}	3	183.00
89f32236-fe8e-458a-9e3d-7d04aebae67f	128e2df9-3c11-4332-b059-c6a0089fc64c	\N	{"name": "日麗和常｜果乾完整體驗組", "variant_name": null, "wp_product_id": 2688}	2	776.00
04ed1c56-9763-4f84-9cdd-cb8282ce7cff	128e2df9-3c11-4332-b059-c6a0089fc64c	\N	{"name": "雙果日和｜草莓 x 蘋果", "variant_name": null, "wp_product_id": 2646}	3	176.00
ddceef7e-04bc-4b7d-9d44-28c158fea276	3f37cfd5-e63e-400a-8ab6-204081ab6321	\N	{"name": "穩定補給 | 買3送2飲控支持活動 - 草莓．芝麻藍莓．杏仁火龍果 各 1入", "variant_name": "variation_3538", "wp_product_id": 3506}	1	1100.00
8dbf688f-1ed2-48e8-9308-e2f471026422	4a55eee0-89ed-474d-bb5e-5483b79cbba9	\N	{"name": "果真草莓 | 童心未泯 - 隨身包 50公克", "variant_name": "variation_2440", "wp_product_id": 2438}	4	67.00
85c3b1a8-0450-4f59-a42f-51e4ce36ab60	4a55eee0-89ed-474d-bb5e-5483b79cbba9	\N	{"name": "杏仁火龍果｜自由之心 - 隨身包 50公克", "variant_name": "variation_2445", "wp_product_id": 2443}	4	67.00
373fe6e4-aaa8-478a-89e5-79b5b4799852	4a55eee0-89ed-474d-bb5e-5483b79cbba9	\N	{"name": "芝麻藍莓｜深邃之美 - 隨身包 50公克", "variant_name": "variation_2450", "wp_product_id": 2448}	3	67.00
85e567a6-d686-4ff8-9d3c-627c435f6afa	9f228d48-845b-4ee1-b544-63f9b7016532	\N	{"name": "入門首選 | 一週營養任務包 - 營養任務包", "variant_name": "variation_2570", "wp_product_id": 2480}	2	380.00
74c53ae3-3853-4c16-b180-bb790187fcf1	970588a7-072c-49ee-8522-c8dc0b6363b2	\N	{"name": "初心原味｜誠之初 - 隨身包 50公克", "variant_name": "variation_2435", "wp_product_id": 2365}	7	52.00
b6e25636-b49e-4cd5-b222-8bdee23c312d	970588a7-072c-49ee-8522-c8dc0b6363b2	\N	{"name": "可可｜哥守護你 - 隨身包 50公克", "variant_name": "variation_2455", "wp_product_id": 2453}	6	67.00
a03978a7-7d31-4f16-849a-7babb338e4d6	970588a7-072c-49ee-8522-c8dc0b6363b2	\N	{"name": "果真草莓 | 童心未泯 - 隨身包 50公克", "variant_name": "variation_2440", "wp_product_id": 2438}	6	67.00
f20bd47d-6aeb-4f05-b5a4-46ee4e708ddb	d20b12ec-2e67-48ae-8778-458bd6602749	\N	{"name": "穩定補給 | 買3送2飲控支持活動 - 草莓．芝麻藍莓．杏仁火龍果 各 1入", "variant_name": "variation_3538", "wp_product_id": 3506}	1	1100.00
d966b453-87d8-4321-b5b1-1508e87e4a01	d70926a8-984e-42a4-8a9f-af1d11c9768d	\N	{"name": "穩定補給 | 買3送2飲控支持活動 - 草莓．芝麻藍莓．杏仁火龍果 各 1入", "variant_name": "variation_3538", "wp_product_id": 3506}	1	1000.00
7f7b28f4-6ac5-4577-8c5a-ba1a2b416321	d70926a8-984e-42a4-8a9f-af1d11c9768d	\N	{"name": "穩定補給 | 60 天植物蛋白支持計畫 - 草莓．芝麻藍莓．杏仁火龍果 各 20入", "variant_name": "variation_3429", "wp_product_id": 3360}	1	3150.00
4706fe65-cb94-43b2-a8e6-c3d7f1a91ac0	0a49e401-3ead-47ec-91af-02be879e23d5	\N	{"name": "杏仁火龍果｜自由之心 - 隨身包 50公克", "variant_name": "variation_2445", "wp_product_id": 2443}	5	62.40
695fa77a-6527-418b-8bc0-672f7df269ff	0a49e401-3ead-47ec-91af-02be879e23d5	\N	{"name": "可可｜哥守護你 - 隨身包 50公克", "variant_name": "variation_2455", "wp_product_id": 2453}	2	63.00
19d81800-b788-43d1-a2ca-f0fa0dd0df31	0a49e401-3ead-47ec-91af-02be879e23d5	\N	{"name": "果真草莓 | 童心未泯 - 隨身包 50公克", "variant_name": "variation_2440", "wp_product_id": 2438}	4	63.00
26e790c2-d428-4f2e-aecd-289044fcc9e9	0a49e401-3ead-47ec-91af-02be879e23d5	\N	{"name": "芝麻藍莓｜深邃之美 - 隨身包 50公克", "variant_name": "variation_2450", "wp_product_id": 2448}	2	63.00
8253d8b8-58ba-4d5b-84d0-b81234f7fbdd	791800a8-c260-46d7-876f-20727cb17591	\N	{"name": "可可｜哥守護你 - 隨身包 50公克", "variant_name": "variation_2455", "wp_product_id": 2453}	3	62.00
af7ca7a3-c6bd-4118-b957-46288e840733	791800a8-c260-46d7-876f-20727cb17591	\N	{"name": "杏仁火龍果｜自由之心 - 隨身包 50公克", "variant_name": "variation_2445", "wp_product_id": 2443}	3	62.00
3e49e629-c0e5-4eed-9fc2-2b37f657a6d5	791800a8-c260-46d7-876f-20727cb17591	\N	{"name": "果真草莓 | 童心未泯 - 隨身包 50公克", "variant_name": "variation_2440", "wp_product_id": 2438}	4	62.75
c1909e67-267e-40e5-a543-1702d60e2f6e	791800a8-c260-46d7-876f-20727cb17591	\N	{"name": "芝麻藍莓｜深邃之美 - 隨身包 50公克", "variant_name": "variation_2450", "wp_product_id": 2448}	2	63.00
3b7d9124-c8ed-422d-89e7-394b92937f7f	6fc8da4d-6941-4ef1-80f9-4e73debb749d	\N	{"name": "杏仁火龍果｜自由之心 - 隨身包 50公克", "variant_name": "variation_2445", "wp_product_id": 2443}	10	67.00
c7711631-ee2e-49ee-acfb-a93a3b2e6fa3	6fc8da4d-6941-4ef1-80f9-4e73debb749d	\N	{"name": "芝麻藍莓｜深邃之美 - 隨身包 50公克", "variant_name": "variation_2450", "wp_product_id": 2448}	10	67.00
36186426-be8f-42c0-8989-afbe5450f8e7	8e75e193-e25e-4929-9cb4-c67dd7b9031c	\N	{"name": "果真草莓 | 童心未泯 - 隨身包 50公克", "variant_name": "variation_2440", "wp_product_id": 2438}	8	67.00
ea5ab610-c812-4948-a49a-c59d1cec25e9	8e75e193-e25e-4929-9cb4-c67dd7b9031c	\N	{"name": "芝麻藍莓｜深邃之美 - 隨身包 50公克", "variant_name": "variation_2450", "wp_product_id": 2448}	6	67.00
425b268a-010e-470d-93ed-e4f8adfee259	8e75e193-e25e-4929-9cb4-c67dd7b9031c	\N	{"name": "杏仁火龍果｜自由之心 - 隨身包 50公克", "variant_name": "variation_2445", "wp_product_id": 2443}	8	67.00
0279c685-2448-418b-a5dc-82f8ef5d32fa	8e75e193-e25e-4929-9cb4-c67dd7b9031c	\N	{"name": "可可｜哥守護你 - 隨身包 50公克", "variant_name": "variation_2455", "wp_product_id": 2453}	4	67.00
95269b4d-3718-48b3-bede-af2bb35384b3	8e75e193-e25e-4929-9cb4-c67dd7b9031c	\N	{"name": "初心原味｜誠之初 - 隨身包 50公克", "variant_name": "variation_2435", "wp_product_id": 2365}	4	55.00
7faaa30c-74ac-44f9-a6ea-8ec15648798b	216239cf-b1f5-4290-b247-ef3848d114c9	\N	{"name": "穩定補給 | 植物蛋白買3送2飲控活動 - 草莓．芝麻藍莓．杏仁火龍果 各 1入", "variant_name": "variation_3538", "wp_product_id": 3506}	1	1033.00
66087686-9dc7-4fd5-baa7-bfc976400d83	216239cf-b1f5-4290-b247-ef3848d114c9	\N	{"name": "穩定補給 | 60 天植物蛋白支持計畫 - 草莓．芝麻藍莓．杏仁火龍果 各 20入", "variant_name": "variation_3429", "wp_product_id": 3360}	1	3183.00
e40fa845-db34-4f11-9703-c9fabaa2f734	216239cf-b1f5-4290-b247-ef3848d114c9	\N	{"name": "入門首選 | 一週營養任務包 - 營養升級包", "variant_name": "variation_2572", "wp_product_id": 2480}	1	504.00
72688553-5db2-4012-9eb9-cc05d440d5eb	a0447394-9509-4018-9972-11a478d72f07	\N	{"name": "穩定補給 | 百變誠真10天自選組合", "variant_name": null, "wp_product_id": 3653}	2	588.00
04e6e0d6-4d6e-45a2-9a36-010ea565725c	a365f29f-12e9-4c0d-82b7-d1a3762a91a4	\N	{"name": "入門推薦 | 初心探索10天隨身組合", "variant_name": null, "wp_product_id": 3649}	1	520.00
18a83576-80f6-47c9-be9d-47dca979e1a0	5eb4058a-217b-4e26-8766-2d5fda57f7df	\N	{"name": "入門推薦 | 初心探索10天隨身組合", "variant_name": null, "wp_product_id": 3649}	1	520.00
97d26f8e-f06e-48bd-a6df-6f5c32bdc456	dbdd6838-48fc-4ec5-89ec-57892c8dcf7f	\N	{"name": "入門推薦 | 一週營養任務包 - 營養升級包", "variant_name": "variation_2572", "wp_product_id": 2480}	1	560.00
2119ca3e-ebec-41b7-9408-9ace32f5168a	dbdd6838-48fc-4ec5-89ec-57892c8dcf7f	\N	{"name": "入門推薦 | 一週營養任務包 - 營養任務包", "variant_name": "variation_2570", "wp_product_id": 2480}	1	370.00
f0be0f62-2992-4eec-87b0-356d0195ff2f	0be9bef0-09d2-481a-ac26-16b74ebda23e	\N	{"name": "果真草莓 | 童心未泯 - 隨身包 50公克", "variant_name": "variation_2440", "wp_product_id": 2438}	26	67.00
eaa21eb3-3f83-4cc9-a00b-d61d4fd33e18	1279eab0-c84f-49fe-8f03-0f2e21542c6e	\N	{"name": "果真草莓 | 童心未泯 - 隨身包 50公克", "variant_name": "variation_2440", "wp_product_id": 2438}	20	67.00
8222e4d2-73a3-4ace-a3f5-a79da9ecf2fa	7599a544-2172-4372-b91d-8d09f998ad44	\N	{"name": "果真草莓 | 童心未泯 - 隨身包 50公克", "variant_name": "variation_2440", "wp_product_id": 2438}	20	67.00
\.


--
-- Data for Name: payments; Type: TABLE DATA; Schema: public; Owner: postgres
--

COPY public.payments (id, order_id, gateway, gateway_tx_id, amount, status, raw_response, paid_at, created_at) FROM stdin;
\.


--
-- Data for Name: post_categories; Type: TABLE DATA; Schema: public; Owner: postgres
--

COPY public.post_categories (id, name, slug, description, created_at) FROM stdin;
5b6bf70d-d218-4a28-9de6-9d21ff33e33c	All	all	\N	2026-03-28 01:56:17.546746+00
7633b4a9-d719-4bc9-a73a-ede233ae5c5c	食品科普	food-science	\N	2026-03-28 01:56:17.546746+00
b8136281-53e7-4906-a735-4a190266fd63	蛋白質	protein	\N	2026-03-28 01:56:17.546746+00
0abdd244-1582-4980-b65c-3e8da54a8971	水果	fruit	\N	2026-03-28 01:56:17.546746+00
\.


--
-- Data for Name: post_tags; Type: TABLE DATA; Schema: public; Owner: postgres
--

COPY public.post_tags (id, name, slug) FROM stdin;
\.


--
-- Data for Name: posts; Type: TABLE DATA; Schema: public; Owner: postgres
--

COPY public.posts (id, title, slug, excerpt, content_html, cover_image, status, published_at, scheduled_at, author_id, category_id, seo_title, seo_description, created_at, updated_at) FROM stdin;
991382d3-085d-4882-a339-256571350cad	甜得健康：認識天然代糖與凍乾無花果的雙重好處	allulose		<p>在健康飲食風潮中，「減糖」已成為許多人的日常選擇，但「甜」與「健康」真的無法兼得嗎？讓我們一起揭開<strong>天然代糖</strong>與<strong>超級食物無花果</strong>的美味秘密！</p>\n\n<figure class="wp-block-image size-full"><img src="https://realreal.cc/wp-content/uploads/2025/05/剪過的無花果燕麥晚.jpg" alt="" class="wp-image-2317"/></figure>\n\n<h2 class="wp-block-heading">一、代糖選得對，身體才會說謝謝</h2>\n\n<p><strong>人工代糖</strong>（如阿斯巴甜、蔗糖素、糖精）雖然零熱量，但多數為化學合成，不僅口感帶有苦味與金屬餘韻，還<kbd>可能擾亂腸道菌群與血糖代謝</kbd><sup data-fn="b758eec4-07f2-4538-94ac-f2b71410385d" class="fn"><a id="b758eec4-07f2-4538-94ac-f2b71410385d-link" href="#b758eec4-07f2-4538-94ac-f2b71410385d">1</a></sup>，增加肥胖、高血壓、糖尿病等代謝疾病的風險<sup data-fn="37059bf9-545a-4f71-b897-9860f9f755fc" class="fn"><a id="37059bf9-545a-4f71-b897-9860f9f755fc-link" href="#37059bf9-545a-4f71-b897-9860f9f755fc">2</a></sup>，對長期健康存在隱憂。</p>\n\n<p><strong>天然代糖</strong>則是從植物或自然來源中提取，不僅甜度接近蔗糖，且大多不會引起血糖劇烈波動，對身體更為溫和。例如：赤藻糖醇、羅漢果甜苷，以及<strong>阿洛酮糖（Allulose）</strong>。</p>\n\n<div style="height:24px" aria-hidden="true" class="wp-block-spacer"></div>\n\n<h2 class="wp-block-heading">二、阿洛酮糖：甜味界的隱藏冠軍</h2>\n\n<p><strong>阿洛酮糖</strong>是從天然植物中萃取的稀有糖，與葡萄糖結構相似，但<strong>幾乎不被人體吸收，甜度約為蔗糖的70%，但熱量近乎為零</strong>。</p>\n\n<p>它的三大亮點：</p>\n\n<p>• <strong>低升糖、低熱量</strong>：不刺激胰島素分泌，糖尿病與控制血糖者也能安心食用</p>\n\n<p>• <strong>不易造成齲齒</strong>：不像蔗糖會助長口腔細菌繁殖</p>\n\n<p>• <strong>順口無苦味</strong>：甜味自然，不會有人工代糖的化學口感</p>\n\n<div id="三、無花果凍乾的好處：不是只有甜而已"><h2>三、無花果凍乾的好處：不是只有甜而已</h2></div>\n\n<p>阿洛酮糖在美國與歐盟國家是合法的食品甜味劑，但台灣「食品添加物使用範圍及限量暨規格標準」尚未核可之。儘管如此，我們仍可以從無花果攝取天然的阿洛酮糖。</p>\n\n<p><strong>為什麼選擇無花果？因為它本身就是營養寶庫！</strong></p>\n\n<p>• <strong>高膳食纖維</strong>：幫助腸道蠕動，促進消化</p>\n\n<p>• <strong>天然果糖 + 微量礦物質</strong>：包含鉀、鎂，有助維持體內電解質平衡</p>\n\n<p>• <strong>植化素與多酚</strong>：抗氧化力佳，對抗自由基</p>\n\n<p>• <strong>低脂肪、無添加</strong>：健康無負擔，是下午茶、宵夜、旅途中最佳夥伴</p>\n\n<p>•<strong> 阿洛酮糖的天然來源</strong></p>\n\n<figure class="wp-block-image size-full"><img src="https://realreal.cc/wp-content/uploads/2025/05/無花果裁減-1.jpg" alt="" class="wp-image-2318"/></figure>\n\n<p><strong>【 推薦 】<a href="https://realreal.cc/product/fig/">無花果凍乾</a></strong></p>\n\n<p>甜味來自自然，營養來自果實。</p>\n\n<p>無糖也能這麼好吃，純淨補給，就選誠真。</p>\n\n<p></p>	https://realreal.cc/wp-content/uploads/2025/05/無花果裁減-1.jpg	published	2025-05-24 08:04:01+00	\N	\N	7633b4a9-d719-4bc9-a73a-ede233ae5c5c	甜得健康：認識天然代糖與凍乾無花果的雙重好處	在健康飲食風潮中，「減糖」已成為許多人的日常選擇，但「甜」與「健康」真的無法兼得嗎？讓我們一起揭開天然代糖與超級食物無花果的美味秘密！ 一、代糖選得對，身體才會說謝謝 人工代糖（如阿斯巴甜、蔗糖素、糖精）雖然零熱量，但多數為化學合成，不僅口感帶有苦味與金屬餘韻，還可能擾亂腸道菌群與血糖代謝1，增加肥	2026-03-28 01:56:17.772867+00	2026-03-28 01:56:17.772867+00
1184426b-1b3d-4425-9efc-ec53cef941a0	什麼水果可以上太空？凍乾水果與傳統果乾的差別？	freeze-dried-space-fruit		<p>為什麼凍乾水果比較健康？</p>\n\n<p>凍乾水果是用製作太空食物的技術製成</p>\n\n<p>製造過程低於零度，保留每一口果香與營養</p>\n\n<p>不喜歡黏黏甜甜的果乾？想找更健康、更天然、更有趣的替代品？</p>\n\n<div><p>水果凍乾，比你想的更有料</p></div>\n\n<p>誠真帶你認識什麼是可以上太空的水果──「冷凍乾燥水果」！</p>\n\n<figure class="wp-block-video"><video autoplay loop muted src="https://realreal.cc/wp-content/uploads/2025/10/AdobeStock_1536303627.mov"></video></figure>\n\n<nav><p>目錄</p><ul><li><a href="#一、凍乾是什麼？為什麼這麼特別？">一、凍乾是什麼？為什麼這麼特別？</a></li><li><a href="#strong-二、凍乾-vs-傳統果乾，有哪些差別-strong">二、凍乾 vs. 傳統果乾，有哪些差別</a></li><li><a href="#三、誠真凍乾，有哪些特色？">三、誠真凍乾，有哪些特色？</a></li><li><a href="#四、適合誰食用？">四、適合誰食用？</a></li><li><a href="#五、凍乾水果可以這樣吃！">五、凍乾水果可以這樣吃！</a></li></ul></nav>\n\n<div id="一、凍乾是什麼？為什麼這麼特別？"><h2>一、凍乾是什麼？為什麼這麼特別？</h2></div>\n\n<p>凍乾，全名「<strong>冷凍乾燥技術（Freeze-Drying）</strong>」，目前最能完整保留食材營養與風味的保存方式之一。</p>\n\n<p>製程如下：</p>\n\n<p>1. <strong>快速冷凍</strong>：將新鮮水果瞬間冷凍至-40℃以下，鎖住原始風味與營養。</p>\n\n<p>2. <strong>真空昇華乾燥</strong>：在低壓環境中，讓水分從冰態直接轉為氣態，過程中不經高溫，因此不破壞果物的酵素與維生素。</p>\n\n<p>3. <strong>保留水果原相</strong>：呈現自然色澤與口感。</p>\n\n<div id="strong-二、凍乾-vs-傳統果乾，有哪些差別-strong"><h2><strong>二、凍乾 vs. 傳統果乾，有哪些差別</strong></h2></div>\n\n<figure class="wp-block-table"><table class="has-fixed-layout"><tbody><tr><td><strong>項目</strong></td><td><strong>凍乾水果</strong></td><td><strong>傳統果乾</strong></td></tr><tr><td>製作方式</td><td>低溫冷凍＋真空乾燥</td><td>熱風烘乾、高溫濃縮或糖漬</td></tr><tr><td>口感</td><td>輕脆、入口即化</td><td>偏硬、有嚼勁</td></tr><tr><td>營養保留</td><td><strong>高度保留維生素與酵素</strong></td><td>製程易破壞營養成分</td></tr><tr><td>加工添加物</td><td>無化工添加物</td><td>常含糖漬、防腐劑、色素等</td></tr><tr><td>保存時間</td><td>長時間乾燥保存，易存放</td><td>部分需冷藏，保存期限較短</td></tr></tbody></table></figure>\n\n<figure class="wp-block-image size-large"><img src="https://realreal.cc/wp-content/uploads/2025/10/綜合果乾剪過-1024x764.jpg" alt="" class="wp-image-2311"/></figure>\n\n<div id="三、誠真凍乾，有哪些特色？"><h2>三、誠真凍乾，有哪些特色？</h2></div>\n\n<p>• <strong>100%水果製作，保留水果原色、原味、原營養</strong></p>\n\n<p><strong>•</strong> 高膳食纖維，幫助腸道蠕動</p>\n\n<p>• <strong>無香料、無防腐劑、無化學添加物</strong></p>\n\n<p>• 無農藥、重金屬殘留</p>\n\n<div></g></defs></svg><ul>\n<li><div><span><div><svg xmlns="http://www.w3.org/2000/svg" viewBox="0 0 576 512" aria-hidden="true" width="32" height="32"><path d="M316.9 18C311.6 7 300.4 0 288.1 0s-23.4 7-28.8 18L195 150.3 51.4 171.5c-12 1.8-22 10.2-25.7 21.7s-.7 24.2 7.9 32.7L137.8 329 113.2 474.7c-2 12 3 24.2 12.9 31.3s23 8 33.8 2.3l128.3-68.5 128.3 68.5c10.8 5.7 23.9 4.9 33.8-2.3s14.9-19.3 12.9-31.3L438.5 329 542.7 225.9c8.6-8.5 11.7-21.2 7.9-32.7s-13.7-19.9-25.7-21.7L381.2 150.3 316.9 18z"></path></svg></div></span><span>輕盈，方便攜帶</span></div></li>\n</ul></div>\n\n<p>• 無添加蜂蜜，純素<strong>vegan</strong></p>\n\n<figure class="wp-block-image size-large"><img src="https://realreal.cc/wp-content/uploads/2025/10/IMG_0564_FIX-1024x576.jpg" alt="" class="wp-image-2312"/></figure>\n\n<div id="四、適合誰食用？"><h2>四、適合誰食用？</h2></div>\n\n<p><strong>• 注重健康的人</strong></p>\n\n<p>• 學生、上班族、親子家庭每日能量補充</p>\n\n<p><strong>• 登山族、背包客、戶外運動愛好者</strong></p>\n\n<div></g></defs></svg><ul>\n<li><div><span><div><svg xmlns="http://www.w3.org/2000/svg" viewBox="0 0 576 512" aria-hidden="true" width="32" height="32"><path d="M316.9 18C311.6 7 300.4 0 288.1 0s-23.4 7-28.8 18L195 150.3 51.4 171.5c-12 1.8-22 10.2-25.7 21.7s-.7 24.2 7.9 32.7L137.8 329 113.2 474.7c-2 12 3 24.2 12.9 31.3s23 8 33.8 2.3l128.3-68.5 128.3 68.5c10.8 5.7 23.9 4.9 33.8-2.3s14.9-19.3 12.9-31.3L438.5 329 542.7 225.9c8.6-8.5 11.7-21.2 7.9-32.7s-13.7-19.9-25.7-21.7L381.2 150.3 316.9 18z"></path></svg></div></span><span>體質偏寒、不想吃冰箱裡冷冷的水果，又愛吃水果的人</span></div></li>\n</ul></div>\n\n<p><strong>• 素食者與孕婦皆可安心食用</strong></p>\n\n<figure class="wp-block-image size-large"><img src="https://realreal.cc/wp-content/uploads/2025/10/AdobeStock_626069501-1024x683.jpeg" alt="" class="wp-image-2313"/></figure>\n\n<div id="五、凍乾水果可以這樣吃！"><h2>五、凍乾水果可以這樣吃！</h2></div>\n\n<p>• <strong>直接當零食吃</strong>：脆口爽快，果香四溢</p>\n\n<p>• <strong>加在優格或麥片中</strong>：變身豐盛早餐、無罪惡感的點心</p>\n\n<p>• <strong>泡水還原</strong>：恢復軟嫩果乾口感，適合牙口不佳者</p>\n\n<div></g></defs></svg><ul>\n<li><div><span><div><svg xmlns="http://www.w3.org/2000/svg" viewBox="0 0 576 512" aria-hidden="true" width="32" height="32"><path d="M316.9 18C311.6 7 300.4 0 288.1 0s-23.4 7-28.8 18L195 150.3 51.4 171.5c-12 1.8-22 10.2-25.7 21.7s-.7 24.2 7.9 32.7L137.8 329 113.2 474.7c-2 12 3 24.2 12.9 31.3s23 8 33.8 2.3l128.3-68.5 128.3 68.5c10.8 5.7 23.9 4.9 33.8-2.3s14.9-19.3 12.9-31.3L438.5 329 542.7 225.9c8.6-8.5 11.7-21.2 7.9-32.7s-13.7-19.9-25.7-21.7L381.2 150.3 316.9 18z"></path></svg></div></span><span><strong>加進茶飲或氣泡水</strong>：自製水果風味飲品，取代手搖飲</span></div></li>\n</ul></div>\n\n<p>• <strong>動手烘焙</strong>：自製雪花酥、蛋糕等甜點加入凍乾，豐富口感</p>\n\n<p>誠真的每一份凍乾水果，都希望讓你品嚐到食物最純粹的滋味。</p>\n\n<p>無論是草莓、水蜜桃、蘋果、無花果、哈密瓜，</p>\n\n<p>我們用心對待每一顆果實，用最好的技術，只為換你一口安心的美好。</p>\n\n<p></p>\n\n<p><strong>[ 推薦 ] </strong> <a href="https://realreal.cc/fruit-shop/" data-type="link" data-id="https://realreal.cc/fruit-shop/">誠真水果凍乾系列</a></p>\n\n<p></p>	https://realreal.cc/wp-content/uploads/2025/10/IMG_0564_FIX.jpg	published	2025-10-30 03:50:29+00	\N	\N	7633b4a9-d719-4bc9-a73a-ede233ae5c5c	什麼水果可以上太空？凍乾水果與傳統果乾的差別？  	為什麼凍乾水果比較健康？ 凍乾水果是用製作太空食物的技術製成 製造過程低於零度，保留每一口果香與營養 不喜歡黏黏甜甜的果乾？想找更健康、更天然、更有趣的替代品？ .stk-f13b965 .stk-block-subtitle__text{font-size:var(--stk--preset--f	2026-03-28 01:56:17.772867+00	2026-03-28 01:56:17.772867+00
22296f72-78b7-4161-ba51-15d98afd3a3e	你的身體正在提醒你，蛋白質不夠了嗎？	protein-warning		<p>有時候，疲倦並不是壓力太大，而是身體在輕輕說：「我缺少一點建材了。」<br>我們的肌肉、肌膚、頭髮、情緒與專注力，全都繫於一種看不見的力量——蛋白質。<br><br>當它不足，身體會暫時以沉默回應，但時間久了，光澤會褪去、體力變弱、情緒變得模糊。<strong>這不是老化，而是細胞在等待被滋養的信號</strong>。</p>\n\n<nav><p>目錄</p><ul><li><a href="#一、六個身體的低語">一、六個身體的低語</a></li><li><a href="#二、每天應該攝取多少蛋白質才能讓身體回到理想的節奏？">二、每天應該攝取多少蛋白質才能讓身體回到理想的節奏？</a></li><li><a href="#三、為什麼選擇植物性蛋白？">三、為什麼選擇植物性蛋白？</a></li><li><a href="#四、植物性蛋白質含量換算表">四、植物性蛋白質含量換算表</a></li><li><a href="#五、想讓每一口更有力量？">五、想讓每一口更有力量？</a></li></ul></nav>\n\n<h3 class="wp-block-heading" id="一、六個身體的低語"><strong>一、</strong>六個身體的低語</h3>\n\n<ol class="wp-block-list">\n<li style="padding-top:var(--wp--preset--spacing--20);padding-right:var(--wp--preset--spacing--20);padding-bottom:var(--wp--preset--spacing--20);padding-left:var(--wp--preset--spacing--20)">容易疲倦、腦霧、情緒起伏——神經傳導物質合成減少，大腦開始「低速運轉」。</li>\n\n<li style="padding-top:var(--wp--preset--spacing--20);padding-right:var(--wp--preset--spacing--20);padding-bottom:var(--wp--preset--spacing--20);padding-left:var(--wp--preset--spacing--20)">體態鬆弛、力量下降——身體會分解肌肉取能量，代謝率因此變慢。</li>\n\n<li style="padding-top:var(--wp--preset--spacing--20);padding-right:var(--wp--preset--spacing--20);padding-bottom:var(--wp--preset--spacing--20);padding-left:var(--wp--preset--spacing--20)">頭髮變細、指甲易斷、肌膚暗沉——蛋白質不足，連角蛋白也無法充足生成。</li>\n\n<li style="padding-top:var(--wp--preset--spacing--20);padding-right:var(--wp--preset--spacing--20);padding-bottom:var(--wp--preset--spacing--20);padding-left:var(--wp--preset--spacing--20)">免疫力下降、傷口癒合慢——抗體合成不足，身體修復力變得緩慢。</li>\n\n<li style="padding-top:var(--wp--preset--spacing--20);padding-right:var(--wp--preset--spacing--20);padding-bottom:var(--wp--preset--spacing--20);padding-left:var(--wp--preset--spacing--20)">臉部或下肢水腫——白蛋白太低，水分滯留在組織間。</li>\n\n<li style="padding-top:var(--wp--preset--spacing--20);padding-right:var(--wp--preset--spacing--20);padding-bottom:var(--wp--preset--spacing--20);padding-left:var(--wp--preset--spacing--20)">沒胃口、但總是沒勁——代謝節奏被打亂，能量不再穩定釋放。</li>\n</ol>\n\n<p><em>當你在這些狀況中看到兩項以上，請停下來問問自己：<br>「我今天，吃進了足夠的蛋白質嗎？」</em></p></div>\n\n<h3 class="wp-block-heading" id="二、每天應該攝取多少蛋白質才能讓身體回到理想的節奏？">二、每天應該攝取多少蛋白質才能讓身體回到理想的節奏？</h3>\n\n<figure class="wp-block-table"><table class="has-fixed-layout"><tbody><tr><td class="has-text-align-center" data-align="center">狀態</td><td class="has-text-align-center" data-align="center">每公斤需求量</td><td class="has-text-align-center" data-align="center">50 公斤為例</td></tr><tr><td class="has-text-align-center" data-align="center">一般久坐</td><td class="has-text-align-center" data-align="center">1.2 - 1.6 公克</td><td class="has-text-align-center" data-align="center">60 - 80 公克</td></tr><tr><td class="has-text-align-center" data-align="center">經常運動</td><td class="has-text-align-center" data-align="center">1.6 – 2.5 公克</td><td class="has-text-align-center" data-align="center">約 80 – 125 公克</td></tr><tr><td class="has-text-align-center" data-align="center">銀髮或修復期</td><td class="has-text-align-center" data-align="center">1.2 – 2.0 公克</td><td class="has-text-align-center" data-align="center">約 60 – 120 公克</td></tr></tbody></table></figure>\n\n<h3 class="wp-block-heading" id="三、為什麼選擇植物性蛋白？">三、為什麼選擇植物性蛋白？</h3>\n\n<p style="padding-top:0;padding-right:0;padding-bottom:0;padding-left:0">許多人仍以為「只有肉類才有蛋白質」，<br>但植物早已用它的方式，提供了完整又純淨的營養。<br><br>植物性蛋白的優點，<br>在於它不只滋養身體，也讓地球能喘一口氣：</p>\n\n<ul class="wp-block-list">\n<li style="margin-top:var(--wp--preset--spacing--20);margin-right:var(--wp--preset--spacing--20);margin-bottom:var(--wp--preset--spacing--20);margin-left:var(--wp--preset--spacing--20)">低負擔：不含膽固醇與多餘脂肪，對肝腎更溫和。</li>\n\n<li style="margin-top:var(--wp--preset--spacing--20);margin-right:var(--wp--preset--spacing--20);margin-bottom:var(--wp--preset--spacing--20);margin-left:var(--wp--preset--spacing--20)">高抗氧化力：富含植化素，能幫助對抗發炎與老化。</li>\n\n<li style="margin-top:var(--wp--preset--spacing--20);margin-right:var(--wp--preset--spacing--20);margin-bottom:var(--wp--preset--spacing--20);margin-left:var(--wp--preset--spacing--20)">腸道友好：附帶膳食纖維，平衡腸道菌相。</li>\n\n<li style="margin-top:var(--wp--preset--spacing--20);margin-right:var(--wp--preset--spacing--20);margin-bottom:var(--wp--preset--spacing--20);margin-left:var(--wp--preset--spacing--20)"> 永續友善：生產過程耗水少、碳足跡低，是對地球的善意選擇。</li>\n</ul>\n\n<p><em>選擇植物蛋白，不只是飲食選項，<br>更是一種有意識的生活方式<br>——讓每一口，成為身心與地球的共好。</em></p></div>\n\n<h3 class="wp-block-heading" id="四、植物性蛋白質含量換算表">四、植物性蛋白質含量換算表</h3>\n\n<figure class="wp-block-table"><table class="has-fixed-layout"><tbody><tr><td class="has-text-align-center" data-align="center">食材</td><td class="has-text-align-center" data-align="center">份量(公克/毫升)</td><td class="has-text-align-center" data-align="center">蛋白質含量(約/公克)</td><td class="has-text-align-center" data-align="center">備註與選購建議</td></tr><tr><td class="has-text-align-center" data-align="center">板豆腐</td><td class="has-text-align-center" data-align="center">100, 約半塊</td><td class="has-text-align-center" data-align="center">8</td><td class="has-text-align-center" data-align="center"></td></tr><tr><td class="has-text-align-center" data-align="center">嫩豆腐</td><td class="has-text-align-center" data-align="center">150, 約半盒</td><td class="has-text-align-center" data-align="center">7</td><td class="has-text-align-center" data-align="center">含水量高, 蛋白質略少</td></tr><tr><td class="has-text-align-center" data-align="center">無糖豆漿</td><td class="has-text-align-center" data-align="center">240, 約一小杯</td><td class="has-text-align-center" data-align="center">6 - 7</td><td class="has-text-align-center" data-align="center">非濃縮豆漿</td></tr><tr><td class="has-text-align-center" data-align="center">熟毛豆</td><td class="has-text-align-center" data-align="center">100, 約一小碗</td><td class="has-text-align-center" data-align="center">11</td><td class="has-text-align-center" data-align="center">以去殼後的重量計算</td></tr><tr><td class="has-text-align-center" data-align="center">乾燕麥片</td><td class="has-text-align-center" data-align="center">50, 約半碗</td><td class="has-text-align-center" data-align="center">6</td><td class="has-text-align-center" data-align="center"></td></tr><tr><td class="has-text-align-center" data-align="center">奇亞籽</td><td class="has-text-align-center" data-align="center">20, 約2湯匙</td><td class="has-text-align-center" data-align="center">4</td><td class="has-text-align-center" data-align="center">含膳食纖維與Omega-3</td></tr><tr><td class="has-text-align-center" data-align="center">未烘焙杏仁</td><td class="has-text-align-center" data-align="center">30, 約20顆 </td><td class="has-text-align-center" data-align="center">6</td><td class="has-text-align-center" data-align="center"></td></tr><tr><td class="has-text-align-center" data-align="center">誠真植物高蛋白粉</td><td class="has-text-align-center" data-align="center">50</td><td class="has-text-align-center" data-align="center">20 - 24</td><td class="has-text-align-center" data-align="center">含大豆、豌豆、米蛋白完整配比</td></tr></tbody></table></figure>\n\n<p>(參考衛福部食藥署食品成分資料庫及常見品牌標示)</p>\n\n<h3 class="wp-block-heading" id="五、想讓每一口更有力量？">五、想讓每一口更有力量？</h3>\n\n<ul class="wp-block-list">\n<li style="padding-top:var(--wp--preset--spacing--20);padding-right:var(--wp--preset--spacing--20);padding-bottom:var(--wp--preset--spacing--20);padding-left:var(--wp--preset--spacing--20)">用豆漿、植物高蛋白飲取代牛奶，讓早晨更清爽。</li>\n\n<li style="padding-top:var(--wp--preset--spacing--20);padding-right:var(--wp--preset--spacing--20);padding-bottom:var(--wp--preset--spacing--20);padding-left:var(--wp--preset--spacing--20)">餐中加入板豆腐或毛豆，增加飽足與穩定血糖。</li>\n\n<li style="padding-top:var(--wp--preset--spacing--20);padding-right:var(--wp--preset--spacing--20);padding-bottom:var(--wp--preset--spacing--20);padding-left:var(--wp--preset--spacing--20)">運動後補充高蛋白粉，促進膠原蛋白合成與肌肉修復。</li>\n\n<li style="padding-top:var(--wp--preset--spacing--20);padding-right:var(--wp--preset--spacing--20);padding-bottom:var(--wp--preset--spacing--20);padding-left:var(--wp--preset--spacing--20)">下午嘴饞，一杯植物高蛋白飲補充能量，提升專注力。</li>\n\n<li style="padding-top:var(--wp--preset--spacing--20);padding-right:var(--wp--preset--spacing--20);padding-bottom:var(--wp--preset--spacing--20);padding-left:var(--wp--preset--spacing--20)">晚間以植物高蛋白飲收尾，讓修復與睡眠更有效率。</li>\n</ul>\n\n<p><em>攝取蛋白質，不只是養肌肉，<br>而是讓你能夠更清醒地面對每一個日常。</em></p></div>\n\n<figure class="wp-block-image size-large"><img src="https://realreal.cc/wp-content/uploads/2025/12/蛋白情境圖原味火龍果-934x1024.jpg" alt="" class="wp-image-2900"/></figure>\n\n<p>圖：杏仁+火龍果凍乾口味之高蛋白飲</p>\n\n<p><strong>誠真植物高蛋白粉，</strong><br>以大豆、豌豆與米蛋白為基底，<br>承襲台灣杏仁茶職人三十年的專業，<br>讓古早味的溫潤，遇見未來營養學的純淨。<br><br>給身體最誠真的修復力。<br>從今天的第一口植物蛋白開始。</p>\n\n<p></p>\n\n<p><strong>[ 推薦 ] <a href="https://realreal.cc/plant-shop/" data-type="link" data-id="https://realreal.cc/plant-shop/"> </a></strong><a href="https://realreal.cc/plant-shop/" data-type="link" data-id="https://realreal.cc/plant-shop/">誠真植物高蛋白粉系列</a></p>\n\n<p></p>	https://realreal.cc/wp-content/uploads/2025/12/AdobeStock_122506239.jpeg	published	2025-12-17 09:21:53+00	\N	\N	7633b4a9-d719-4bc9-a73a-ede233ae5c5c	你的身體正在提醒你，蛋白質不夠了嗎？  	有時候，疲倦並不是壓力太大，而是身體在輕輕說：「我缺少一點建材了。」我們的肌肉、肌膚、頭髮、情緒與專注力，全都繫於一種看不見的力量——蛋白質。當它不足，身體會暫時以沉默回應，但時間久了，光澤會褪去、體力變弱、情緒變得模糊。這不是老化，而是細胞在等待被滋養的信號。 .stk-4107631 {heig	2026-03-28 01:56:17.772867+00	2026-03-28 01:56:17.772867+00
4bf2a839-1219-4859-88d7-2020019310e6	從研製杏仁茶到蛋白飲──誠真生活植物蛋白的故事	story-of-rr-vegan-portein-powder		<h3 class="wp-block-heading">從古早味杏仁茶出發的未來營養學</h3>\n\n<p>一杯喝得到誠意與初心的植物蛋白。<br>滋養身心，也滋養生活。</p></div>\n\n<p>從街角飄香的杏仁茶，到今日的每日一杯蛋白飲，<br>我們邀請在地<strong>深耕三十餘年的杏仁茶堅果穀粉專家</strong>，<br>以植物為本、以真實食材為魂，<br>將傳統的溫潤滋味，化為現代的營養力。</p>\n\n<p>每一口，都喝得到<strong>真實的凍乾水果</strong>——<br>沒有多餘修飾，只有食物的本味與濃厚的誠意。</p>\n\n<p>一份來自台灣的實在創新，<br>為每一個年齡的身與心，注入溫潤又堅定的力量。</p>\n\n<figure class="wp-block-image size-large"><img src="https://realreal.cc/wp-content/uploads/2025/12/蛋白粉_粉末特寫_火龍果_1240x1360-934x1024.jpg" alt="" class="wp-image-2905"/></figure>\n\n<h3 class="wp-block-heading">營養可以誠實，風味可以真實</h3>\n\n<p>以大豆、豌豆、米蛋白為基底，<br>結合真實凍乾水果，保留纖維與自然香氣。<br>無香料、無人工添加，只保留食物本身的原味。</p>\n\n<h3 class="wp-block-heading">六種風味，六種心境</h3>\n\n<p><strong>原味｜誠之初</strong><br><br>最簡單的成分，最純粹的力量。<br>豆香柔順、口感細緻，回歸植物本味，喝出身體的安然與信任感。<br><br><strong>草莓｜童心未泯</strong><br><br>酸甜恰好，像早晨第一縷陽光。<br>選用凍乾草莓碎片，入口可嚐果粒香，溫柔喚醒心裡的快樂小孩。</p>\n\n<p><strong>可可｜療癒本能</strong><br><br>微苦之下深藏一抹甜意。<br>以可可結合植物蛋白的細緻口感，讓疲憊的午後重拾安定與滿足。</p>\n\n<p><strong>杏仁火龍果｜自由之心</strong><br><br>杏仁的溫潤遇上火龍果的鮮艷，滋味與色彩都充滿生命力。<br>一款帶著冒險精神的配方，讓每次飲用都像是一次新的啟程。</p>\n\n<p><strong>芝麻藍莓｜深邃之美</strong><br><br>黑芝麻的厚實香氣，遇上藍莓的微酸靈魂。<br>一款有層次、有深度的高蛋白，為思考與創造的日常注入穩定能量。<br><br><strong>銀杏水蜜桃｜柔光歲月</strong> (限量預購風味)<br><br>溫潤不膩，淡雅如風。<br>結合銀杏的智慧能量與水蜜桃的果香柔情，專為成熟與溫柔並存的你。</p>\n\n<h3 class="wp-block-heading">每一天，都能被溫柔滋養</h3>\n\n<p>早晨醒腦的一杯能量、運動後的溫和補給、<br>或是午後取代甜飲的小小幸福。<br>任何時刻，都是與自己誠心對話的時光。</p>\n\n<h3 class="wp-block-heading">喝出你的「誠真生活」</h3>\n\n<p>選擇屬於你的風味，<br>從一杯開始，<strong>滋養自己，也善待世界</strong>。<br><br><br>【 推薦 】<a href="https://realreal.cc/plant-shop/">誠真生活植物蛋白粉</a></p>	https://realreal.cc/wp-content/uploads/2025/09/AdobeStock_276642640.webp	published	2025-12-25 04:52:46+00	\N	\N	b8136281-53e7-4906-a735-4a190266fd63	從研製杏仁茶到蛋白飲──誠真生活植物蛋白的故事	從古早味杏仁茶出發的未來營養學 .stk-5417206 .stk-block-text__text{font-size:var(--stk--preset--font-size--medium, 20px) !important;}@media screen and (max-width: 102	2026-03-28 01:56:17.772867+00	2026-03-28 01:56:17.772867+00
0b7fe292-5099-468e-8996-87c7f52c0ee1	喝植物蛋白要注意甚麼？什麼人不適合喝？常見問題一次全部告訴你	faq-vegan-protein-powder		<h5 class="wp-block-heading">Q1：植物蛋白會造成腎臟負擔嗎？</h5>\n\n<p>任何蛋白質都需要腎臟參與代謝。<br><br>但植物蛋白在人體內產生的酸負荷較低，也少了過多雜質與身體不需的負擔，<br>是長期補充蛋白質較安全的選擇。</p>\n\n<h5 class="wp-block-heading">Q2：一般人每天需要多少蛋白質？</h5>\n\n<p>多數人每日約需要「體重 × 1.2 – 1.6 公克」的蛋白質，以維持身體機能的運作與修復。<br><br>一顆雞蛋約含有 7公克的蛋白質，<br>誠真植物蛋白粉一包約含有 21-24公克的蛋白質，<br>大約是 3顆雞蛋的分量。<br><br>建議早上喝一杯，啟動一整天的力量。</p>\n\n<h5 class="wp-block-heading">Q3：腎臟不好的人可以喝植物蛋白嗎？</h5>\n\n<p>植物蛋白較動物蛋白溫和，<br>有研究指出，*「在病程還沒嚴重到洗腎階段時，攝取黃豆可以有效的降低血清中肌酸酐濃度、血清中磷的濃度、CRP濃度（發炎指標）以及減少蛋白尿的發生」。<br><br>不過，腎臟病人會因為疾病進程的不同，在不同的階段上會有不同的蛋白質建議攝取量，因此仍建議有腎臟病疑慮者，先諮詢醫生建議的蛋白質攝取量。<br><br>*參考 <a href="https://www.tckdf.org.tw/Main/BlogIn/2/1049/50/2">腎臟病防治基金會文章</a> 。</p>\n\n<h5 class="wp-block-heading">Q4：喝蛋白粉時要注意什麼？</h5>\n\n<p>下面這五件事，簡單，卻會讓一切變得更流暢。<br><br>●<strong>水分充足</strong>，是所有代謝的祝福<br><br>每天至少喝到體重 x 40 ml 的水，讓蛋白質在體內的旅程更順暢。<br><br>●<strong>份量剛好</strong>，就是最好的管理<br><br>一天一杯為基本，活動量大再增加。<br><br>●<strong>攪拌均勻</strong>，讓吸收更溫柔<br><br>用攪拌杯或手動攪拌均勻，讓植物蛋白的細緻在口中更柔順。<br><br>● 最佳時機，吸收得更好<br><br><strong>身體最敞開的時刻：運動後30–60分鐘。<br>脾胃功能最活躍的時刻：上午8點-12點鐘。</strong><br><br>● 蛋白粉只是配角<br><br>不要忘記，<strong>營養均衡</strong> + <strong>原型食物</strong>才是最適合身體的中道。</p>\n\n<h5 class="wp-block-heading">Q5：誠真的植物高蛋白有什麼不同？</h5>\n\n<p>誠真的植物高蛋白以簡單卻有力的方式呈現。<br><br> • <strong>完整多元的植物胺基酸</strong>：<br> 含大豆蛋白、豌豆蛋白、米蛋白、小麥纖維。<br><br> • <strong>單純無負擔</strong>：<br> 無額外添加糖，無色素、無香料、無防腐劑等看不懂的化工物。<br><br> • 真正有料：<br> 品嚐得出食材的天然風味，水果口味每一口都<strong>「吃得到」營養香甜的凍乾水果</strong>。<br><br> • 誠意十足：<br> 隨身包一份 <strong>50 公克重</strong>，給身心充分的支持與滿足。<br><br> • 珍愛生命：<br> 不含奶或任何動物成分，<strong>選擇珍愛生命，選擇誠真生活</strong>。</p>\n\n<h5 class="wp-block-heading">Q6：如何沖泡最好喝？溫度對蛋白粉有影響嗎？</h5>\n\n<p>植物蛋白較動物蛋白耐高溫，但仍建議使用溫水（25–60°C，入口可接受的水溫)，泡出最穩定的口感。<br><br>推薦流程：<br> 1. 倒入水或植物奶 <strong>300-450 毫升</strong>（視個人偏好濃郁或清爽的口感）<br> 2. 再加入一份高蛋白 50 公克<br> 3. 用電動攪拌杯攪拌 15 秒或搖搖杯搖勻<br><br>貼心提醒：<br> 1. 水果口味不建議使用有彈簧球的搖搖杯，<strong>避免果粒卡在彈簧球</strong>上。<br> 2. 手動攪拌建議先加入少量水，再加入高蛋白粉，最後加入足量水再攪拌。<br><br>天冷的時候溫熱地喝，很幸福唷！<br><br><a href="https://youtube.com/shorts/JMZY70ttwvs?si=4rYEYTKjIjSxx-ik" data-type="link" data-id="https://youtube.com/shorts/JMZY70ttwvs?si=4rYEYTKjIjSxx-ik">沖泡示範</a><br><br></p>\n\n<figure class="wp-block-video"><video controls src="https://realreal.cc/wp-content/uploads/2025/12/796103722.646085.mp4"></video></figure>\n\n<h5 class="wp-block-heading">Q7：冷水也可以嗎？</h5>\n\n<p>可以，但溶解度會變慢。<br>冷水會讓粉末比較慢散開，若想喝冰涼版本，建議先用少量常溫水搖勻，再加冰塊或冷水調整。</p>\n\n<h5 class="wp-block-heading">Q8：用什麼液體沖泡最好喝？</h5>\n\n<p>植物奶是提升風味的神隊友。<br>\t•\t豆奶 → 濃郁、飽足感強<br>\t•\t燕麥奶 → 像水果奶昔，最療癒<br>\t•\t杏仁奶 → 清爽輕盈、不膩口<br><br>加入植物奶，立刻獲得一杯比甜點少些負擔，又比手搖飲更有營養的溫柔點心🤍</p>\n\n<p><strong>[ 推薦 ] </strong><a href="https://realreal.cc/plant-shop/">誠真生活植物蛋白粉</a></p>\n\n<p></p>	https://realreal.cc/wp-content/uploads/2025/12/AdobeStock_1526079607.jpeg	published	2025-12-25 05:11:35+00	\N	\N	b8136281-53e7-4906-a735-4a190266fd63	喝植物蛋白要注意甚麼？什麼人不適合喝？常見問題一次全部告訴你	Q1：植物蛋白會造成腎臟負擔嗎？ 任何蛋白質都需要腎臟參與代謝。但植物蛋白在人體內產生的酸負荷較低，也少了過多雜質與身體不需的負擔，是長期補充蛋白質較安全的選擇。 Q2：一般人每天需要多少蛋白質？ 多數人每日約需要「體重 × 1.2 – 1.6 公克」的蛋白質，以維持身體機能的運作與修復。一顆雞蛋約	2026-03-28 01:56:17.772867+00	2026-03-28 01:56:17.772867+00
\.


--
-- Data for Name: post_tag_links; Type: TABLE DATA; Schema: public; Owner: postgres
--

COPY public.post_tag_links (post_id, tag_id) FROM stdin;
\.


--
-- Data for Name: product_reviews; Type: TABLE DATA; Schema: public; Owner: postgres
--

COPY public.product_reviews (id, product_id, author_name, author_email, rating, content, is_approved, created_at) FROM stdin;
fcc371d1-934d-41f9-87ce-c8493151c031	2b04476d-eb6b-4107-bf75-a74e9227a4d1	Wendy	win00wen@gmail.com	5	喜歡吃巧克力，同時不想增加熱量的好選擇	t	2026-03-13 02:08:38+00
42e6370d-b590-44c5-9ba1-64d207ebe58f	1f4085e3-14c7-45c7-a71f-69372297a0c7	星星	wuyuhsing@gmail.com	5	人生第一次買高蛋白喝\r\n以為很噁心\r\n結果超級順口好喝\r\n火龍果口味還有淡淡地粉紅色有夠可愛\r\n還來不及拍照就喝完了🤣\r\n喜歡誠真生活\r\n感謝有你🙏🙏🥰	t	2026-03-13 02:21:32+00
c2f94a8f-2a8f-4e59-9ebe-137d8fd83b7a	ca6cc76b-33fe-492b-99bf-ddaaa56c5180	Jeff Yang	jeff760220@gmail.com	4	植物蛋白的營養補充，天然的果乾添加增加風味，多喝多健康～	t	2026-03-13 02:38:15+00
d9c67a47-a5d8-4e1e-ad7f-cde37b629a26	686869b7-0d6f-44f7-a7a3-625eed280a93	Andy Lioa	andy09318jet@gmail.com	5	每次運動後，補充完水分，再嚐嚐這原味的豆香蛋白粉，幫助恢復，也用原味豆香補充能量：）	t	2026-03-13 03:05:03+00
578644f9-003b-40ab-8589-bbf397557d71	bf7083f5-95f8-4db1-a293-ba1c2e3e1398	Andrea	hchen7812@hotmail.com	5	買來當早上高效率的早餐，最喜歡藍莓芝麻跟草莓口味，果乾份量很多，酸酸的超加分！可可跟火龍果杏仁口味也都不錯，是目前喝到最喜歡的高蛋白。	t	2026-03-14 03:09:54+00
ff731acf-d60f-4baf-a248-b8c493147d13	bf7083f5-95f8-4db1-a293-ba1c2e3e1398	Andrea	hchen7812@hotmail.com	5	很適合當作高效率早餐，最喜歡藍莓芝麻跟草莓，果乾份量多，酸酸的很加分！可可跟火龍果杏仁口味也不錯，喝可可口味的時候，可以跟香蕉一起吃，超搭。	t	2026-03-14 03:16:19+00
cdaf4295-3f7d-4ee8-8097-5d449c343247	686869b7-0d6f-44f7-a7a3-625eed280a93	Jacob Lin	2019151@gmail.com	5	身為有在健身的素食者，各種的植物蛋白質來源也嘗試不少，第一次感覺口感這麼的醇厚，豐富的植物蛋白卻也沒有什麼豆腥味，喝了一口就愛上！	t	2026-03-16 13:27:20+00
69b2f502-4795-40b4-ad64-ada02310471d	2b04476d-eb6b-4107-bf75-a74e9227a4d1	Lily	lilylove@hotmail.com	5	以往會去烹飪材料行買可可粉來泡, 避免市售被調整過的品項, 現在直接買這款, 味道單純, 可以自己調濃淡, 蛋白質含量還比較高	t	2026-03-17 22:31:34+00
73b031a3-1b10-4dbe-bce9-e4ff3defecc3	14f4ff37-85c7-42b2-9fc9-e45cc3e22ac2	kuei19960511	kuei19960511@gmail.com	5	杏仁跟火龍果很搭~喝起來也很順口	t	2026-03-19 00:22:54+00
\.


--
-- Data for Name: site_contents; Type: TABLE DATA; Schema: public; Owner: postgres
--

COPY public.site_contents (id, key, value, updated_by, updated_at) FROM stdin;
0256b0b0-0a22-4d29-ad37-2a4c2731202e	homepage_hero	{"image": "", "heading": "自純淨中補給，在誠真中安心", "cta_link": "/shop", "cta_text": "探索商品", "subheading": "純淨植物力，為你的健康加分"}	\N	2026-03-27 11:55:53.377488+00
11424b82-9693-4f16-acdd-bb238f0a14b0	homepage_banner	{"text": "全館滿 $1,500 免運費", "enabled": true}	\N	2026-03-27 11:55:53.377488+00
e580afa6-4590-4e4f-bed2-4e84438e6e2d	about_page	{"content_html": ""}	\N	2026-03-27 11:55:53.377488+00
60d3411a-3da0-4860-8f62-d070cb78b51f	faq_items	[]	\N	2026-03-27 11:55:53.377488+00
2bf8a0bf-4a3d-477d-93ec-9148f02303c7	footer_social	{"line": "", "facebook": "", "instagram": ""}	\N	2026-03-27 11:55:53.377488+00
5f6478e1-7647-4998-8960-ae1f743b1e69	seo_defaults	{"description": "", "title_suffix": "誠真生活 RealReal"}	\N	2026-03-27 11:55:53.377488+00
1f9285ec-a6f9-4a9e-b9b0-5724b8574bd6	email_order_confirmation	{"subject": "訂單確認 #{{orderNumber}}", "body_html": "<!DOCTYPE html><html><body style=\\"font-family:sans-serif;color:#333;max-width:600px;margin:0 auto;padding:20px\\"><h1 style=\\"color:#4a7c59;border-bottom:2px solid #4a7c59;padding-bottom:8px\\">誠真生活 RealReal</h1><h2>訂單確認</h2><p>感謝您的訂購！您的訂單編號為 <strong>#{{orderNumber}}</strong></p><table style=\\"width:100%;border-collapse:collapse;margin:16px 0\\"><thead><tr style=\\"background:#f5f5f5\\"><th style=\\"padding:8px;text-align:left\\">商品</th><th style=\\"padding:8px\\">數量</th><th style=\\"padding:8px;text-align:right\\">金額</th></tr></thead><tbody>{{itemRows}}</tbody><tfoot><tr><td colspan=\\"2\\" style=\\"padding:8px;font-weight:bold\\">總計</td><td style=\\"padding:8px;text-align:right;font-weight:bold\\">NT${{total}}</td></tr></tfoot></table><p><strong>送貨地址：</strong>{{address}}</p><hr style=\\"margin:24px 0;border:none;border-top:1px solid #eee\\"><p style=\\"font-size:12px;color:#999\\">誠真生活股份有限公司 | <a href=\\"https://realreal.cc\\">realreal.cc</a></p></body></html>"}	\N	2026-04-01 17:52:41.441858+00
8c652990-1dba-4b48-9f54-1f4db1fa8524	email_payment_confirmed	{"subject": "付款成功 #{{orderNumber}}", "body_html": "<!DOCTYPE html><html><body style=\\"font-family:sans-serif;color:#333;max-width:600px;margin:0 auto;padding:20px\\"><h1 style=\\"color:#4a7c59;border-bottom:2px solid #4a7c59;padding-bottom:8px\\">誠真生活 RealReal</h1><h2>付款成功確認</h2><p>您的訂單 <strong>#{{orderNumber}}</strong> 付款成功。</p><table style=\\"width:100%;border-collapse:collapse;margin:16px 0\\"><tr><td style=\\"padding:8px;color:#666\\">付款金額</td><td style=\\"padding:8px;font-weight:bold\\">NT${{amount}}</td></tr><tr><td style=\\"padding:8px;color:#666\\">付款方式</td><td style=\\"padding:8px\\">{{method}}</td></tr></table><p>我們將盡快為您安排出貨，請耐心等候。</p><hr style=\\"margin:24px 0;border:none;border-top:1px solid #eee\\"><p style=\\"font-size:12px;color:#999\\">誠真生活股份有限公司 | <a href=\\"https://realreal.cc\\">realreal.cc</a></p></body></html>"}	\N	2026-04-01 17:52:41.441858+00
36d1ec05-a0fe-4f59-b0db-7417069c220e	email_order_shipped	{"subject": "您的訂單已出貨 #{{orderNumber}}", "body_html": "<!DOCTYPE html><html><body style=\\"font-family:sans-serif;color:#333;max-width:600px;margin:0 auto;padding:20px\\"><h1 style=\\"color:#4a7c59;border-bottom:2px solid #4a7c59;padding-bottom:8px\\">誠真生活 RealReal</h1><h2>您的訂單已出貨！</h2><p>訂單 <strong>#{{orderNumber}}</strong> 已於今日出貨。</p><table style=\\"width:100%;border-collapse:collapse;margin:16px 0\\"><tr><td style=\\"padding:8px;color:#666\\">物流公司</td><td style=\\"padding:8px\\">{{carrier}}</td></tr><tr><td style=\\"padding:8px;color:#666\\">追蹤號碼</td><td style=\\"padding:8px;font-weight:bold\\">{{trackingNumber}}</td></tr></table><hr style=\\"margin:24px 0;border:none;border-top:1px solid #eee\\"><p style=\\"font-size:12px;color:#999\\">誠真生活股份有限公司 | <a href=\\"https://realreal.cc\\">realreal.cc</a></p></body></html>"}	\N	2026-04-01 17:52:41.441858+00
cc4cfa27-bbdc-4105-b1ad-e7ade2bcf662	email_tier_upgrade	{"subject": "恭喜升級為{{newTier}}！", "body_html": "<!DOCTYPE html><html><body style=\\"font-family:sans-serif;color:#333;max-width:600px;margin:0 auto;padding:20px\\"><h1 style=\\"color:#4a7c59;border-bottom:2px solid #4a7c59;padding-bottom:8px\\">誠真生活 RealReal</h1><h2>🎉 恭喜升級為{{newTier}}！</h2><p>感謝您的支持！您已成功升級為 <strong>{{newTier}}</strong>，享有 <strong>{{discountPercent}}折</strong> 會員優惠。</p>{{benefitsSection}}<p><a href=\\"https://realreal.cc/shop\\" style=\\"background:#4a7c59;color:white;padding:10px 20px;border-radius:4px;text-decoration:none;display:inline-block;margin-top:8px\\">立即購物享優惠</a></p><hr style=\\"margin:24px 0;border:none;border-top:1px solid #eee\\"><p style=\\"font-size:12px;color:#999\\">誠真生活股份有限公司 | <a href=\\"https://realreal.cc\\">realreal.cc</a></p></body></html>"}	\N	2026-04-01 17:52:41.441858+00
ec74a38d-7cde-4b47-acdd-e55c26f304a3	email_subscription_billed	{"subject": "訂閱扣款成功 — {{planName}}", "body_html": "<!DOCTYPE html><html><body style=\\"font-family:sans-serif;color:#333;max-width:600px;margin:0 auto;padding:20px\\"><h1 style=\\"color:#4a7c59;border-bottom:2px solid #4a7c59;padding-bottom:8px\\">誠真生活 RealReal</h1><h2>訂閱扣款成功</h2><p>您的 <strong>{{planName}}</strong> 訂閱已成功扣款。</p><table style=\\"width:100%;border-collapse:collapse;margin:16px 0\\"><tr><td style=\\"padding:8px;color:#666\\">扣款金額</td><td style=\\"padding:8px;font-weight:bold\\">NT${{amount}}</td></tr><tr><td style=\\"padding:8px;color:#666\\">訂單編號</td><td style=\\"padding:8px\\">#{{orderNumber}}</td></tr><tr><td style=\\"padding:8px;color:#666\\">下次扣款日</td><td style=\\"padding:8px\\">{{nextBillingDate}}</td></tr></table><hr style=\\"margin:24px 0;border:none;border-top:1px solid #eee\\"><p style=\\"font-size:12px;color:#999\\">誠真生活股份有限公司 | <a href=\\"https://realreal.cc\\">realreal.cc</a></p></body></html>"}	\N	2026-04-01 17:52:41.441858+00
e9f5747c-1ed5-4fa7-b7a7-c4951176bb81	email_subscription_failed	{"subject": "訂閱扣款失敗 — {{planName}}", "body_html": "<!DOCTYPE html><html><body style=\\"font-family:sans-serif;color:#333;max-width:600px;margin:0 auto;padding:20px\\"><h1 style=\\"color:#4a7c59;border-bottom:2px solid #4a7c59;padding-bottom:8px\\">誠真生活 RealReal</h1><h2>⚠️ 訂閱扣款失敗</h2><p>您的 <strong>{{planName}}</strong> 訂閱扣款失敗，請更新付款資訊以避免訂閱中斷。</p><p>系統將於 <strong>{{retryDate}}</strong> 再次嘗試扣款。</p><p><a href=\\"{{manageUrl}}\\" style=\\"background:#e53e3e;color:white;padding:10px 20px;border-radius:4px;text-decoration:none;display:inline-block;margin-top:8px\\">更新付款資訊</a></p><hr style=\\"margin:24px 0;border:none;border-top:1px solid #eee\\"><p style=\\"font-size:12px;color:#999\\">誠真生活股份有限公司 | <a href=\\"https://realreal.cc\\">realreal.cc</a></p></body></html>"}	\N	2026-04-01 17:52:41.441858+00
\.


--
-- Data for Name: subscription_orders; Type: TABLE DATA; Schema: public; Owner: postgres
--

COPY public.subscription_orders (id, subscription_id, order_id, billing_cycle, idempotency_key, status) FROM stdin;
\.


--
-- Data for Name: user_profiles; Type: TABLE DATA; Schema: public; Owner: postgres
--

COPY public.user_profiles (user_id, display_name, phone, birthday, tax_id, total_spend, membership_tier_id, role, created_at, charity_savings) FROM stdin;
b56e264e-93ba-4dfa-92af-1655af344cac	Armand	\N	\N	\N	0.00	7e510692-a406-47bf-bc9d-45605844a930	admin	2026-03-27 12:10:31.319992+00	0.00
cdbe65b4-50a5-4ae0-bbe9-dc360828f6c8	t841208t	\N	\N	\N	0.00	7e510692-a406-47bf-bc9d-45605844a930	customer	2026-03-27 12:22:02.450987+00	0.00
8c784bfd-d20d-475e-a4d0-a7f49d46b969	karso	\N	\N	\N	0.00	7e510692-a406-47bf-bc9d-45605844a930	customer	2026-03-27 12:22:16.586012+00	0.00
c020c636-ba9a-4252-b954-cce2ab67b1da	jazeSGCP	\N	\N	\N	0.00	7e510692-a406-47bf-bc9d-45605844a930	customer	2026-03-27 12:22:17.629073+00	0.00
e514d964-bd5e-49e2-be7d-2a472f87730b	jazeSGCP21	\N	\N	\N	0.00	7e510692-a406-47bf-bc9d-45605844a930	customer	2026-03-27 12:22:18.15387+00	0.00
c7641a03-927b-42de-9a87-43b251fb4016	gooseSGCP	\N	\N	\N	0.00	7e510692-a406-47bf-bc9d-45605844a930	customer	2026-03-27 12:22:18.683781+00	0.00
53b32698-f7de-460a-86b0-e731f1a97397	goodsSGCP	\N	\N	\N	0.00	7e510692-a406-47bf-bc9d-45605844a930	customer	2026-03-27 12:22:19.740458+00	0.00
628975a5-1332-4ee8-a020-c73a5beab784	Armand	0916581787	\N	\N	0.00	7e510692-a406-47bf-bc9d-45605844a930	customer	2026-03-27 12:22:00.563988+00	10.00
b62dbd5d-e976-4a4c-8d68-9a848f382fea	黎 品溱	0937939308	\N	\N	1736.00	7e510692-a406-47bf-bc9d-45605844a930	customer	2026-03-27 12:22:14.835064+00	38.00
0fbf94c9-b8f2-4388-b1ea-5dbe0007160d	j308882001	0919059985	1989-12-20	\N	1550.00	7e510692-a406-47bf-bc9d-45605844a930	customer	2026-03-27 12:22:02.941386+00	34.00
a29acdbd-0942-4333-92d2-5674a9d48597	商 雅琇	0987481241	\N	\N	844.00	7e510692-a406-47bf-bc9d-45605844a930	customer	2026-03-27 12:22:09.760813+00	19.00
528fe118-5446-4114-8892-80e8a1b5643a	林 璟鴻	0988705207	\N	\N	411.00	7e510692-a406-47bf-bc9d-45605844a930	customer	2026-03-27 12:22:10.280288+00	8.00
c021a6d8-7db5-4aa7-bdd6-bd634b3e6983	pico33kong	+886953231996	\N	\N	831.00	7e510692-a406-47bf-bc9d-45605844a930	customer	2026-03-27 12:22:10.806104+00	18.00
1f9b88ef-1ca1-43c9-ac5a-5ed3d62c63fd	林 筠樺	0988715491	\N	\N	1311.00	7e510692-a406-47bf-bc9d-45605844a930	customer	2026-03-27 12:22:11.332724+00	29.00
4692bbe6-4f7e-4b41-81ff-7c61272966ac	施 依婷	+886972365723	\N	\N	1919.00	7e510692-a406-47bf-bc9d-45605844a930	customer	2026-03-27 12:22:11.872822+00	44.00
19f9e7b0-5058-423b-a68a-46c3e18b7e99	cynthiachang	0922657890	1978-01-13	\N	0.00	7e510692-a406-47bf-bc9d-45605844a930	customer	2026-03-27 12:22:12.986683+00	0.00
4a00a322-9221-408d-960e-c3100d9d254d	Andrea	0921186754	1989-12-02	\N	2009.00	7e510692-a406-47bf-bc9d-45605844a930	customer	2026-03-27 12:22:12.429868+00	45.00
e31da40a-640d-42e1-8c96-4cae16a7965a	lune1225noire	0939070089	1988-10-16	\N	435.00	7e510692-a406-47bf-bc9d-45605844a930	customer	2026-03-27 12:22:15.529272+00	9.00
e3ab1e7c-f206-4073-a695-bf1dfeb112ed	周 承慧	0929536021	\N	\N	585.00	7e510692-a406-47bf-bc9d-45605844a930	customer	2026-03-27 12:22:19.203901+00	23.00
17afc6ad-c6c0-4af8-9852-a3328f504ddb	applewindycandy	0922163348	\N	\N	2276.00	7e510692-a406-47bf-bc9d-45605844a930	customer	2026-03-27 12:22:20.25993+00	48.00
fc39cdda-bbde-404e-82b6-447fb12bca03	kuei19960511	0912489085	\N	\N	923.00	7e510692-a406-47bf-bc9d-45605844a930	customer	2026-03-27 12:22:03.477815+00	42.00
9f2595f7-00a5-49c4-bc8e-b26c750deebf	jojogirl0706	0955135976	\N	\N	6626.00	7e510692-a406-47bf-bc9d-45605844a930	customer	2026-03-27 12:22:03.996617+00	49.00
18ed5f4d-a066-4994-aa44-e1e3d73137cd	xc452116	0905115796	\N	\N	1045.00	7e510692-a406-47bf-bc9d-45605844a930	customer	2026-03-27 12:22:24.152106+00	0.00
dd9fc277-0655-4dad-b01a-0b9f42e0ba73	gina0116	0916989821	\N	\N	1171.00	7e510692-a406-47bf-bc9d-45605844a930	customer	2026-03-27 12:22:07.479058+00	44.00
0a95f1f7-9b10-448f-ab1b-337ab1bab15b	joseph.mc.chiang	0905061020	\N	\N	1539.00	7e510692-a406-47bf-bc9d-45605844a930	customer	2026-03-27 12:22:20.77+00	70.00
2956b795-f3fb-4412-a490-d5b815505f7c	sunnysherry	\N	\N	\N	0.00	7e510692-a406-47bf-bc9d-45605844a930	customer	2026-03-27 12:22:05.71696+00	100.00
254e9782-e775-47bc-aff9-d46cd1caa68d	尹昕	0921368422	\N	\N	0.00	7e510692-a406-47bf-bc9d-45605844a930	customer	2026-03-27 12:22:01.417245+00	0.00
7aeb6632-7964-48a2-ab13-80ab533312da	warmflying	\N	\N	\N	0.00	7e510692-a406-47bf-bc9d-45605844a930	customer	2026-03-27 12:22:04.856384+00	0.00
9c152663-98ac-4b13-8814-7f8233a630bd	廖 宇珊	0920873987	\N	\N	0.00	7e510692-a406-47bf-bc9d-45605844a930	customer	2026-03-27 12:22:06.313789+00	0.00
d25c8fb9-c327-4939-917b-5d081cbbde58	紀 建弦	0918865386	\N	\N	3867.00	7e510692-a406-47bf-bc9d-45605844a930	customer	2026-03-27 12:22:21.303533+00	216.00
d941b8f2-5cd2-47aa-b328-346a0466fbba	reneecheng1229	0918080668	\N	\N	932.00	7e510692-a406-47bf-bc9d-45605844a930	customer	2026-03-27 12:22:21.822142+00	42.00
3f8d301d-121a-47e0-9fce-1524a0d1e203	蕭 景瑜	0987803762	\N	\N	4046.00	7e510692-a406-47bf-bc9d-45605844a930	customer	2026-03-27 12:22:08.009972+00	43.00
71fde86c-199c-472d-87e9-134fd8ee8623	Hwang Nicky	0955324613	\N	\N	990.00	7e510692-a406-47bf-bc9d-45605844a930	customer	2026-03-27 12:22:24.761496+00	0.00
73a54a91-a173-4d93-86a1-17d85fa8f2c1	mandy819.cool	0939-509-965	\N	\N	1970.00	7e510692-a406-47bf-bc9d-45605844a930	customer	2026-03-27 12:22:23.606645+00	0.00
54c65ea1-34d5-4c6c-89b0-d582ba5b03a5	a9311010	0971315866	\N	\N	698.00	7e510692-a406-47bf-bc9d-45605844a930	customer	2026-03-27 12:22:25.811364+00	0.00
cd51371d-caaa-473c-bd7c-022c8873923d	a8855462	0988-773-991	\N	\N	787.00	7e510692-a406-47bf-bc9d-45605844a930	customer	2026-03-27 12:22:23.087078+00	0.00
0b673557-7388-4979-9a7a-07498d4f534d	ayuing	0918218748	1979-09-29	\N	1045.00	7e510692-a406-47bf-bc9d-45605844a930	customer	2026-03-27 12:22:26.326944+00	0.00
a7cf8bf6-0f85-4f70-8d9d-1401ab4cac04	whale1017	0928104922	\N	\N	705.00	7e510692-a406-47bf-bc9d-45605844a930	customer	2026-03-27 12:22:26.852912+00	0.00
056462bf-885b-4e91-b7fd-48b9c6480452	karso	\N	\N	\N	0.00	7e510692-a406-47bf-bc9d-45605844a930	customer	2026-03-27 12:22:17.119625+00	100.00
8b843507-9f86-40f9-80be-6c2ee1cca47a	黃 雅婷	0970527281	\N	\N	725.00	7e510692-a406-47bf-bc9d-45605844a930	customer	2026-03-27 12:22:13.77868+00	15.00
a5f2af3a-4d66-46f0-9c10-d8eb967c94bd	why	0932865506	1997-04-30	\N	663.00	7e510692-a406-47bf-bc9d-45605844a930	customer	2026-03-27 12:22:14.311036+00	14.00
77bac16d-d1cb-49c8-8bd2-5846b3859f0d	jennie.huang	02-27472968	\N	\N	2755.00	7e510692-a406-47bf-bc9d-45605844a930	customer	2026-03-27 12:22:22.354776+00	126.00
55a79cdd-7c1e-4be6-91f6-b364265071cc	yuchun1129	0912086079	\N	\N	642.00	7e510692-a406-47bf-bc9d-45605844a930	customer	2026-03-27 12:22:27.375335+00	0.00
3afa562b-cc2b-4491-b658-cc411a1cad24	oocsoo	0955789532	1985-10-30	\N	0.00	7e510692-a406-47bf-bc9d-45605844a930	customer	2026-03-27 12:22:16.053312+00	0.00
87ceeb77-a66c-4d55-8619-a6f20a871b76	徐世昌	0916977305	1990-09-14	\N	0.00	7e510692-a406-47bf-bc9d-45605844a930	customer	2026-03-27 12:22:25.301552+00	0.00
44cff853-17ee-4153-a830-cebf8d41e895	張 啟慧	0981340326	\N	\N	1139.00	7e510692-a406-47bf-bc9d-45605844a930	customer	2026-03-27 12:22:27.908085+00	0.00
0c59e78d-11bf-4af2-9410-acb41e359051	林 佳翰	0985-083-155	\N	\N	3758.00	7e510692-a406-47bf-bc9d-45605844a930	customer	2026-03-27 12:22:01.948495+00	99.00
41a83b63-903e-46b2-b3ee-1837cee9e24e	mimihuahuachuangchuang	+886910226057	\N	\N	969.00	7e510692-a406-47bf-bc9d-45605844a930	customer	2026-03-27 12:22:06.952216+00	22.00
a4d578f3-b2f1-46c5-9f4e-173696d03371	andy09318jet	0910542169	1990-03-18	\N	841.00	7e510692-a406-47bf-bc9d-45605844a930	customer	2026-03-27 12:22:09.238787+00	19.00
4b405c3b-7ffe-49ff-8bf1-0e753c448b61	lumenred	0972355370	\N	\N	2300.00	7e510692-a406-47bf-bc9d-45605844a930	customer	2026-03-27 12:22:08.703834+00	12.00
c1ab4bb9-d7dc-4c02-9146-6ff74232a760	jan23xchou	\N	\N	\N	520.00	7e510692-a406-47bf-bc9d-45605844a930	customer	2026-03-27 12:22:28.42099+00	0.00
818a1062-83a6-4f6b-936b-15a191270f01	amy900323	0929801858	1990-03-23	\N	884.00	7e510692-a406-47bf-bc9d-45605844a930	customer	2026-03-27 12:22:28.946879+00	0.00
ed00683b-3a61-408b-865b-9ddfb137d402	誠真生活	\N	\N	\N	0.00	7e510692-a406-47bf-bc9d-45605844a930	admin	2026-03-27 12:11:24.630879+00	0.00
\.


--
-- Data for Name: webhook_events; Type: TABLE DATA; Schema: public; Owner: postgres
--

COPY public.webhook_events (id, gateway, merchant_trade_no, payload, processed_at) FROM stdin;
\.


--
-- Data for Name: schema_migrations; Type: TABLE DATA; Schema: realtime; Owner: supabase_admin
--

COPY realtime.schema_migrations (version, inserted_at) FROM stdin;
20211116024918	2026-03-26 16:16:21
20211116045059	2026-03-26 16:16:22
20211116050929	2026-03-26 16:16:23
20211116051442	2026-03-26 16:16:24
20211116212300	2026-03-26 16:16:25
20211116213355	2026-03-26 16:16:25
20211116213934	2026-03-26 16:16:26
20211116214523	2026-03-26 16:16:27
20211122062447	2026-03-26 16:16:28
20211124070109	2026-03-26 16:16:28
20211202204204	2026-03-26 16:16:29
20211202204605	2026-03-26 16:16:30
20211210212804	2026-03-26 16:16:32
20211228014915	2026-03-26 16:16:33
20220107221237	2026-03-26 16:16:34
20220228202821	2026-03-26 16:16:35
20220312004840	2026-03-26 16:16:35
20220603231003	2026-03-26 16:16:36
20220603232444	2026-03-26 16:16:38
20220615214548	2026-03-26 16:16:38
20220712093339	2026-03-26 16:16:39
20220908172859	2026-03-26 16:16:40
20220916233421	2026-03-26 16:16:41
20230119133233	2026-03-26 16:16:41
20230128025114	2026-03-26 16:16:42
20230128025212	2026-03-26 16:16:43
20230227211149	2026-03-26 16:16:44
20230228184745	2026-03-26 16:16:45
20230308225145	2026-03-26 16:16:46
20230328144023	2026-03-26 16:16:47
20231018144023	2026-03-26 16:16:47
20231204144023	2026-03-26 16:16:48
20231204144024	2026-03-26 16:16:49
20231204144025	2026-03-26 16:16:50
20240108234812	2026-03-26 16:16:51
20240109165339	2026-03-26 16:16:51
20240227174441	2026-03-26 16:16:53
20240311171622	2026-03-26 16:16:53
20240321100241	2026-03-26 16:16:55
20240401105812	2026-03-26 16:16:57
20240418121054	2026-03-26 16:16:58
20240523004032	2026-03-26 16:17:00
20240618124746	2026-03-26 16:17:01
20240801235015	2026-03-26 16:17:02
20240805133720	2026-03-26 16:17:02
20240827160934	2026-03-26 16:17:03
20240919163303	2026-03-26 16:17:04
20240919163305	2026-03-26 16:17:05
20241019105805	2026-03-26 16:17:05
20241030150047	2026-03-26 16:17:08
20241108114728	2026-03-26 16:17:09
20241121104152	2026-03-26 16:17:10
20241130184212	2026-03-26 16:17:10
20241220035512	2026-03-26 16:17:11
20241220123912	2026-03-26 16:17:12
20241224161212	2026-03-26 16:17:12
20250107150512	2026-03-26 16:17:13
20250110162412	2026-03-26 16:17:14
20250123174212	2026-03-26 16:17:15
20250128220012	2026-03-26 16:17:15
20250506224012	2026-03-26 16:17:16
20250523164012	2026-03-26 16:17:16
20250714121412	2026-03-26 16:17:17
20250905041441	2026-03-26 16:17:18
20251103001201	2026-03-26 16:17:18
20251120212548	2026-03-26 16:17:19
20251120215549	2026-03-26 16:17:20
20260218120000	2026-03-26 16:17:21
\.


--
-- Data for Name: subscription; Type: TABLE DATA; Schema: realtime; Owner: supabase_admin
--

COPY realtime.subscription (id, subscription_id, entity, filters, claims, created_at, action_filter) FROM stdin;
\.


--
-- Data for Name: buckets; Type: TABLE DATA; Schema: storage; Owner: supabase_storage_admin
--

COPY storage.buckets (id, name, owner, created_at, updated_at, public, avif_autodetection, file_size_limit, allowed_mime_types, owner_id, type) FROM stdin;
product-images	product-images	\N	2026-03-27 07:38:57.218881+00	2026-03-27 07:38:57.218881+00	t	f	\N	\N	\N	STANDARD
\.


--
-- Data for Name: buckets_analytics; Type: TABLE DATA; Schema: storage; Owner: supabase_storage_admin
--

COPY storage.buckets_analytics (name, type, format, created_at, updated_at, id, deleted_at) FROM stdin;
\.


--
-- Data for Name: buckets_vectors; Type: TABLE DATA; Schema: storage; Owner: supabase_storage_admin
--

COPY storage.buckets_vectors (id, type, created_at, updated_at) FROM stdin;
\.


--
-- Data for Name: migrations; Type: TABLE DATA; Schema: storage; Owner: supabase_storage_admin
--

COPY storage.migrations (id, name, hash, executed_at) FROM stdin;
0	create-migrations-table	e18db593bcde2aca2a408c4d1100f6abba2195df	2026-03-26 14:04:53.171638
1	initialmigration	6ab16121fbaa08bbd11b712d05f358f9b555d777	2026-03-26 14:04:53.221419
2	storage-schema	f6a1fa2c93cbcd16d4e487b362e45fca157a8dbd	2026-03-26 14:04:53.228138
3	pathtoken-column	2cb1b0004b817b29d5b0a971af16bafeede4b70d	2026-03-26 14:04:53.256807
4	add-migrations-rls	427c5b63fe1c5937495d9c635c263ee7a5905058	2026-03-26 14:04:53.317903
5	add-size-functions	79e081a1455b63666c1294a440f8ad4b1e6a7f84	2026-03-26 14:04:53.324913
6	change-column-name-in-get-size	ded78e2f1b5d7e616117897e6443a925965b30d2	2026-03-26 14:04:53.333981
7	add-rls-to-buckets	e7e7f86adbc51049f341dfe8d30256c1abca17aa	2026-03-26 14:04:53.34302
8	add-public-to-buckets	fd670db39ed65f9d08b01db09d6202503ca2bab3	2026-03-26 14:04:53.349846
9	fix-search-function	af597a1b590c70519b464a4ab3be54490712796b	2026-03-26 14:04:53.356969
10	search-files-search-function	b595f05e92f7e91211af1bbfe9c6a13bb3391e16	2026-03-26 14:04:53.365569
11	add-trigger-to-auto-update-updated_at-column	7425bdb14366d1739fa8a18c83100636d74dcaa2	2026-03-26 14:04:53.372594
12	add-automatic-avif-detection-flag	8e92e1266eb29518b6a4c5313ab8f29dd0d08df9	2026-03-26 14:04:53.381034
13	add-bucket-custom-limits	cce962054138135cd9a8c4bcd531598684b25e7d	2026-03-26 14:04:53.38754
14	use-bytes-for-max-size	941c41b346f9802b411f06f30e972ad4744dad27	2026-03-26 14:04:53.394989
15	add-can-insert-object-function	934146bc38ead475f4ef4b555c524ee5d66799e5	2026-03-26 14:04:53.42228
16	add-version	76debf38d3fd07dcfc747ca49096457d95b1221b	2026-03-26 14:04:53.428824
17	drop-owner-foreign-key	f1cbb288f1b7a4c1eb8c38504b80ae2a0153d101	2026-03-26 14:04:53.435584
18	add_owner_id_column_deprecate_owner	e7a511b379110b08e2f214be852c35414749fe66	2026-03-26 14:04:53.441622
19	alter-default-value-objects-id	02e5e22a78626187e00d173dc45f58fa66a4f043	2026-03-26 14:04:53.454003
20	list-objects-with-delimiter	cd694ae708e51ba82bf012bba00caf4f3b6393b7	2026-03-26 14:04:53.460601
21	s3-multipart-uploads	8c804d4a566c40cd1e4cc5b3725a664a9303657f	2026-03-26 14:04:53.467677
22	s3-multipart-uploads-big-ints	9737dc258d2397953c9953d9b86920b8be0cdb73	2026-03-26 14:04:53.483327
23	optimize-search-function	9d7e604cddc4b56a5422dc68c9313f4a1b6f132c	2026-03-26 14:04:53.496956
24	operation-function	8312e37c2bf9e76bbe841aa5fda889206d2bf8aa	2026-03-26 14:04:53.505475
25	custom-metadata	d974c6057c3db1c1f847afa0e291e6165693b990	2026-03-26 14:04:53.516706
26	objects-prefixes	215cabcb7f78121892a5a2037a09fedf9a1ae322	2026-03-26 14:04:53.524188
27	search-v2	859ba38092ac96eb3964d83bf53ccc0b141663a6	2026-03-26 14:04:53.53067
28	object-bucket-name-sorting	c73a2b5b5d4041e39705814fd3a1b95502d38ce4	2026-03-26 14:04:53.537572
29	create-prefixes	ad2c1207f76703d11a9f9007f821620017a66c21	2026-03-26 14:04:53.544263
30	update-object-levels	2be814ff05c8252fdfdc7cfb4b7f5c7e17f0bed6	2026-03-26 14:04:53.550622
31	objects-level-index	b40367c14c3440ec75f19bbce2d71e914ddd3da0	2026-03-26 14:04:53.556587
32	backward-compatible-index-on-objects	e0c37182b0f7aee3efd823298fb3c76f1042c0f7	2026-03-26 14:04:53.562779
33	backward-compatible-index-on-prefixes	b480e99ed951e0900f033ec4eb34b5bdcb4e3d49	2026-03-26 14:04:53.56858
34	optimize-search-function-v1	ca80a3dc7bfef894df17108785ce29a7fc8ee456	2026-03-26 14:04:53.574228
35	add-insert-trigger-prefixes	458fe0ffd07ec53f5e3ce9df51bfdf4861929ccc	2026-03-26 14:04:53.580006
36	optimise-existing-functions	6ae5fca6af5c55abe95369cd4f93985d1814ca8f	2026-03-26 14:04:53.585767
37	add-bucket-name-length-trigger	3944135b4e3e8b22d6d4cbb568fe3b0b51df15c1	2026-03-26 14:04:53.592065
38	iceberg-catalog-flag-on-buckets	02716b81ceec9705aed84aa1501657095b32e5c5	2026-03-26 14:04:53.599196
39	add-search-v2-sort-support	6706c5f2928846abee18461279799ad12b279b78	2026-03-26 14:04:53.611845
40	fix-prefix-race-conditions-optimized	7ad69982ae2d372b21f48fc4829ae9752c518f6b	2026-03-26 14:04:53.617975
41	add-object-level-update-trigger	07fcf1a22165849b7a029deed059ffcde08d1ae0	2026-03-26 14:04:53.624311
42	rollback-prefix-triggers	771479077764adc09e2ea2043eb627503c034cd4	2026-03-26 14:04:53.630399
43	fix-object-level	84b35d6caca9d937478ad8a797491f38b8c2979f	2026-03-26 14:04:53.636135
44	vector-bucket-type	99c20c0ffd52bb1ff1f32fb992f3b351e3ef8fb3	2026-03-26 14:04:53.642272
45	vector-buckets	049e27196d77a7cb76497a85afae669d8b230953	2026-03-26 14:04:53.64888
46	buckets-objects-grants	fedeb96d60fefd8e02ab3ded9fbde05632f84aed	2026-03-26 14:04:53.661109
47	iceberg-table-metadata	649df56855c24d8b36dd4cc1aeb8251aa9ad42c2	2026-03-26 14:04:53.667948
48	iceberg-catalog-ids	e0e8b460c609b9999ccd0df9ad14294613eed939	2026-03-26 14:04:53.674462
49	buckets-objects-grants-postgres	072b1195d0d5a2f888af6b2302a1938dd94b8b3d	2026-03-26 14:04:53.691541
50	search-v2-optimised	6323ac4f850aa14e7387eb32102869578b5bd478	2026-03-26 14:04:53.699403
51	index-backward-compatible-search	2ee395d433f76e38bcd3856debaf6e0e5b674011	2026-03-26 14:04:54.169261
52	drop-not-used-indexes-and-functions	5cc44c8696749ac11dd0dc37f2a3802075f3a171	2026-03-26 14:04:54.17174
53	drop-index-lower-name	d0cb18777d9e2a98ebe0bc5cc7a42e57ebe41854	2026-03-26 14:04:54.185202
54	drop-index-object-level	6289e048b1472da17c31a7eba1ded625a6457e67	2026-03-26 14:04:54.188933
55	prevent-direct-deletes	262a4798d5e0f2e7c8970232e03ce8be695d5819	2026-03-26 14:04:54.19137
56	fix-optimized-search-function	cb58526ebc23048049fd5bf2fd148d18b04a2073	2026-03-26 14:04:54.198486
\.


--
-- Data for Name: objects; Type: TABLE DATA; Schema: storage; Owner: supabase_storage_admin
--

COPY storage.objects (id, bucket_id, name, owner, created_at, updated_at, last_accessed_at, metadata, version, owner_id, user_metadata) FROM stdin;
1f97ef64-a361-471a-9cee-1ad4ffdb0a0e	product-images	contact-us-faq-image-1.webp	\N	2026-03-27 07:44:30.722748+00	2026-03-27 07:44:30.722748+00	2026-03-27 07:44:30.722748+00	{"eTag": "\\"725074a5de0f38329880a9a580b399c0\\"", "size": 115426, "mimetype": "image/webp", "cacheControl": "no-cache", "lastModified": "2026-03-27T07:44:31.000Z", "contentLength": 115426, "httpStatusCode": 200}	f3109052-fc0c-47d9-99f4-d2a5dde39852	\N	{}
2c74352f-f628-4357-882e-1d52f8f76f86	product-images	FCF1A2D1-116B-4048-A859-ECA627D3CFEB-updraft-pre-smush-original.jpg	\N	2026-03-27 07:45:49.291589+00	2026-03-27 07:45:49.291589+00	2026-03-27 07:45:49.291589+00	{"eTag": "\\"35b5057c68034cdc640301e7136d2b2c\\"", "size": 194784, "mimetype": "image/jpeg", "cacheControl": "no-cache", "lastModified": "2026-03-27T07:45:50.000Z", "contentLength": 194784, "httpStatusCode": 200}	8d0646bc-1992-484f-9647-91b6b2d2fa00	\N	{}
dc3ca8e4-d04b-4384-9b53-fdf9a90690f2	product-images	B09B5277-CC77-4792-BE1F-92F349779A9B.jpg	\N	2026-03-27 07:44:32.056828+00	2026-03-27 07:44:32.056828+00	2026-03-27 07:44:32.056828+00	{"eTag": "\\"b04554db8739c947e0573addfbd8241e\\"", "size": 1350819, "mimetype": "image/jpeg", "cacheControl": "no-cache", "lastModified": "2026-03-27T07:44:33.000Z", "contentLength": 1350819, "httpStatusCode": 200}	9c39e296-9dd8-4240-9b38-d013a713b24e	\N	{}
755cf625-38db-4e6e-ae22-abb0e0c8a427	product-images	S__73097241_0.jpg.webp	\N	2026-03-27 07:44:32.657036+00	2026-03-27 07:44:32.657036+00	2026-03-27 07:44:32.657036+00	{"eTag": "\\"27356c64353fa66407d44db767ae8eaa\\"", "size": 113286, "mimetype": "image/webp", "cacheControl": "no-cache", "lastModified": "2026-03-27T07:44:33.000Z", "contentLength": 113286, "httpStatusCode": 200}	78a5d32b-cf92-4152-b2a7-5bc4c9193df4	\N	{}
a9105a0a-a6d4-4f8b-b08c-d149e7f85476	product-images	article-image-7-1-2.webp	\N	2026-03-27 07:45:50.238112+00	2026-03-27 07:45:50.238112+00	2026-03-27 07:45:50.238112+00	{"eTag": "\\"d013cac3a5422071337d6717a21b0d3a\\"", "size": 94402, "mimetype": "image/webp", "cacheControl": "no-cache", "lastModified": "2026-03-27T07:45:51.000Z", "contentLength": 94402, "httpStatusCode": 200}	b2e79086-1e46-4fbf-9f1f-6c1163f40f02	\N	{}
f9e3df85-d9bb-4ce2-828c-19824f9d8548	product-images	shop-product-1.webp	\N	2026-03-27 07:44:33.189398+00	2026-03-27 07:44:33.189398+00	2026-03-27 07:44:33.189398+00	{"eTag": "\\"565c6a274e4fab1be07b2281399c1786\\"", "size": 8398, "mimetype": "image/webp", "cacheControl": "no-cache", "lastModified": "2026-03-27T07:44:34.000Z", "contentLength": 8398, "httpStatusCode": 200}	510141ce-425c-4d21-9dae-cd6297c30cac	\N	{}
bc3033c3-d825-446b-8cc5-d39eaa20e9b9	product-images	IMG_0834.jpg	\N	2026-03-27 07:44:34.927679+00	2026-03-27 07:44:34.927679+00	2026-03-27 07:44:34.927679+00	{"eTag": "\\"75aa0ebff8bd0949d4761389b882d7c4\\"", "size": 1126766, "mimetype": "image/jpeg", "cacheControl": "no-cache", "lastModified": "2026-03-27T07:44:35.000Z", "contentLength": 1126766, "httpStatusCode": 200}	09e9f79e-04b4-4e9c-a695-3a8ead213360	\N	{}
ae352ab5-12d2-4571-99bd-6f2a17acbaec	product-images	og.webp	\N	2026-03-27 07:45:50.959427+00	2026-03-27 07:45:50.959427+00	2026-03-27 07:45:50.959427+00	{"eTag": "\\"a527f9e76bb21e3651b278318ae78edf\\"", "size": 11938, "mimetype": "image/webp", "cacheControl": "no-cache", "lastModified": "2026-03-27T07:45:51.000Z", "contentLength": 11938, "httpStatusCode": 200}	c9ad93c4-1cda-4def-9d4e-7dcc98d04019	\N	{}
896ca8ea-4cd3-404f-9040-83bd97e31580	product-images	chief-1@2x-ra6ebo42ggifp9ni018zhrk56l1v0943t8hfpfgzt0.jpg	\N	2026-03-27 07:44:35.485574+00	2026-03-27 07:44:35.485574+00	2026-03-27 07:44:35.485574+00	{"eTag": "\\"ff26e39f789ef9de9d979492ad32a5b3\\"", "size": 12562, "mimetype": "image/jpeg", "cacheControl": "no-cache", "lastModified": "2026-03-27T07:44:36.000Z", "contentLength": 12562, "httpStatusCode": 200}	2627bea9-0239-4f95-96d7-2024f6eb4a90	\N	{}
5a8c48f0-7fce-4fbb-b3a2-c35294c3447d	product-images	Gemini_Generated_Image_3dbxhe3dbxhe3dbx-processedlightpdf.com_.png.webp	\N	2026-03-27 07:44:36.871486+00	2026-03-27 07:44:36.871486+00	2026-03-27 07:44:36.871486+00	{"eTag": "\\"a7d2a9aa22fd6eea5c2aa70348b28839\\"", "size": 133186, "mimetype": "image/webp", "cacheControl": "no-cache", "lastModified": "2026-03-27T07:44:37.000Z", "contentLength": 133186, "httpStatusCode": 200}	51467e19-60a1-4cb7-b5ea-9ab73b624750	\N	{}
9f7d170c-acdb-47ba-82ea-fb47b139e2ef	product-images	IMG_8521.jpeg	\N	2026-03-27 07:44:38.778047+00	2026-03-27 07:44:38.778047+00	2026-03-27 07:44:38.778047+00	{"eTag": "\\"d2630c6ef1de7aa1f40035aeb8abba01\\"", "size": 3362220, "mimetype": "image/jpeg", "cacheControl": "no-cache", "lastModified": "2026-03-27T07:44:39.000Z", "contentLength": 3362220, "httpStatusCode": 200}	011664bf-5968-4239-a8c4-bf0c0027fed4	\N	{}
3c8fd8d7-b6af-40c3-bb3c-79503820c6fd	product-images	chief-1@2x-rhg395vnqc2rema3szxn9k9e68nfzsz2f67u1d7fpg.jpg	\N	2026-03-27 07:44:39.133235+00	2026-03-27 07:44:39.133235+00	2026-03-27 07:44:39.133235+00	{"eTag": "\\"d0874eaca3f8f49c28d823d996e1aced\\"", "size": 12566, "mimetype": "image/jpeg", "cacheControl": "no-cache", "lastModified": "2026-03-27T07:44:40.000Z", "contentLength": 12566, "httpStatusCode": 200}	d24e1324-3b83-43e3-ba2d-15d63b965d93	\N	{}
3bbf61aa-c37f-4074-afca-cadb9b7e207e	product-images	product-category-3.webp	\N	2026-03-27 07:44:40.229429+00	2026-03-27 07:44:40.229429+00	2026-03-27 07:44:40.229429+00	{"eTag": "\\"c75809de306bec9a805d51724da27ad6\\"", "size": 13442, "mimetype": "image/webp", "cacheControl": "no-cache", "lastModified": "2026-03-27T07:44:41.000Z", "contentLength": 13442, "httpStatusCode": 200}	524456a8-0056-4a30-93c1-cc798b79a76e	\N	{}
cb99a1ae-c751-48a0-822f-25f674a53a8d	product-images	S__73097241_0-updraft-pre-smush-original.jpg	\N	2026-03-27 07:44:40.717966+00	2026-03-27 07:44:40.717966+00	2026-03-27 07:44:40.717966+00	{"eTag": "\\"e52bb0b63f71e3e6d18a89e222e0811b\\"", "size": 317741, "mimetype": "image/jpeg", "cacheControl": "no-cache", "lastModified": "2026-03-27T07:44:41.000Z", "contentLength": 317741, "httpStatusCode": 200}	d7c7a5e8-27aa-49d3-8456-bddf0d428310	\N	{}
c189fe17-3631-442d-a54e-e1141093fe9a	product-images	AdobeStock_626069501.jpeg	\N	2026-03-27 07:44:42.071858+00	2026-03-27 07:44:42.071858+00	2026-03-27 07:44:42.071858+00	{"eTag": "\\"186838ad153d3a276612e8ae2af43c50-2\\"", "size": 5514212, "mimetype": "image/jpeg", "cacheControl": "no-cache", "lastModified": "2026-03-27T07:44:42.000Z", "contentLength": 5514212, "httpStatusCode": 200}	f1c8d99c-38fd-48d2-b028-06ee6811507b	\N	{}
82d33fa9-bca3-4a93-8398-9aada5793c3b	product-images	banner-star.webp	\N	2026-03-27 07:45:51.264225+00	2026-03-27 07:45:51.264225+00	2026-03-27 07:45:51.264225+00	{"eTag": "\\"a3763547c7334ae9e4b69b85f444ec89\\"", "size": 13840, "mimetype": "image/webp", "cacheControl": "no-cache", "lastModified": "2026-03-27T07:45:52.000Z", "contentLength": 13840, "httpStatusCode": 200}	e9fb669c-397e-4aad-9727-0089ad0f326a	\N	{}
a9434380-0bf0-4717-9265-c5053094d607	product-images	Pale-Blue-Background.png	\N	2026-03-27 07:44:43.345514+00	2026-03-27 07:44:43.345514+00	2026-03-27 07:44:43.345514+00	{"eTag": "\\"6cdbecb3602172813e9af3ee066ad297\\"", "size": 1050769, "mimetype": "image/png", "cacheControl": "no-cache", "lastModified": "2026-03-27T07:44:44.000Z", "contentLength": 1050769, "httpStatusCode": 200}	09849333-37ba-4dd6-a663-accaf7e4c72c	\N	{}
06340d0c-fb35-4cd0-aa47-60204b5d8866	product-images	product-category-2.webp	\N	2026-03-27 07:44:43.872804+00	2026-03-27 07:44:43.872804+00	2026-03-27 07:44:43.872804+00	{"eTag": "\\"58bffcda04d85c32f09d8cffef40847d\\"", "size": 5634, "mimetype": "image/webp", "cacheControl": "no-cache", "lastModified": "2026-03-27T07:44:44.000Z", "contentLength": 5634, "httpStatusCode": 200}	e64883c0-fe3c-4d89-bd51-a348bf82573f	\N	{}
dd31a517-ce60-48a3-9f1e-72557d701500	product-images	chief-2@2x-rf6s8e7j6ap7kk3trjeu4ii1rvm5k3dxce3bl8gldw.jpg	\N	2026-03-27 07:45:52.484107+00	2026-03-27 07:45:52.484107+00	2026-03-27 07:45:52.484107+00	{"eTag": "\\"7f883623cfa4e1b9b07ec95581b5d35b\\"", "size": 11356, "mimetype": "image/jpeg", "cacheControl": "no-cache", "lastModified": "2026-03-27T07:45:53.000Z", "contentLength": 11356, "httpStatusCode": 200}	f425b071-2b18-495f-a6d6-9a6edcf44557	\N	{}
312eeb5e-ba21-4d27-a412-c16386b51a2e	product-images	AdobeStock_1526079607.jpeg	\N	2026-03-27 07:44:46.56619+00	2026-03-27 07:44:46.56619+00	2026-03-27 07:44:46.56619+00	{"eTag": "\\"1350276d3df5377c01715233de9d818e-2\\"", "size": 6059466, "mimetype": "image/jpeg", "cacheControl": "no-cache", "lastModified": "2026-03-27T07:44:46.000Z", "contentLength": 6059466, "httpStatusCode": 200}	c2b838d9-3691-4e5a-ac3e-23e8038e5f4c	\N	{}
e282953f-6457-482b-8aba-2b5c6b02df20	product-images	new-bag-1.jpg	\N	2026-03-27 07:44:47.129568+00	2026-03-27 07:44:47.129568+00	2026-03-27 07:44:47.129568+00	{"eTag": "\\"0a4b6b90110de717357b1bc93e55441a\\"", "size": 919458, "mimetype": "image/jpeg", "cacheControl": "no-cache", "lastModified": "2026-03-27T07:44:48.000Z", "contentLength": 919458, "httpStatusCode": 200}	6017a2d9-203a-4100-9562-652c89c3b4b9	\N	{}
2ff1e3cd-b523-48d4-8d22-66863c75ed19	product-images	S__73097242_0.jpg.webp	\N	2026-03-27 07:45:52.953484+00	2026-03-27 07:45:52.953484+00	2026-03-27 07:45:52.953484+00	{"eTag": "\\"b75f9486139d67916d782816e2eaa946\\"", "size": 78578, "mimetype": "image/webp", "cacheControl": "no-cache", "lastModified": "2026-03-27T07:45:53.000Z", "contentLength": 78578, "httpStatusCode": 200}	61252db9-7152-4e88-ae99-5f36ed754547	\N	{}
fd9d0366-f185-4e62-a290-a1ccbdbc1f23	product-images	a1.webp	\N	2026-03-27 07:44:47.969365+00	2026-03-27 07:44:47.969365+00	2026-03-27 07:44:47.969365+00	{"eTag": "\\"08a67c6e33e07631fce614404df03f77\\"", "size": 67034, "mimetype": "image/webp", "cacheControl": "no-cache", "lastModified": "2026-03-27T07:44:48.000Z", "contentLength": 67034, "httpStatusCode": 200}	360d4bc0-2252-4ea6-bf77-3e3e1c0e5a9b	\N	{}
194d840b-0807-40df-b67f-9c1d81ca3b22	product-images	article-image-7.webp	\N	2026-03-27 07:44:48.547912+00	2026-03-27 07:44:48.547912+00	2026-03-27 07:44:48.547912+00	{"eTag": "\\"7d27031d160645a99c5781065281dccb\\"", "size": 62548, "mimetype": "image/webp", "cacheControl": "no-cache", "lastModified": "2026-03-27T07:44:49.000Z", "contentLength": 62548, "httpStatusCode": 200}	124bf79f-15cc-41e6-96ec-361292392d38	\N	{}
f8b25b33-90f9-4025-ab75-cf2e6124ea57	product-images	browse-by-rooms-image-4-1-1.webp	\N	2026-03-27 07:45:53.877329+00	2026-03-27 07:45:53.877329+00	2026-03-27 07:45:53.877329+00	{"eTag": "\\"f75b4cf2c0af3460fe47cd9d86abc1f5\\"", "size": 14352, "mimetype": "image/webp", "cacheControl": "no-cache", "lastModified": "2026-03-27T07:45:54.000Z", "contentLength": 14352, "httpStatusCode": 200}	d3e1facc-9878-4741-8fbd-dee41497ec92	\N	{}
0ee8d97c-1f65-4d7e-b3d5-37a4631cff62	product-images	brand-hero-image-2.webp	\N	2026-03-27 07:44:48.863209+00	2026-03-27 07:44:48.863209+00	2026-03-27 07:44:48.863209+00	{"eTag": "\\"3020d34dae4f1f295faca2726e0aaad2\\"", "size": 37490, "mimetype": "image/webp", "cacheControl": "no-cache", "lastModified": "2026-03-27T07:44:49.000Z", "contentLength": 37490, "httpStatusCode": 200}	5c4260f5-52b5-41e1-9238-094ba8b52c79	\N	{}
db6742e3-b4d9-4756-8aec-688074a92446	product-images	Gemini_Generated_Image_3dbxhe3dbxhe3dbx-processedlightpdf.com_.png	\N	2026-03-27 07:44:50.146029+00	2026-03-27 07:44:50.146029+00	2026-03-27 07:44:50.146029+00	{"eTag": "\\"e46229cb599d93f8a963d5eab20aa5f8\\"", "size": 1797707, "mimetype": "image/png", "cacheControl": "no-cache", "lastModified": "2026-03-27T07:44:51.000Z", "contentLength": 1797707, "httpStatusCode": 200}	91f489dd-e551-474c-b621-b95ab6ac2308	\N	{}
5eecb391-51d5-4efc-8ecd-5819d2423ea1	product-images	FA4CC1D2-D188-4338-870B-E74BFED86658.jpg	\N	2026-03-27 07:44:51.066875+00	2026-03-27 07:44:51.066875+00	2026-03-27 07:44:51.066875+00	{"eTag": "\\"49e1f699d7f8e2e4d3487eceb677c53c\\"", "size": 3891353, "mimetype": "image/jpeg", "cacheControl": "no-cache", "lastModified": "2026-03-27T07:44:51.000Z", "contentLength": 3891353, "httpStatusCode": 200}	7a762add-a5c2-4537-aac1-d6a7454933bd	\N	{}
6384a95c-add1-42c8-b513-286cada80b91	product-images	S__73424911-updraft-pre-smush-original.jpg	\N	2026-03-27 07:44:51.660983+00	2026-03-27 07:44:51.660983+00	2026-03-27 07:44:51.660983+00	{"eTag": "\\"c99319435194ce920e053c3952d82e82\\"", "size": 258992, "mimetype": "image/jpeg", "cacheControl": "no-cache", "lastModified": "2026-03-27T07:44:52.000Z", "contentLength": 258992, "httpStatusCode": 200}	be75cfe3-f4a5-42ec-a5ad-dd9343fea1d4	\N	{}
d3a10edb-bda1-4d3e-9389-8a3a55d300cf	product-images	BA6CDCD6-CE88-436D-957B-659D25CFA8E2.jpg	\N	2026-03-27 07:44:52.379352+00	2026-03-27 07:44:52.379352+00	2026-03-27 07:44:52.379352+00	{"eTag": "\\"33a5ebd51c85259842a387ca983def8f\\"", "size": 1793369, "mimetype": "image/jpeg", "cacheControl": "no-cache", "lastModified": "2026-03-27T07:44:53.000Z", "contentLength": 1793369, "httpStatusCode": 200}	f80d932b-fd58-4450-9dc0-e4c4846335ad	\N	{}
fc14accd-1866-40a7-8362-4ae082e8cadd	product-images	S__74096656-updraft-pre-smush-original.jpg	\N	2026-03-27 07:44:52.846458+00	2026-03-27 07:44:52.846458+00	2026-03-27 07:44:52.846458+00	{"eTag": "\\"1ce1ec7dbad948f1f9ad439777c6573b\\"", "size": 257570, "mimetype": "image/jpeg", "cacheControl": "no-cache", "lastModified": "2026-03-27T07:44:53.000Z", "contentLength": 257570, "httpStatusCode": 200}	fe4ec839-204b-4e83-a272-8f5886170459	\N	{}
a69b106d-eb95-4086-a136-09f6f69cda3e	product-images	4AA27AF3-7330-47B8-AD1B-56432EE8BE73.jpg	\N	2026-03-27 07:44:54.669756+00	2026-03-27 07:44:54.669756+00	2026-03-27 07:44:54.669756+00	{"eTag": "\\"ffdae303ce29e96efe473296b9dc8d97\\"", "size": 829718, "mimetype": "image/jpeg", "cacheControl": "no-cache", "lastModified": "2026-03-27T07:44:55.000Z", "contentLength": 829718, "httpStatusCode": 200}	cbc75394-e140-424c-8780-242f72644fd1	\N	{}
be8fe2bd-1d01-43bb-b96b-781f7977b514	product-images	new-bag-2.jpg	\N	2026-03-27 07:44:55.905553+00	2026-03-27 07:44:55.905553+00	2026-03-27 07:44:55.905553+00	{"eTag": "\\"c23b6acae7e7c456c4b7bf72be8b411c\\"", "size": 989415, "mimetype": "image/jpeg", "cacheControl": "no-cache", "lastModified": "2026-03-27T07:44:56.000Z", "contentLength": 989415, "httpStatusCode": 200}	973c951c-d21a-448f-9ac2-63c4e3976103	\N	{}
9f57ea91-4761-42c8-bdfa-cf5bb48240b7	product-images	chief-3@2x-rf6s8e7j6ap7kk3trjeu4ii1rvm5k3dxce3bl8gldw.jpg	\N	2026-03-27 07:45:56.479098+00	2026-03-27 07:45:56.479098+00	2026-03-27 07:45:56.479098+00	{"eTag": "\\"98bdef6c0403df3a531c414309cf3796\\"", "size": 15420, "mimetype": "image/jpeg", "cacheControl": "no-cache", "lastModified": "2026-03-27T07:45:57.000Z", "contentLength": 15420, "httpStatusCode": 200}	9af0e069-e538-4678-93e7-2a58306bd0d2	\N	{}
8315094e-4cee-435f-b933-b483404dec29	product-images	S__73097242_0.jpg	\N	2026-03-27 07:44:56.415432+00	2026-03-27 07:44:56.415432+00	2026-03-27 07:44:56.415432+00	{"eTag": "\\"f4c8e3710b3103f7fc34e059e45246f9\\"", "size": 263236, "mimetype": "image/jpeg", "cacheControl": "no-cache", "lastModified": "2026-03-27T07:44:57.000Z", "contentLength": 263236, "httpStatusCode": 200}	3af144a4-f764-4800-ad9f-7e46b9b80c06	\N	{}
91ed9935-4885-4c83-be7b-3fd6862808ea	product-images	Gemini_Generated_Image_jlivljlivljlivlj-processed.png	\N	2026-03-27 07:44:57.492875+00	2026-03-27 07:44:57.492875+00	2026-03-27 07:44:57.492875+00	{"eTag": "\\"5b463257f16802492686e1601a45425f\\"", "size": 1941538, "mimetype": "image/png", "cacheControl": "no-cache", "lastModified": "2026-03-27T07:44:58.000Z", "contentLength": 1941538, "httpStatusCode": 200}	985dd4d7-9c72-418b-877e-70edc2c1ceea	\N	{}
fc43be06-5e76-4bf2-8b8f-9fb16c22d04d	product-images	image.jpg	\N	2026-03-27 07:45:57.381235+00	2026-03-27 07:45:57.381235+00	2026-03-27 07:45:57.381235+00	{"eTag": "\\"815f392b62aec28e0f06faf3928c87d6\\"", "size": 2079300, "mimetype": "image/jpeg", "cacheControl": "no-cache", "lastModified": "2026-03-27T07:45:58.000Z", "contentLength": 2079300, "httpStatusCode": 200}	fbcbbd5e-9ad5-436e-b126-4405afb5121d	\N	{}
8a320260-f34c-4f49-8109-d0cfc0a573ff	product-images	S__73424909.jpg.webp	\N	2026-03-27 07:44:59.894881+00	2026-03-27 07:44:59.894881+00	2026-03-27 07:44:59.894881+00	{"eTag": "\\"363204e83168c822b09c4499087fcd0f\\"", "size": 105318, "mimetype": "image/webp", "cacheControl": "no-cache", "lastModified": "2026-03-27T07:45:00.000Z", "contentLength": 105318, "httpStatusCode": 200}	9ad9ddb7-2b52-43a0-96ff-1bb7e984367e	\N	{}
0c0c3639-120b-43a7-91f5-9bc5d36c301c	product-images	fallback-img.jpg	\N	2026-03-27 07:45:01.138254+00	2026-03-27 07:45:01.138254+00	2026-03-27 07:45:01.138254+00	{"eTag": "\\"d0aee1e9c0f1c94146100381478cb196\\"", "size": 5413, "mimetype": "image/jpeg", "cacheControl": "no-cache", "lastModified": "2026-03-27T07:45:02.000Z", "contentLength": 5413, "httpStatusCode": 200}	16ead3e4-3f4c-4f12-9e77-77eea97022a6	\N	{}
3260646b-af2a-44fd-9448-c6d8d3ea99eb	product-images	shop-product-2.webp	\N	2026-03-27 07:45:58.090798+00	2026-03-27 07:45:58.090798+00	2026-03-27 07:45:58.090798+00	{"eTag": "\\"1acba4bbf31b913befd6a4eda4804b8c\\"", "size": 43670, "mimetype": "image/webp", "cacheControl": "no-cache", "lastModified": "2026-03-27T07:45:59.000Z", "contentLength": 43670, "httpStatusCode": 200}	01169394-b786-45da-8009-77f72ec7c5b2	\N	{}
b3d0fdc4-6a6d-4ce4-b27b-4dde47d7ac27	product-images	Uniform-Background.png	\N	2026-03-27 07:45:02.145973+00	2026-03-27 07:45:02.145973+00	2026-03-27 07:45:02.145973+00	{"eTag": "\\"a08fd1a170e7b8d2d6ce15911d159d87\\"", "size": 1239242, "mimetype": "image/png", "cacheControl": "no-cache", "lastModified": "2026-03-27T07:45:03.000Z", "contentLength": 1239242, "httpStatusCode": 200}	8f4c3e21-eb72-47b0-9478-5993f51295c2	\N	{}
89c88f5a-34c3-417b-bd51-48f154a640d8	product-images	product-category-5.webp	\N	2026-03-27 07:45:02.907789+00	2026-03-27 07:45:02.907789+00	2026-03-27 07:45:02.907789+00	{"eTag": "\\"5f420db5d90fdbc98b941c71718046d7\\"", "size": 15918, "mimetype": "image/webp", "cacheControl": "no-cache", "lastModified": "2026-03-27T07:45:03.000Z", "contentLength": 15918, "httpStatusCode": 200}	71b2260e-ba8a-480d-8b61-bea220c52f74	\N	{}
961b8824-b3d4-4fa3-b423-18c8ee33c10e	product-images	Article-img_3-13122021-1.jpg	\N	2026-03-27 07:45:58.520579+00	2026-03-27 07:45:58.520579+00	2026-03-27 07:45:58.520579+00	{"eTag": "\\"a2ea012b07336307473ee7b499694104\\"", "size": 2879, "mimetype": "image/jpeg", "cacheControl": "no-cache", "lastModified": "2026-03-27T07:45:59.000Z", "contentLength": 2879, "httpStatusCode": 200}	a70fe63d-f1aa-4c45-9307-09aafac69e3a	\N	{}
38012b04-2e90-4f88-8867-3c897b9e6845	product-images	wpo_logo_small.png	\N	2026-03-27 07:45:03.629916+00	2026-03-27 07:45:03.629916+00	2026-03-27 07:45:03.629916+00	{"eTag": "\\"5559639336013c99a49cf0dd27f40184\\"", "size": 15666, "mimetype": "image/png", "cacheControl": "no-cache", "lastModified": "2026-03-27T07:45:04.000Z", "contentLength": 15666, "httpStatusCode": 200}	ab031713-659b-4085-9ba2-e728e7ef5762	\N	{}
7ad27881-2a9d-4b45-b29c-e2a9090dade2	product-images	FCF1A2D1-116B-4048-A859-ECA627D3CFEB.jpg.webp	\N	2026-03-27 07:45:04.520568+00	2026-03-27 07:45:04.520568+00	2026-03-27 07:45:04.520568+00	{"eTag": "\\"796cf1bc6f9a313e84e81b1c61150f9c\\"", "size": 54294, "mimetype": "image/webp", "cacheControl": "no-cache", "lastModified": "2026-03-27T07:45:05.000Z", "contentLength": 54294, "httpStatusCode": 200}	8df5e3e1-f1b9-4f33-aeae-6a40951973ea	\N	{}
da395ad4-7416-4f93-a950-ee82389d00a6	product-images	home-testimonial-background-image.webp	\N	2026-03-27 07:45:05.248889+00	2026-03-27 07:45:05.248889+00	2026-03-27 07:45:05.248889+00	{"eTag": "\\"1a6dae9e5f393f18d33d0c24ce649803\\"", "size": 58232, "mimetype": "image/webp", "cacheControl": "no-cache", "lastModified": "2026-03-27T07:45:06.000Z", "contentLength": 58232, "httpStatusCode": 200}	8c12b175-165f-4e30-95b0-5946e504b33a	\N	{}
0d8583ad-a0ea-46d8-9673-2e30afd7131b	product-images	S__73498773.jpg	\N	2026-03-27 07:45:06.304818+00	2026-03-27 07:45:06.304818+00	2026-03-27 07:45:06.304818+00	{"eTag": "\\"8baf5fd6eff9b8a976e7e58f63ebca4e\\"", "size": 310427, "mimetype": "image/jpeg", "cacheControl": "no-cache", "lastModified": "2026-03-27T07:45:07.000Z", "contentLength": 310427, "httpStatusCode": 200}	069f31c0-d278-4d17-98ac-c8a0ae2b2f9a	\N	{}
6486ebbb-7a2c-4083-b3b1-e5eb24429958	product-images	S__73498773-updraft-pre-smush-original.jpg	\N	2026-03-27 07:45:08.808425+00	2026-03-27 07:45:08.808425+00	2026-03-27 07:45:08.808425+00	{"eTag": "\\"4291e643483aa87105c1e0a6bc21dacf\\"", "size": 311226, "mimetype": "image/jpeg", "cacheControl": "no-cache", "lastModified": "2026-03-27T07:45:09.000Z", "contentLength": 311226, "httpStatusCode": 200}	b1897b2b-2865-43f3-a786-4b7412dbe25f	\N	{}
de5054ba-5568-4244-9f0f-b7b90d44a05d	product-images	S__73424910-updraft-pre-smush-original.jpg	\N	2026-03-27 07:45:09.433698+00	2026-03-27 07:45:09.433698+00	2026-03-27 07:45:09.433698+00	{"eTag": "\\"d7a9a6880568d354901626bbf91ce928\\"", "size": 257366, "mimetype": "image/jpeg", "cacheControl": "no-cache", "lastModified": "2026-03-27T07:45:10.000Z", "contentLength": 257366, "httpStatusCode": 200}	09924f24-18cc-4fdd-a0b1-82bf5637a668	\N	{}
cdaf218d-0c79-4a9c-a699-e378e27cfabb	product-images	cropped-favicon.png	\N	2026-03-27 07:46:01.364488+00	2026-03-27 07:46:01.364488+00	2026-03-27 07:46:01.364488+00	{"eTag": "\\"26239d05eb2f2e7788ee65de30411f9e\\"", "size": 16468, "mimetype": "image/png", "cacheControl": "no-cache", "lastModified": "2026-03-27T07:46:02.000Z", "contentLength": 16468, "httpStatusCode": 200}	2c384a39-53bb-4751-83d0-6693980daaa4	\N	{}
77ea68db-1b7e-41f7-be10-236ee029bf29	product-images	EA254DF9-165F-45E3-80EB-BB2EE3D4C7A3.jpg	\N	2026-03-27 07:45:10.507225+00	2026-03-27 07:45:10.507225+00	2026-03-27 07:45:10.507225+00	{"eTag": "\\"872a95b189d43af9960a22ae9a1a1d5c\\"", "size": 832547, "mimetype": "image/jpeg", "cacheControl": "no-cache", "lastModified": "2026-03-27T07:45:11.000Z", "contentLength": 832547, "httpStatusCode": 200}	e3b637b4-1621-431d-be8e-9f6dc80aabd7	\N	{}
cece8558-0e6d-4ffe-9945-53afb390a363	product-images	S__73097241_0.jpg	\N	2026-03-27 07:45:11.522226+00	2026-03-27 07:45:11.522226+00	2026-03-27 07:45:11.522226+00	{"eTag": "\\"28b3957f43cbd1728b17d7fa2a39a871\\"", "size": 302339, "mimetype": "image/jpeg", "cacheControl": "no-cache", "lastModified": "2026-03-27T07:45:12.000Z", "contentLength": 302339, "httpStatusCode": 200}	f4646f1c-698d-44a2-9955-99654bde7f90	\N	{}
ab3ff881-4acb-4ed8-a67e-905847428008	product-images	AdobeStock_276642640.webp	\N	2026-03-27 07:46:01.939846+00	2026-03-27 07:46:01.939846+00	2026-03-27 07:46:01.939846+00	{"eTag": "\\"229aa92c68aef2934138ae1227cdc3c3\\"", "size": 548520, "mimetype": "image/webp", "cacheControl": "no-cache", "lastModified": "2026-03-27T07:46:02.000Z", "contentLength": 548520, "httpStatusCode": 200}	db7c856e-c9a7-4f35-9eec-abd43d8a53af	\N	{}
ebbf25c8-379c-4964-a356-545b526c02a4	product-images	product-category-4.webp	\N	2026-03-27 07:45:11.930758+00	2026-03-27 07:45:11.930758+00	2026-03-27 07:45:11.930758+00	{"eTag": "\\"4f4e489eb7ed887be4edb859da3d8cd3\\"", "size": 4632, "mimetype": "image/webp", "cacheControl": "no-cache", "lastModified": "2026-03-27T07:45:12.000Z", "contentLength": 4632, "httpStatusCode": 200}	f2bf5941-bf25-4d77-8741-cb3819635245	\N	{}
a1dcf8c3-2284-4138-b405-f14f325e20d2	product-images	ED923E71-2926-4731-9466-BBD299DBC676.jpg	\N	2026-03-27 07:45:12.639734+00	2026-03-27 07:45:12.639734+00	2026-03-27 07:45:12.639734+00	{"eTag": "\\"c186abcc1ea32fef984a73803bbb7d28\\"", "size": 1439220, "mimetype": "image/jpeg", "cacheControl": "no-cache", "lastModified": "2026-03-27T07:45:13.000Z", "contentLength": 1439220, "httpStatusCode": 200}	e9439ec9-71c9-42a0-b1c2-bce5c3bbc0c9	\N	{}
4e1f4255-c300-48e3-b6db-e1b273a87885	product-images	contact-col-bg.jpg	\N	2026-03-27 07:46:02.401222+00	2026-03-27 07:46:02.401222+00	2026-03-27 07:46:02.401222+00	{"eTag": "\\"bdd89af3408cbc573e81509a9639316c\\"", "size": 117322, "mimetype": "image/jpeg", "cacheControl": "no-cache", "lastModified": "2026-03-27T07:46:03.000Z", "contentLength": 117322, "httpStatusCode": 200}	4999af4d-c625-4308-8ea6-8bbe0194a29a	\N	{}
7fd35414-50ba-4899-9086-eb5650183cfb	product-images	Image-Testemonials-2.jpeg	\N	2026-03-27 07:45:13.041593+00	2026-03-27 07:45:13.041593+00	2026-03-27 07:45:13.041593+00	{"eTag": "\\"f5343b764ebaf635adb6fa2e3516d697\\"", "size": 1510, "mimetype": "image/jpeg", "cacheControl": "no-cache", "lastModified": "2026-03-27T07:45:13.000Z", "contentLength": 1510, "httpStatusCode": 200}	cc818b53-1be8-423f-a829-176a68fddd8b	\N	{}
c586b72d-ea53-4e0d-b0f1-75e548a08e1b	product-images	S__73424909.jpg	\N	2026-03-27 07:45:14.08909+00	2026-03-27 07:45:14.08909+00	2026-03-27 07:45:14.08909+00	{"eTag": "\\"b68a2713419db440f7d1bdfbd5f1b783\\"", "size": 270673, "mimetype": "image/jpeg", "cacheControl": "no-cache", "lastModified": "2026-03-27T07:45:15.000Z", "contentLength": 270673, "httpStatusCode": 200}	52496978-2624-4b46-be4b-e2110e526648	\N	{}
afea8804-614e-41f7-ac75-2558052ef055	product-images	bg-007-tablet.jpg	\N	2026-03-27 07:46:12.756858+00	2026-03-27 07:46:12.756858+00	2026-03-27 07:46:12.756858+00	{"eTag": "\\"c386496770add5f0e05ee3cefc0ce89b\\"", "size": 59914, "mimetype": "image/jpeg", "cacheControl": "no-cache", "lastModified": "2026-03-27T07:46:13.000Z", "contentLength": 59914, "httpStatusCode": 200}	acd0bfe8-2abb-4eea-bb26-bf2274816c84	\N	{}
57c77f50-55c7-4308-92a4-f76cc9930626	product-images	S__73097242_0-updraft-pre-smush-original.jpg	\N	2026-03-27 07:45:15.370828+00	2026-03-27 07:45:15.370828+00	2026-03-27 07:45:15.370828+00	{"eTag": "\\"592abb3535c900676d542ecd251440e1\\"", "size": 263609, "mimetype": "image/jpeg", "cacheControl": "no-cache", "lastModified": "2026-03-27T07:45:16.000Z", "contentLength": 263609, "httpStatusCode": 200}	dfb64849-46e3-4082-bb9d-991e01ab73eb	\N	{}
deab785f-552f-498c-875f-c631f5283332	product-images	S__73424909-updraft-pre-smush-original.jpg	\N	2026-03-27 07:45:15.825573+00	2026-03-27 07:45:15.825573+00	2026-03-27 07:45:15.825573+00	{"eTag": "\\"25e19a2e402d813c4334ca3d6018f37d\\"", "size": 280032, "mimetype": "image/jpeg", "cacheControl": "no-cache", "lastModified": "2026-03-27T07:45:16.000Z", "contentLength": 280032, "httpStatusCode": 200}	c2dcd0bf-459c-4746-afe1-616b570c41aa	\N	{}
c905d78a-214d-4f2d-88e1-fe5fed9cc246	product-images	S__74096656.jpg	\N	2026-03-27 07:45:16.802878+00	2026-03-27 07:45:16.802878+00	2026-03-27 07:45:16.802878+00	{"eTag": "\\"b77aeffa58dfa2796a49c774262ed676\\"", "size": 246592, "mimetype": "image/jpeg", "cacheControl": "no-cache", "lastModified": "2026-03-27T07:45:17.000Z", "contentLength": 246592, "httpStatusCode": 200}	54041890-bd2f-409d-9484-94cc38517599	\N	{}
5f4e8741-4f68-492f-bfb8-9d69b93f893c	product-images	woocommerce-placeholder.png	\N	2026-03-27 07:45:17.220378+00	2026-03-27 07:45:17.220378+00	2026-03-27 07:45:17.220378+00	{"eTag": "\\"5351057f3da766a3921f4ff4498a9c5b\\"", "size": 48149, "mimetype": "image/png", "cacheControl": "no-cache", "lastModified": "2026-03-27T07:45:18.000Z", "contentLength": 48149, "httpStatusCode": 200}	f018d177-e36a-4965-9367-47768e2b0fc2	\N	{}
664ff718-b8ee-4742-bf30-6dbd33bb4517	product-images	chief-1@2x-rhg394xtji1h30bgyhj0p2hxkus2s3vc31kck38tvo.jpg	\N	2026-03-27 07:45:17.740053+00	2026-03-27 07:45:17.740053+00	2026-03-27 07:45:17.740053+00	{"eTag": "\\"d0874eaca3f8f49c28d823d996e1aced\\"", "size": 12566, "mimetype": "image/jpeg", "cacheControl": "no-cache", "lastModified": "2026-03-27T07:45:18.000Z", "contentLength": 12566, "httpStatusCode": 200}	fe3b223b-abec-4086-bdf8-bdae2b17047d	\N	{}
b5de8b3c-0316-4396-a54a-ee2bec972c2e	product-images	Generated-Image-September-07-2025-5_50PM.jpeg	\N	2026-03-27 07:46:02.802846+00	2026-03-27 07:46:02.802846+00	2026-03-27 07:46:02.802846+00	{"eTag": "\\"e53d4d08542f33bebd71f3cc998aef00\\"", "size": 54030, "mimetype": "image/jpeg", "cacheControl": "no-cache", "lastModified": "2026-03-27T07:46:03.000Z", "contentLength": 54030, "httpStatusCode": 200}	9779a54e-e391-402a-80cc-8f8a0d84a7c8	\N	{}
de005867-7901-40b4-a72d-7020e30e6f49	product-images	98BCE3E9-541A-40BF-9D4F-ADE94E063A25.jpg	\N	2026-03-27 07:45:18.494536+00	2026-03-27 07:45:18.494536+00	2026-03-27 07:45:18.494536+00	{"eTag": "\\"52edeb268d8d220df5f9ab5aa87dad30\\"", "size": 1588416, "mimetype": "image/jpeg", "cacheControl": "no-cache", "lastModified": "2026-03-27T07:45:19.000Z", "contentLength": 1588416, "httpStatusCode": 200}	2b6056ff-96d2-461c-80a7-e93f80ef3cc0	\N	{}
b18671f6-6678-4a16-b66a-286740a019c1	product-images	S__73424911.jpg	\N	2026-03-27 07:45:20.383031+00	2026-03-27 07:45:20.383031+00	2026-03-27 07:45:20.383031+00	{"eTag": "\\"1539e0e0f7e7f302de89e5230d819746\\"", "size": 249233, "mimetype": "image/jpeg", "cacheControl": "no-cache", "lastModified": "2026-03-27T07:45:21.000Z", "contentLength": 249233, "httpStatusCode": 200}	404c3aad-4639-4709-8097-4ae15ab1f8ed	\N	{}
945432d3-2cdf-4106-86c4-53c448ffc1f3	product-images	chief-1@2x.jpg	\N	2026-03-27 07:46:03.304107+00	2026-03-27 07:46:03.304107+00	2026-03-27 07:46:03.304107+00	{"eTag": "\\"df27c53cb0b1569cdc2f89a08088b1fa\\"", "size": 58655, "mimetype": "image/jpeg", "cacheControl": "no-cache", "lastModified": "2026-03-27T07:46:04.000Z", "contentLength": 58655, "httpStatusCode": 200}	7e5db194-13a1-48f1-b059-1c436403b664	\N	{}
b4de0850-e1f4-4f39-a114-d7670c8a0ed5	product-images	S__73424910.jpg	\N	2026-03-27 07:45:21.003221+00	2026-03-27 07:45:21.003221+00	2026-03-27 07:45:21.003221+00	{"eTag": "\\"2329c39ef56e20b022711a7e5d9992b9\\"", "size": 248317, "mimetype": "image/jpeg", "cacheControl": "no-cache", "lastModified": "2026-03-27T07:45:21.000Z", "contentLength": 248317, "httpStatusCode": 200}	97d69611-e8a2-4e7f-83d8-bff44c845e6e	\N	{}
ebe7ac59-33cc-44ba-8c5a-e7e69247b3ae	product-images	IMG_5854.jpeg	\N	2026-03-27 07:45:22.629236+00	2026-03-27 07:45:22.629236+00	2026-03-27 07:45:22.629236+00	{"eTag": "\\"c284e17099350d01a1c9dbc5f4b02590\\"", "size": 2721744, "mimetype": "image/jpeg", "cacheControl": "no-cache", "lastModified": "2026-03-27T07:45:23.000Z", "contentLength": 2721744, "httpStatusCode": 200}	1cfe60be-238f-4230-a9b1-5ce2a7a0bd79	\N	{}
a76bb395-2234-4007-ba72-ba360942df79	product-images	ella-olsson-Pb9aFVR9-Bk-unsplash.jpg	\N	2026-03-27 07:46:03.917444+00	2026-03-27 07:46:03.917444+00	2026-03-27 07:46:03.917444+00	{"eTag": "\\"1f2873b59d9f0261f69f0f1dc62ac895\\"", "size": 221722, "mimetype": "image/jpeg", "cacheControl": "no-cache", "lastModified": "2026-03-27T07:46:04.000Z", "contentLength": 221722, "httpStatusCode": 200}	38c1824f-0eb1-45fd-8e8a-a83585b0eb4e	\N	{}
20eeb032-d09b-4802-ade1-5271fa8d5a42	product-images	logo1.png	\N	2026-03-27 07:45:23.604677+00	2026-03-27 07:45:23.604677+00	2026-03-27 07:45:23.604677+00	{"eTag": "\\"5d73ad6a38ca2d2ebd9771c5f7b248d0\\"", "size": 8862, "mimetype": "image/png", "cacheControl": "no-cache", "lastModified": "2026-03-27T07:45:24.000Z", "contentLength": 8862, "httpStatusCode": 200}	04db1078-9047-42af-bdd7-e8fd8e8f5237	\N	{}
05b8a43e-0aa4-415e-b2bf-15b568e6abb5	product-images	logo3.png	\N	2026-03-27 07:45:23.984813+00	2026-03-27 07:45:23.984813+00	2026-03-27 07:45:23.984813+00	{"eTag": "\\"48ea364bc85632b6a9379abaceb95fd3\\"", "size": 9852, "mimetype": "image/png", "cacheControl": "no-cache", "lastModified": "2026-03-27T07:45:24.000Z", "contentLength": 9852, "httpStatusCode": 200}	22bc6c71-92fa-423f-9606-9cd3d5a69083	\N	{}
dc6dff7a-75da-4c23-b946-aab55fb588c1	product-images	blog-accessories-hero-image-1.webp	\N	2026-03-27 07:45:25.031227+00	2026-03-27 07:45:25.031227+00	2026-03-27 07:45:25.031227+00	{"eTag": "\\"2d12edeb9f2195011542144e8c9e9ad1\\"", "size": 67014, "mimetype": "image/webp", "cacheControl": "no-cache", "lastModified": "2026-03-27T07:45:25.000Z", "contentLength": 67014, "httpStatusCode": 200}	d8c8c2c4-0790-4c97-a822-e09adc12b2c9	\N	{}
7cb9414b-a0e2-4fa4-aaa2-3d091e23c8b7	product-images	star-removebg-preview.webp	\N	2026-03-27 07:45:26.057556+00	2026-03-27 07:45:26.057556+00	2026-03-27 07:45:26.057556+00	{"eTag": "\\"d54dc90a954a0dca3e0b732f4977bbb7\\"", "size": 12380, "mimetype": "image/webp", "cacheControl": "no-cache", "lastModified": "2026-03-27T07:45:27.000Z", "contentLength": 12380, "httpStatusCode": 200}	b260350d-5bbe-4d45-b3ff-991a32e6a8a1	\N	{}
4c90ba9c-e309-459d-98b2-dbe4494a761d	product-images	logo2.png	\N	2026-03-27 07:45:27.848824+00	2026-03-27 07:45:27.848824+00	2026-03-27 07:45:27.848824+00	{"eTag": "\\"bbd37e024da22b32ac1932f57165d1fb\\"", "size": 9235, "mimetype": "image/png", "cacheControl": "no-cache", "lastModified": "2026-03-27T07:45:28.000Z", "contentLength": 9235, "httpStatusCode": 200}	52f8da88-90ba-4fd0-9e83-6da6b4bec55c	\N	{}
fcbf955a-0e84-456e-a4cb-c6a8f72d61e5	product-images	logo6.png	\N	2026-03-27 07:45:28.668649+00	2026-03-27 07:45:28.668649+00	2026-03-27 07:45:28.668649+00	{"eTag": "\\"75c85dd88eb4163eedca97cb9268f76f\\"", "size": 10162, "mimetype": "image/png", "cacheControl": "no-cache", "lastModified": "2026-03-27T07:45:29.000Z", "contentLength": 10162, "httpStatusCode": 200}	8c407599-f2b6-427a-9b68-49429ef53aef	\N	{}
96dc6c5e-de18-4d2c-99ba-42a2ae5bdbda	product-images	wpo_logo_small.png.webp	\N	2026-03-27 07:45:30.415688+00	2026-03-27 07:45:30.415688+00	2026-03-27 07:45:30.415688+00	{"eTag": "\\"01dbb1838480ba9ee374bcc9fbf7f368\\"", "size": 6220, "mimetype": "image/webp", "cacheControl": "no-cache", "lastModified": "2026-03-27T07:45:31.000Z", "contentLength": 6220, "httpStatusCode": 200}	c95f9b89-f122-4257-b618-c147dbca44f6	\N	{}
40deeb2e-f4cb-47ab-b034-70b00b402d6c	product-images	shop-product-4.webp	\N	2026-03-27 07:45:31.070437+00	2026-03-27 07:45:31.070437+00	2026-03-27 07:45:31.070437+00	{"eTag": "\\"852acf58512157ef3988b9f044909b71\\"", "size": 11866, "mimetype": "image/webp", "cacheControl": "no-cache", "lastModified": "2026-03-27T07:45:32.000Z", "contentLength": 11866, "httpStatusCode": 200}	55856f13-40bc-4ac6-8977-b33317adc805	\N	{}
bac1510c-81ed-4f76-8838-cfafa503f187	product-images	home-cta-background-image.webp	\N	2026-03-27 07:45:31.395191+00	2026-03-27 07:45:31.395191+00	2026-03-27 07:45:31.395191+00	{"eTag": "\\"99309a06390a67e994c387d352f88800\\"", "size": 39868, "mimetype": "image/webp", "cacheControl": "no-cache", "lastModified": "2026-03-27T07:45:32.000Z", "contentLength": 39868, "httpStatusCode": 200}	7e67436d-cd44-4113-a693-a71c79591a79	\N	{}
331d890a-fec5-4a40-99a9-25259461a70f	product-images	cat-4@2x.jpg	\N	2026-03-27 07:46:04.991606+00	2026-03-27 07:46:04.991606+00	2026-03-27 07:46:04.991606+00	{"eTag": "\\"532971b3753f51b8b185b524066a74b9\\"", "size": 109470, "mimetype": "image/jpeg", "cacheControl": "no-cache", "lastModified": "2026-03-27T07:46:05.000Z", "contentLength": 109470, "httpStatusCode": 200}	eeeecdbf-6870-40dd-8457-bdda335a1505	\N	{}
38b2f6f4-c7d4-4b29-b02e-7ac490c2bbeb	product-images	S__73424911.jpg.webp	\N	2026-03-27 07:45:32.722482+00	2026-03-27 07:45:32.722482+00	2026-03-27 07:45:32.722482+00	{"eTag": "\\"64406abd6a0e2a008e116823daee5ed5\\"", "size": 87788, "mimetype": "image/webp", "cacheControl": "no-cache", "lastModified": "2026-03-27T07:45:33.000Z", "contentLength": 87788, "httpStatusCode": 200}	e1586d2a-3a93-4b1a-9449-7a30a02dbeed	\N	{}
4a5c72d5-b44c-4cce-9a4a-5ee7a7d583a1	product-images	S__73424910.jpg.webp	\N	2026-03-27 07:45:33.151372+00	2026-03-27 07:45:33.151372+00	2026-03-27 07:45:33.151372+00	{"eTag": "\\"6041d460ee99330c90503c995713978b\\"", "size": 86690, "mimetype": "image/webp", "cacheControl": "no-cache", "lastModified": "2026-03-27T07:45:34.000Z", "contentLength": 86690, "httpStatusCode": 200}	4a2ac750-f415-41cf-b93d-bd6118f7a77a	\N	{}
6b0e1da4-8fa2-4a01-96de-0f1b6e4b8d98	product-images	favicon-e1748069587684.png	\N	2026-03-27 07:46:05.394412+00	2026-03-27 07:46:05.394412+00	2026-03-27 07:46:05.394412+00	{"eTag": "\\"4ae684fecb4fbf3cb4867b9bc6c059e4\\"", "size": 6117, "mimetype": "image/png", "cacheControl": "no-cache", "lastModified": "2026-03-27T07:46:06.000Z", "contentLength": 6117, "httpStatusCode": 200}	e6134bdd-638e-49c2-b2ee-5085ae88c563	\N	{}
7152a91e-44af-4d63-b5be-cb9fc1896b15	product-images	logo5.png	\N	2026-03-27 07:45:35.016865+00	2026-03-27 07:45:35.016865+00	2026-03-27 07:45:35.016865+00	{"eTag": "\\"0d9e4e42b95dfe6e33a5052f29ec8554\\"", "size": 8731, "mimetype": "image/png", "cacheControl": "no-cache", "lastModified": "2026-03-27T07:45:35.000Z", "contentLength": 8731, "httpStatusCode": 200}	a47be52b-05ed-4a13-a4c9-22f3733d29b0	\N	{}
3ff4892f-7102-4ff0-a5ac-4bf6a6f8859c	product-images	grandma-avatar@2x-ra6ebst73azn93ykunmwbokk6kelmeiwbh11f5davs.png	\N	2026-03-27 07:45:35.458812+00	2026-03-27 07:45:35.458812+00	2026-03-27 07:45:35.458812+00	{"eTag": "\\"8efab78b0b54a595ce9bfdb44dae6541\\"", "size": 7503, "mimetype": "image/png", "cacheControl": "no-cache", "lastModified": "2026-03-27T07:45:36.000Z", "contentLength": 7503, "httpStatusCode": 200}	0d5533ae-9aa1-418f-8d09-916a7ee5c6e7	\N	{}
26097c0f-5b2e-46ba-9e8e-69e1407fbcea	product-images	reallightjpeg.webp	\N	2026-03-27 07:46:05.990231+00	2026-03-27 07:46:05.990231+00	2026-03-27 07:46:05.990231+00	{"eTag": "\\"73767ec485499b106c7dc57709d0bb58\\"", "size": 200256, "mimetype": "image/webp", "cacheControl": "no-cache", "lastModified": "2026-03-27T07:46:06.000Z", "contentLength": 200256, "httpStatusCode": 200}	f1ed925c-66cf-4925-a24b-8ff8a5a5d4f4	\N	{}
1866820a-7fc7-4967-8072-857ee6cc8961	product-images	banner.webp	\N	2026-03-27 07:45:35.761257+00	2026-03-27 07:45:35.761257+00	2026-03-27 07:45:35.761257+00	{"eTag": "\\"0b1cbf4c5dff63eb1cf5ee90f2b962c8\\"", "size": 33300, "mimetype": "image/webp", "cacheControl": "no-cache", "lastModified": "2026-03-27T07:45:36.000Z", "contentLength": 33300, "httpStatusCode": 200}	eb36627e-136b-4933-b53d-39b6db58e59a	\N	{}
91a688a5-91f2-4958-85d3-fdb218144e9b	product-images	AdobeStock_122506239.jpeg	\N	2026-03-27 07:45:37.058101+00	2026-03-27 07:45:37.058101+00	2026-03-27 07:45:37.058101+00	{"eTag": "\\"e66d36cbe442cf43fb8553164fde5095-2\\"", "size": 5776213, "mimetype": "image/jpeg", "cacheControl": "no-cache", "lastModified": "2026-03-27T07:45:37.000Z", "contentLength": 5776213, "httpStatusCode": 200}	299b5f6a-ffbc-40d4-88d1-c9bf2e0cc96e	\N	{}
a788c552-6540-4d24-827f-0da6b55f8209	product-images	S__74096656.jpg.webp	\N	2026-03-27 07:45:38.809229+00	2026-03-27 07:45:38.809229+00	2026-03-27 07:45:38.809229+00	{"eTag": "\\"bf4d090e396f403e29a754da39ef5aa5\\"", "size": 86118, "mimetype": "image/webp", "cacheControl": "no-cache", "lastModified": "2026-03-27T07:45:39.000Z", "contentLength": 86118, "httpStatusCode": 200}	cfbbd760-34c3-440f-93ca-f3cd43166f59	\N	{}
2cc1b1a4-602e-4a46-882e-7ad6cb5ce67e	product-images	S__73498773.jpg.webp	\N	2026-03-27 07:45:40.018682+00	2026-03-27 07:45:40.018682+00	2026-03-27 07:45:40.018682+00	{"eTag": "\\"7fdbb558ae52d009409ad29371a6ece1\\"", "size": 115160, "mimetype": "image/webp", "cacheControl": "no-cache", "lastModified": "2026-03-27T07:45:40.000Z", "contentLength": 115160, "httpStatusCode": 200}	8e27896c-8f06-4ff3-9a71-d19f8c9094cd	\N	{}
f3f0c6de-f20e-4d15-b799-564809f72911	product-images	logo4.png	\N	2026-03-27 07:45:40.744595+00	2026-03-27 07:45:40.744595+00	2026-03-27 07:45:40.744595+00	{"eTag": "\\"6079909f2be69e90d071504d9cde8c1a\\"", "size": 9814, "mimetype": "image/png", "cacheControl": "no-cache", "lastModified": "2026-03-27T07:45:41.000Z", "contentLength": 9814, "httpStatusCode": 200}	68e69c9b-6e32-4bb1-abe7-8d550339f749	\N	{}
c4ffc154-59c0-4044-89cd-0cf18274a192	product-images	logo-word.png	\N	2026-03-27 07:45:41.223382+00	2026-03-27 07:45:41.223382+00	2026-03-27 07:45:41.223382+00	{"eTag": "\\"6207cfd250f0696b5914ce154193c1ce\\"", "size": 25732, "mimetype": "image/png", "cacheControl": "no-cache", "lastModified": "2026-03-27T07:45:42.000Z", "contentLength": 25732, "httpStatusCode": 200}	84ba8fd0-d523-41ee-9590-29fa117bc6b2	\N	{}
4beb6137-f774-436b-8307-d6c44489f0d0	product-images	chief-1@2x-rf6s8e7j6ap7kk3trjeu4ii1rvm5k3dxce3bl8gldw.jpg	\N	2026-03-27 07:45:41.886036+00	2026-03-27 07:45:41.886036+00	2026-03-27 07:45:41.886036+00	{"eTag": "\\"ff26e39f789ef9de9d979492ad32a5b3\\"", "size": 12562, "mimetype": "image/jpeg", "cacheControl": "no-cache", "lastModified": "2026-03-27T07:45:42.000Z", "contentLength": 12562, "httpStatusCode": 200}	e2027fc0-9479-4cb1-9d44-31e610dfd96f	\N	{}
3175d6fe-6340-4f0f-9070-6a8ac08dab47	product-images	FCF1A2D1-116B-4048-A859-ECA627D3CFEB.jpg	\N	2026-03-27 07:45:42.509089+00	2026-03-27 07:45:42.509089+00	2026-03-27 07:45:42.509089+00	{"eTag": "\\"b2a64447c40bf6e8d9469d27fb102bf6\\"", "size": 166001, "mimetype": "image/jpeg", "cacheControl": "no-cache", "lastModified": "2026-03-27T07:45:43.000Z", "contentLength": 166001, "httpStatusCode": 200}	c9012b12-2b4e-4477-832f-567fcfb129df	\N	{}
bb7360af-1ba5-4d16-9b9b-386c77f4832a	product-images	shop-product-3.webp	\N	2026-03-27 07:45:44.67861+00	2026-03-27 07:45:44.67861+00	2026-03-27 07:45:44.67861+00	{"eTag": "\\"54dbe437cf401b9d4cfcd3477fb0bd58\\"", "size": 6556, "mimetype": "image/webp", "cacheControl": "no-cache", "lastModified": "2026-03-27T07:45:45.000Z", "contentLength": 6556, "httpStatusCode": 200}	f37d2e55-85d4-446f-aecb-a30e9932e302	\N	{}
600f19f0-983f-45d8-b167-ad3d209bc650	product-images	grandma-avatar@2x.png	\N	2026-03-27 07:46:06.430019+00	2026-03-27 07:46:06.430019+00	2026-03-27 07:46:06.430019+00	{"eTag": "\\"f4ce9721e485d3208b7b84811ae3818d\\"", "size": 8116, "mimetype": "image/png", "cacheControl": "no-cache", "lastModified": "2026-03-27T07:46:07.000Z", "contentLength": 8116, "httpStatusCode": 200}	54e6be80-ed07-490c-83e0-87b839c0e2fb	\N	{}
ac7b2a43-70d8-4b4b-9d09-7732af21e745	product-images	preview_addon.png	\N	2026-03-27 07:45:45.079221+00	2026-03-27 07:45:45.079221+00	2026-03-27 07:45:45.079221+00	{"eTag": "\\"2ce9c5a174ddbc51dd591e56b8f7bec7\\"", "size": 89487, "mimetype": "image/png", "cacheControl": "no-cache", "lastModified": "2026-03-27T07:45:46.000Z", "contentLength": 89487, "httpStatusCode": 200}	641837e7-61df-40a3-931e-3ab97879ba3d	\N	{}
6f72e55b-df70-4822-b311-3017b2e901df	product-images	grandma-avatar@2x-rf6s8e7guyzziclqdlrm3yp5sxm23ra25zdhwkjvbs.png	\N	2026-03-27 07:45:45.762933+00	2026-03-27 07:45:45.762933+00	2026-03-27 07:45:45.762933+00	{"eTag": "\\"8efab78b0b54a595ce9bfdb44dae6541\\"", "size": 7503, "mimetype": "image/png", "cacheControl": "no-cache", "lastModified": "2026-03-27T07:45:46.000Z", "contentLength": 7503, "httpStatusCode": 200}	24703612-e5f5-4fc6-b32d-a8128228fb80	\N	{}
00bcbd48-094c-4171-8d5f-d545b3d52e0e	product-images	dovile-ramoskaite-xX9SmqQCbFY-unsplash.jpg	\N	2026-03-27 07:46:07.048593+00	2026-03-27 07:46:07.048593+00	2026-03-27 07:46:07.048593+00	{"eTag": "\\"3e47db821264ee3b7c0962be6852f84e\\"", "size": 189408, "mimetype": "image/jpeg", "cacheControl": "no-cache", "lastModified": "2026-03-27T07:46:08.000Z", "contentLength": 189408, "httpStatusCode": 200}	346d0f82-fdde-4164-9dbb-85a2255a0e81	\N	{}
1ebc7893-d7c4-480d-87f1-b783098f2021	product-images	product-category-1.webp	\N	2026-03-27 07:45:46.057845+00	2026-03-27 07:45:46.057845+00	2026-03-27 07:45:46.057845+00	{"eTag": "\\"6bfd6e5745b16d5ba8825f060bc4c321\\"", "size": 16248, "mimetype": "image/webp", "cacheControl": "no-cache", "lastModified": "2026-03-27T07:45:47.000Z", "contentLength": 16248, "httpStatusCode": 200}	ef772aeb-e73f-4f1c-8e6c-18d424a2edc6	\N	{}
edcdf6d0-02d9-4019-af92-53968d0a413b	product-images	AdobeStock_365765933.webp	\N	2026-03-27 07:46:07.672305+00	2026-03-27 07:46:07.672305+00	2026-03-27 07:46:07.672305+00	{"eTag": "\\"22ca4b943f6b60d471b3925b5ee4c804\\"", "size": 326094, "mimetype": "image/webp", "cacheControl": "no-cache", "lastModified": "2026-03-27T07:46:08.000Z", "contentLength": 326094, "httpStatusCode": 200}	bb58ad35-0eb8-459d-82e0-8f3c21030e73	\N	{}
6f3fa2af-f237-4a46-b4c4-a6bfa01eba1d	product-images	likemeat-CbNAuxSZTFo-unsplash.jpg	\N	2026-03-27 07:46:08.238737+00	2026-03-27 07:46:08.238737+00	2026-03-27 07:46:08.238737+00	{"eTag": "\\"ebc4b69edfe47b6947eb2621db5f762d\\"", "size": 239017, "mimetype": "image/jpeg", "cacheControl": "no-cache", "lastModified": "2026-03-27T07:46:09.000Z", "contentLength": 239017, "httpStatusCode": 200}	90e48f93-b967-4b3b-82e0-01058b49a6a8	\N	{}
c6b4be38-7fbd-49bc-8656-9ad2ddbc3939	product-images	pexels-pixabay-40784.jpg	\N	2026-03-27 07:46:08.713595+00	2026-03-27 07:46:08.713595+00	2026-03-27 07:46:08.713595+00	{"eTag": "\\"a3ebea1d2023153d95e01fc50ba23612\\"", "size": 262696, "mimetype": "image/jpeg", "cacheControl": "no-cache", "lastModified": "2026-03-27T07:46:09.000Z", "contentLength": 262696, "httpStatusCode": 200}	3bd7cde4-38ed-457c-9457-9b6531c0c16c	\N	{}
9536d961-0933-4ac5-a5c0-784fed91439f	product-images	user-3@2x.png	\N	2026-03-27 07:46:09.090775+00	2026-03-27 07:46:09.090775+00	2026-03-27 07:46:09.090775+00	{"eTag": "\\"1b2c2db30a740d88ab07a6f3be6b3f00\\"", "size": 16294, "mimetype": "image/png", "cacheControl": "no-cache", "lastModified": "2026-03-27T07:46:10.000Z", "contentLength": 16294, "httpStatusCode": 200}	4c0733ff-dbee-44db-936e-a793296bfee2	\N	{}
271f0f13-6164-4677-8e65-538a122d3eaf	product-images	AdobeStock_1543286158.webp	\N	2026-03-27 07:46:09.797596+00	2026-03-27 07:46:09.797596+00	2026-03-27 07:46:09.797596+00	{"eTag": "\\"aa6dd43be52bb0f1fe6f7b8b6b6c3f79\\"", "size": 662938, "mimetype": "image/webp", "cacheControl": "no-cache", "lastModified": "2026-03-27T07:46:10.000Z", "contentLength": 662938, "httpStatusCode": 200}	66fd541c-c294-49c1-8e98-f7e9d8f06f48	\N	{}
5fe599af-297e-45b1-aea6-1ef4d62a2862	product-images	IMG_0881.jpg	\N	2026-03-27 07:46:10.245527+00	2026-03-27 07:46:10.245527+00	2026-03-27 07:46:10.245527+00	{"eTag": "\\"f63219d083ad15fa5c538fa50b05fe81\\"", "size": 121452, "mimetype": "image/jpeg", "cacheControl": "no-cache", "lastModified": "2026-03-27T07:46:11.000Z", "contentLength": 121452, "httpStatusCode": 200}	310513cb-a3ec-4ba8-a7eb-91ab3c72e20e	\N	{}
dbf1d1c0-637c-4f8c-8023-be71602e9717	product-images	farhad-ibrahimzade-D-domDrwOaQ-unsplash.jpg	\N	2026-03-27 07:46:10.805821+00	2026-03-27 07:46:10.805821+00	2026-03-27 07:46:10.805821+00	{"eTag": "\\"6ac38330a220b285b21e0cff52b06fab\\"", "size": 230205, "mimetype": "image/jpeg", "cacheControl": "no-cache", "lastModified": "2026-03-27T07:46:11.000Z", "contentLength": 230205, "httpStatusCode": 200}	0ed17b71-79f7-4ffa-8ebb-0edad3a5911b	\N	{}
d63bd1ae-5ee2-4b3e-941d-0284d2d2f02b	product-images	google-play.png	\N	2026-03-27 07:46:11.15444+00	2026-03-27 07:46:11.15444+00	2026-03-27 07:46:11.15444+00	{"eTag": "\\"ade0ddbfd3e4be45295238234f9b35dc\\"", "size": 3979, "mimetype": "image/png", "cacheControl": "no-cache", "lastModified": "2026-03-27T07:46:12.000Z", "contentLength": 3979, "httpStatusCode": 200}	c6199385-8454-4205-8954-503f32f02ba9	\N	{}
d1e63912-8719-454c-8ecf-e883b6b4f138	product-images	IMG_0564_FIX.jpg	\N	2026-03-27 07:46:13.921681+00	2026-03-27 07:46:13.921681+00	2026-03-27 07:46:13.921681+00	{"eTag": "\\"38269d803b2cf6c4c589c92fbe7c9110\\"", "size": 3293020, "mimetype": "image/jpeg", "cacheControl": "no-cache", "lastModified": "2026-03-27T07:46:14.000Z", "contentLength": 3293020, "httpStatusCode": 200}	509fcbd5-5d1a-4ecc-afd5-6eb3cbd6a7cd	\N	{}
332a09ea-4aa2-4341-94ab-317920d07f31	product-images	pexels-pixabay-40784-1.jpg	\N	2026-03-27 07:46:14.510256+00	2026-03-27 07:46:14.510256+00	2026-03-27 07:46:14.510256+00	{"eTag": "\\"a3ebea1d2023153d95e01fc50ba23612\\"", "size": 262696, "mimetype": "image/jpeg", "cacheControl": "no-cache", "lastModified": "2026-03-27T07:46:15.000Z", "contentLength": 262696, "httpStatusCode": 200}	95ed7bbf-508b-49cc-a99e-9cc4b153e1df	\N	{}
95791fdb-764f-4ca0-97cb-0a502b6c8b79	product-images	video-cover@2x.jpg	\N	2026-03-27 07:46:15.010477+00	2026-03-27 07:46:15.010477+00	2026-03-27 07:46:15.010477+00	{"eTag": "\\"896535bbaaf150f1c3dcfb008facc577\\"", "size": 73489, "mimetype": "image/jpeg", "cacheControl": "no-cache", "lastModified": "2026-03-27T07:46:15.000Z", "contentLength": 73489, "httpStatusCode": 200}	ede51b54-1176-485a-acd8-53902a1eb0c1	\N	{}
4696ed04-2970-448b-924d-9b82550cde56	product-images	app-bg@2x.jpg	\N	2026-03-27 07:46:15.531616+00	2026-03-27 07:46:15.531616+00	2026-03-27 07:46:15.531616+00	{"eTag": "\\"8121da96dfb5d9cf185583a98f85eb08\\"", "size": 152331, "mimetype": "image/jpeg", "cacheControl": "no-cache", "lastModified": "2026-03-27T07:46:16.000Z", "contentLength": 152331, "httpStatusCode": 200}	1f64c31c-b1ba-418e-9f23-6b85301903c4	\N	{}
4a63247f-f986-48b4-ad67-92d448b0b4c0	product-images	user-1@2x.png	\N	2026-03-27 07:46:15.878592+00	2026-03-27 07:46:15.878592+00	2026-03-27 07:46:15.878592+00	{"eTag": "\\"875ab8035916b10bb4e430f875139353\\"", "size": 7178, "mimetype": "image/png", "cacheControl": "no-cache", "lastModified": "2026-03-27T07:46:16.000Z", "contentLength": 7178, "httpStatusCode": 200}	86ee1343-bc0d-4dce-8002-3ceb57db6d21	\N	{}
61823e18-d4c8-4022-b6ff-f307e3f4f4bb	product-images	cat-2@2x.jpg	\N	2026-03-27 07:46:16.461628+00	2026-03-27 07:46:16.461628+00	2026-03-27 07:46:16.461628+00	{"eTag": "\\"3cdba5884cebe77e7174b0a67c3a423c\\"", "size": 81363, "mimetype": "image/jpeg", "cacheControl": "no-cache", "lastModified": "2026-03-27T07:46:17.000Z", "contentLength": 81363, "httpStatusCode": 200}	8ccb16a1-7ca6-4333-85ca-fd43ba5fbe02	\N	{}
67d67ac2-dbe3-427e-9926-b5fcf7ead732	product-images	IMG_0885.jpg	\N	2026-03-27 07:46:17.681214+00	2026-03-27 07:46:17.681214+00	2026-03-27 07:46:17.681214+00	{"eTag": "\\"9d538ca860c804076f8c8dcdf41a6000\\"", "size": 131177, "mimetype": "image/jpeg", "cacheControl": "no-cache", "lastModified": "2026-03-27T07:46:18.000Z", "contentLength": 131177, "httpStatusCode": 200}	5621de93-7378-4c8a-9bd0-1675938406df	\N	{}
41471ee6-8f6b-4340-b838-a8bc790aa89d	product-images	bg-007-mobile.jpg	\N	2026-03-27 07:46:18.029369+00	2026-03-27 07:46:18.029369+00	2026-03-27 07:46:18.029369+00	{"eTag": "\\"41770a9997deec01688671842f280d0a\\"", "size": 58855, "mimetype": "image/jpeg", "cacheControl": "no-cache", "lastModified": "2026-03-27T07:46:18.000Z", "contentLength": 58855, "httpStatusCode": 200}	78cebd47-9794-4f3d-8f23-507c798fcdfe	\N	{}
1d1b8215-346b-4de3-850b-e1b60270e4b2	product-images	favicon.png	\N	2026-03-27 07:46:18.545785+00	2026-03-27 07:46:18.545785+00	2026-03-27 07:46:18.545785+00	{"eTag": "\\"052bb94530d1e9b502e2c950b58a4006\\"", "size": 55674, "mimetype": "image/png", "cacheControl": "no-cache", "lastModified": "2026-03-27T07:46:19.000Z", "contentLength": 55674, "httpStatusCode": 200}	96641764-95f5-4e3d-8298-593c6006cd53	\N	{}
7b94ce83-12f3-4516-8eeb-fa5c3f6e5103	product-images	nick-karvounis-YmyFBvW7oG8-unsplash.jpg	\N	2026-03-27 07:46:19.721092+00	2026-03-27 07:46:19.721092+00	2026-03-27 07:46:19.721092+00	{"eTag": "\\"fd3089dcc9bfb3ed80ff85c20eabefaa\\"", "size": 92072, "mimetype": "image/jpeg", "cacheControl": "no-cache", "lastModified": "2026-03-27T07:46:20.000Z", "contentLength": 92072, "httpStatusCode": 200}	2c3e8155-b4a1-4d99-b8d0-70cce32c0201	\N	{}
82268714-8f81-4192-a62e-ae989152e128	product-images	mobile.png	\N	2026-03-27 07:46:21.219932+00	2026-03-27 07:46:21.219932+00	2026-03-27 07:46:21.219932+00	{"eTag": "\\"3be1e08e28314cb9c3521625a1e860a1\\"", "size": 305560, "mimetype": "image/png", "cacheControl": "no-cache", "lastModified": "2026-03-27T07:46:22.000Z", "contentLength": 305560, "httpStatusCode": 200}	5e915ec5-d417-40cb-a1e4-d4520aaac04c	\N	{}
2120ec1a-9d61-4c04-be5d-86f569f32e90	product-images	chef-big.png	\N	2026-03-27 07:46:21.793776+00	2026-03-27 07:46:21.793776+00	2026-03-27 07:46:21.793776+00	{"eTag": "\\"a860bd3c94c313efafaf7fca6f09e137\\"", "size": 142633, "mimetype": "image/png", "cacheControl": "no-cache", "lastModified": "2026-03-27T07:46:22.000Z", "contentLength": 142633, "httpStatusCode": 200}	4f664b41-51a9-4376-9159-5bd3b614aaee	\N	{}
68dd8f61-0ea2-4536-a0b8-dde4aa9c8a52	product-images	AdobeStock_276642640-1.webp	\N	2026-03-27 07:46:22.926743+00	2026-03-27 07:46:22.926743+00	2026-03-27 07:46:22.926743+00	{"eTag": "\\"206734026ac0d2b7fa75a2256e1e49d6\\"", "size": 1278172, "mimetype": "image/webp", "cacheControl": "no-cache", "lastModified": "2026-03-27T07:46:23.000Z", "contentLength": 1278172, "httpStatusCode": 200}	451d3ba8-7a10-4246-a1b9-f9b09c020a18	\N	{}
e6d05ce2-5c7a-4d0b-a4f0-4cbd25befea5	product-images	S__71041027.jpg	\N	2026-03-27 07:46:23.789353+00	2026-03-27 07:46:23.789353+00	2026-03-27 07:46:23.789353+00	{"eTag": "\\"8c9f67081f5779da2a43f59606766d8a\\"", "size": 148196, "mimetype": "image/jpeg", "cacheControl": "no-cache", "lastModified": "2026-03-27T07:46:24.000Z", "contentLength": 148196, "httpStatusCode": 200}	7a08e042-0d74-4fbe-bd88-5742e3ed3e40	\N	{}
eb68b8d5-889a-4200-8f3c-787e07137714	product-images	app-store.png	\N	2026-03-27 07:46:24.334617+00	2026-03-27 07:46:24.334617+00	2026-03-27 07:46:24.334617+00	{"eTag": "\\"ae2f3f56336f12ed282ffc46e93659ce\\"", "size": 3648, "mimetype": "image/png", "cacheControl": "no-cache", "lastModified": "2026-03-27T07:46:25.000Z", "contentLength": 3648, "httpStatusCode": 200}	621b0865-0c8d-46a3-8383-0b7a57485e5f	\N	{}
65f437ef-c29a-410d-aa75-f9af601eaa3f	product-images	grandma-bg@2x.jpg	\N	2026-03-27 07:46:24.785849+00	2026-03-27 07:46:24.785849+00	2026-03-27 07:46:24.785849+00	{"eTag": "\\"a9ae5e3e6b06afd035910b46798e06f0\\"", "size": 34208, "mimetype": "image/jpeg", "cacheControl": "no-cache", "lastModified": "2026-03-27T07:46:25.000Z", "contentLength": 34208, "httpStatusCode": 200}	7e443d62-53ef-4df3-a317-383a495273e9	\N	{}
7f9e0896-2e65-4357-be11-092fde11c8c0	product-images	bg-007-desktop.jpg	\N	2026-03-27 07:46:25.385334+00	2026-03-27 07:46:25.385334+00	2026-03-27 07:46:25.385334+00	{"eTag": "\\"07b82d4858d1cffcded7546ef60592d9\\"", "size": 88421, "mimetype": "image/jpeg", "cacheControl": "no-cache", "lastModified": "2026-03-27T07:46:26.000Z", "contentLength": 88421, "httpStatusCode": 200}	ad32aef7-f1b6-4334-a778-992309e2bf16	\N	{}
d13d4374-1352-4034-bf3a-bb0764297d16	product-images	cat-1@2x.jpg	\N	2026-03-27 07:46:25.862028+00	2026-03-27 07:46:25.862028+00	2026-03-27 07:46:25.862028+00	{"eTag": "\\"fda06392c93851dc06e9a15789650e3c\\"", "size": 63495, "mimetype": "image/jpeg", "cacheControl": "no-cache", "lastModified": "2026-03-27T07:46:26.000Z", "contentLength": 63495, "httpStatusCode": 200}	b92e58c7-a755-4fed-83dd-ff82e4afe545	\N	{}
5a772dc3-ecaa-4db6-90df-aa1f8c107272	product-images	user-2@2x.png	\N	2026-03-27 07:46:26.311604+00	2026-03-27 07:46:26.311604+00	2026-03-27 07:46:26.311604+00	{"eTag": "\\"482d23b120d10b46aaae255c5aab4720\\"", "size": 16107, "mimetype": "image/png", "cacheControl": "no-cache", "lastModified": "2026-03-27T07:46:27.000Z", "contentLength": 16107, "httpStatusCode": 200}	e0cdf8d9-0ab4-4610-a1a9-bea4d6efff02	\N	{}
c8bf7f13-82e2-44c3-8b62-8d78ada213ac	product-images	AdobeStock_159261406-1.webp	\N	2026-03-27 07:46:26.993667+00	2026-03-27 07:46:26.993667+00	2026-03-27 07:46:26.993667+00	{"eTag": "\\"1efae6500f3960cd015919cd23462b8d\\"", "size": 761722, "mimetype": "image/webp", "cacheControl": "no-cache", "lastModified": "2026-03-27T07:46:27.000Z", "contentLength": 761722, "httpStatusCode": 200}	d124c17c-fad4-4702-88f7-2f39eb5773a3	\N	{}
02e919e1-67ec-4394-bbd5-2945b3cd04b7	product-images	ella-olsson-2IxTgsgFi-s-unsplash.jpg	\N	2026-03-27 07:46:27.593608+00	2026-03-27 07:46:27.593608+00	2026-03-27 07:46:27.593608+00	{"eTag": "\\"da5f33b0277786a3d5fc69ce1b8a969d\\"", "size": 244949, "mimetype": "image/jpeg", "cacheControl": "no-cache", "lastModified": "2026-03-27T07:46:28.000Z", "contentLength": 244949, "httpStatusCode": 200}	5edc8e5c-4898-4c85-81c6-ab9573c1f501	\N	{}
60208679-106f-4050-85c4-4e3643fd8137	product-images	ismael-trevino-3e8ZZWJCFnA-unsplash2.jpg	\N	2026-03-27 07:46:28.09193+00	2026-03-27 07:46:28.09193+00	2026-03-27 07:46:28.09193+00	{"eTag": "\\"da78809d8c71e41dbaec9993216991bd\\"", "size": 155589, "mimetype": "image/jpeg", "cacheControl": "no-cache", "lastModified": "2026-03-27T07:46:29.000Z", "contentLength": 155589, "httpStatusCode": 200}	d08edc57-5695-486d-bab2-8a4805f23ef2	\N	{}
65d631d8-43c6-4550-9d19-985e859995ab	product-images	pexels-froken-fokus-28117-127968.webp	\N	2026-03-27 07:46:28.525128+00	2026-03-27 07:46:28.525128+00	2026-03-27 07:46:28.525128+00	{"eTag": "\\"6390369a4a88bbaa26a180ed74be54ab\\"", "size": 60778, "mimetype": "image/webp", "cacheControl": "no-cache", "lastModified": "2026-03-27T07:46:29.000Z", "contentLength": 60778, "httpStatusCode": 200}	021ad848-fbc7-4d34-ba05-57ed8cc6f463	\N	{}
3bf312c9-dae1-493e-9379-2e3a53deae08	product-images	BG.jpg	\N	2026-03-27 07:46:29.147942+00	2026-03-27 07:46:29.147942+00	2026-03-27 07:46:29.147942+00	{"eTag": "\\"f6a33e5192326ddafab0e83f28eec2f7\\"", "size": 303542, "mimetype": "image/jpeg", "cacheControl": "no-cache", "lastModified": "2026-03-27T07:46:30.000Z", "contentLength": 303542, "httpStatusCode": 200}	f5f0560b-0006-45c0-bd82-6876bebbdada	\N	{}
\.


--
-- Data for Name: s3_multipart_uploads; Type: TABLE DATA; Schema: storage; Owner: supabase_storage_admin
--

COPY storage.s3_multipart_uploads (id, in_progress_size, upload_signature, bucket_id, key, version, owner_id, created_at, user_metadata) FROM stdin;
\.


--
-- Data for Name: s3_multipart_uploads_parts; Type: TABLE DATA; Schema: storage; Owner: supabase_storage_admin
--

COPY storage.s3_multipart_uploads_parts (id, upload_id, size, part_number, bucket_id, key, etag, owner_id, version, created_at) FROM stdin;
\.


--
-- Data for Name: vector_indexes; Type: TABLE DATA; Schema: storage; Owner: supabase_storage_admin
--

COPY storage.vector_indexes (id, name, bucket_id, data_type, dimension, distance_metric, metadata_configuration, created_at, updated_at) FROM stdin;
\.


--
-- Data for Name: secrets; Type: TABLE DATA; Schema: vault; Owner: supabase_admin
--

COPY vault.secrets (id, name, description, secret, key_id, nonce, created_at, updated_at) FROM stdin;
\.


--
-- Name: refresh_tokens_id_seq; Type: SEQUENCE SET; Schema: auth; Owner: supabase_auth_admin
--

SELECT pg_catalog.setval('auth.refresh_tokens_id_seq', 15, true);


--
-- Name: subscription_id_seq; Type: SEQUENCE SET; Schema: realtime; Owner: supabase_admin
--

SELECT pg_catalog.setval('realtime.subscription_id_seq', 1, false);


--
-- PostgreSQL database dump complete
--

\unrestrict MMwtgQUIszLihu9wsCPTJrtKvtFbLrCDHXh125Jc2KaLYbShDUcTHZbMEU3PFaQ

